1651141902.436583135,0,0,0,0,0,0,0,0,0
1651141902.441215011,0,0,0,0,0,0,0,0,0
1651141902.446169802,0,0,0,0,0,0,0,0,0
1651141902.451195323,0,0,0,0,0,0,0,0,0
1651141902.456148553,0,0,0,0,0,0,0,0,0
1651141902.461254907,0,0,0,0,0,0,0,0,0
1651141902.466498710,0,0,0,0,0,0,0,0,0
1651141902.471253918,0,0,0,0,0,0,0,0,0
1651141902.476730429,0,0,0,0,0,0,0,0,0
1651141902.481208294,0,0,0,0,0,0,0,0,0
1651141902.486334492,0,0,0,0,0,0,0,0,0
1651141902.493398294,0,0,0,0,0,0,0,0,0
1651141902.496545638,0,0,0,0,0,0,0,0,0
1651141902.501288711,0,0,0,0,0,0,0,0,0
1651141902.506703659,0,0,0,0,0,0,0,0,0
1651141902.511195118,0,0,0,0,0,0,0,0,0
1651141902.516485379,0,0,0,0,0,0,0,0,0
1651141902.521211837,0,0,0,0,0,0,0,0,0
1651141902.526290900,0,0,0,0,0,0,0,0,0
1651141902.531148400,0,0,0,0,0,0,0,0,0
1651141902.536951161,0,0,0,0,0,0,0,0,0
1651141902.541900432,0,0,0,0,0,0,0,0,0
1651141902.546060953,0,0,0,0,0,0,0,0,0
1651141902.551213297,0,0,0,0,0,0,0,0,0
1651141902.556243662,0,0,0,0,0,0,0,0,0
1651141902.561215277,0,0,0,0,0,0,0,0,0
1651141902.566227569,0,0,0,0,0,0,0,0,0
1651141902.571195381,0,0,0,0,0,0,0,0,0
1651141902.576379705,0,0,0,0,0,0,0,0,0
1651141902.581243246,0,0,0,0,0,0,0,0,0
1651141902.586144601,0,0,0,0,0,0,0,0,0
1651141902.591270695,0,0,0,0,0,0,0,0,0
1651141902.596210643,0,0,0,0,0,0,0,0,0
1651141902.601395539,0,0,0,0,0,0,0,0,0
1651141902.606180383,0,0,0,0,0,0,0,0,0
1651141902.611151633,0,0,0,0,0,0,0,0,0
1651141902.616264134,0,0,0,0,0,0,0,0,0
1651141902.621626217,0,0,0,0,0,0,0,0,0
1651141902.626070696,0,0,0,0,0,0,0,0,0
1651141902.631140853,0,0,0,0,0,0,0,0,0
1651141902.637110332,0,0,0,0,0,0,0,0,0
1651141902.641171374,0,0,0,0,0,0,0,0,0
1651141902.646731062,0,0,0,0,0,0,0,0,0
1651141902.651149708,0,0,0,0,0,0,0,0,0
1651141902.657076740,0,0,0,0,0,0,0,0,0
1651141902.661165177,0,0,0,0,0,0,0,0,0
1651141902.666217834,0,0,0,0,0,0,0,0,0
1651141902.671712626,0,0,0,0,0,0,0,0,0
1651141902.677562209,0,0,0,0,0,0,0,0,0
1651141902.681881793,0,0,0,0,0,0,0,0,0
1651141902.686065126,0,0,0,0,0,0,0,0,0
1651141902.691042106,0,0,0,0,0,0,0,0,0
1651141902.696284346,0,0,0,0,0,0,0,0,0
1651141902.701498513,0,0,0,0,0,0,0,0,0
1651141902.706068982,0,0,0,0,0,0,0,0,0
1651141902.711196430,0,0,0,0,0,0,0,0,0
1651141902.716306586,0,0,0,0,0,0,0,0,0
1651141902.721190180,0,0,0,0,0,0,0,0,0
1651141902.726191222,0,0,0,0,0,0,0,0,0
1651141902.731190806,0,0,0,0,0,0,0,0,0
1651141902.736187056,0,0,0,0,0,0,0,0,0
1651141902.741230025,0,0,0,0,0,0,0,0,0
1651141902.746239296,0,0,0,0,0,0,0,0,0
1651141902.751248619,0,0,0,0,0,0,0,0,0
1651141902.756631432,0,0,0,0,0,0,0,0,0
1651141902.761208516,0,0,0,0,0,0,0,0,0
1651141902.766654193,0,0,0,0,0,0,0,0,0
1651141902.771112526,0,0,0,0,0,0,0,0,0
1651141902.776228881,0,0,0,0,0,0,0,0,0
1651141902.781280027,0,0,0,0,0,0,0,0,0
1651141902.786160079,0,0,0,0,0,0,0,0,0
1651141902.791177527,0,0,0,0,0,0,0,0,0
1651141902.796235184,0,0,0,0,0,0,0,0,0
1651141902.801479247,0,0,0,0,0,0,0,0,0
1651141902.806138674,0,0,0,0,0,0,0,0,0
1651141902.811023570,0,0,0,0,0,0,0,0,0
1651141902.816228101,0,0,0,0,0,0,0,0,0
1651141902.821160498,0,0,0,0,0,0,0,0,0
1651141902.826117321,0,0,0,0,0,0,0,0,0
1651141902.831053467,0,0,0,0,0,0,0,0,0
1651141902.836298259,0,0,0,0,0,0,0,0,0
1651141902.841160134,0,0,0,0,0,0,0,0,0
1651141902.846301228,0,0,0,0,0,0,0,0,0
1651141902.851042947,0,0,0,0,0,0,0,0,0
1651141902.856331541,0,0,0,0,0,0,0,0,0
1651141902.861647010,0,0,0,0,0,0,0,0,0
1651141902.866335396,0,0,0,0,0,0,0,0,0
1651141902.871560031,0,0,0,0,0,0,0,0,0
1651141902.876163990,0,0,0,0,0,0,0,0,0
1651141902.881201542,0,0,0,0,0,0,0,0,0
1651141902.886185292,0,0,0,0,0,0,0,0,0
1651141902.890969407,0,0,0,0,0,0,0,0,0
1651141902.896313730,0,0,0,0,0,0,0,0,0
1651141902.901293366,0,0,0,0,0,0,0,0,0
1651141902.906227585,0,0,0,0,0,0,0,0,0
1651141902.911134044,0,0,0,0,0,0,0,0,0
1651141902.916274981,0,0,0,0,0,0,0,0,0
1651141902.921216804,0,0,0,0,0,0,0,0,0
1651141902.926302586,0,0,0,0,0,0,0,0,0
1651141902.931135503,0,0,0,0,0,0,0,0,0
1651141902.936112274,0,0,0,0,0,0,0,0,0
1651141902.941661076,0,0,0,0,0,0,0,0,0
1651141902.946152483,0,0,0,0,0,0,0,0,0
1651141902.951299983,0,0,0,0,0,0,0,0,0
1651141902.956227223,0,0,0,0,0,0,0,0,0
1651141902.961260921,0,0,0,0,0,0,0,0,0
1651141902.966141077,0,0,0,0,0,0,0,0,0
1651141902.971230453,0,0,0,0,0,0,0,0,0
1651141902.976333995,0,0,0,0,0,0,0,0,0
1651141902.981210609,0,0,0,0,0,0,0,0,0
1651141902.986225037,0,0,0,0,0,0,0,0,0
1651141902.991158943,0,0,0,0,0,0,0,0,0
1651141902.996158058,0,0,0,0,0,0,0,0,0
1651141903.001302433,0,0,0,0,0,0,0,0,0
1651141903.006136704,0,0,0,0,0,0,0,0,0
1651141903.011181080,0,0,0,0,0,0,0,0,0
1651141903.016258736,0,0,0,0,0,0,0,0,0
1651141903.021320091,0,0,0,0,0,0,0,0,0
1651141903.026149362,0,0,0,0,0,0,0,0,0
1651141903.031008581,0,0,0,0,0,0,0,0,0
1651141903.036363737,0,0,0,0,0,0,0,0,0
1651141903.041284675,0,0,0,0,0,0,0,0,0
1651141903.046445925,0,0,0,0,0,0,0,0,0
1651141903.051835665,0,0,0,0,0,0,0,0,0
1651141903.056492488,0,0,0,0,0,0,0,0,0
1651141903.061226290,0,0,0,0,0,0,0,0,0
1651141903.066371447,0,0,0,0,0,0,0,0,0
1651141903.071537437,0,0,0,0,0,0,0,0,0
1651141903.076520197,0,0,0,0,0,0,0,0,0
1651141903.081228427,0,0,0,0,0,0,0,0,0
1651141903.086114469,0,0,0,0,0,0,0,0,0
1651141903.091195459,0,0,0,0,0,0,0,0,0
1651141903.096262282,0,0,0,0,0,0,0,0,0
1651141903.101251865,0,0,0,0,0,0,0,0,0
1651141903.105980772,0,0,0,0,0,0,0,0,0
1651141903.111165980,0,0,0,0,0,0,0,0,0
1651141903.116364106,0,0,0,0,0,0,0,0,0
1651141903.121354418,0,0,0,0,0,0,0,0,0
1651141903.126163794,0,0,0,0,0,0,0,0,0
1651141903.131065200,0,0,0,0,0,0,0,0,0
1651141903.136130721,0,0,0,0,0,0,0,0,0
1651141903.141273221,0,0,0,0,0,0,0,0,0
1651141903.146212649,0,0,0,0,0,0,0,0,0
1651141903.151140201,0,0,0,0,0,0,0,0,0
1651141903.156339785,0,0,0,0,0,0,0,0,0
1651141903.161305462,0,0,0,0,0,0,0,0,0
1651141903.166244160,0,0,0,0,0,0,0,0,0
1651141903.171134942,0,0,0,0,0,0,0,0,0
1651141903.177088484,0,0,0,0,0,0,0,0,0
1651141903.181332598,0,0,0,0,0,0,0,0,0
1651141903.186151297,0,0,0,0,0,0,0,0,0
1651141903.191132443,0,0,0,0,0,0,0,0,0
1651141903.196669370,0,0,0,0,0,0,0,0,0
1651141903.201341818,0,0,0,0,0,0,0,0,0
1651141903.206148068,0,0,0,0,0,0,0,0,0
1651141903.211233798,0,0,0,0,0,0,0,0,0
1651141903.216267809,0,0,0,0,0,0,0,0,0
1651141903.221644632,0,0,0,0,0,0,0,0,0
1651141903.226181819,0,0,0,0,0,0,0,0,0
1651141903.231277080,0,0,0,0,0,0,0,0,0
1651141903.236213434,0,0,0,0,0,0,0,0,0
1651141903.241198956,0,0,0,0,0,0,0,0,0
1651141903.246266456,0,0,0,0,0,0,0,0,0
1651141903.251340935,0,0,0,0,0,0,0,0,0
1651141903.256612654,0,0,0,0,0,0,0,0,0
1651141903.261227654,0,0,0,0,0,0,0,0,0
1651141903.266090884,0,0,0,0,0,0,0,0,0
1651141903.271019686,0,0,0,0,0,0,0,0,0
1651141903.276179061,0,0,0,0,0,0,0,0,0
1651141903.281308697,0,0,0,0,0,0,0,0,0
1651141903.286149374,0,0,0,0,0,0,0,0,0
1651141903.291155937,0,0,0,0,0,0,0,0,0
1651141903.296681823,0,0,0,0,0,0,0,0,0
1651141903.301584792,0,0,0,0,0,0,0,0,0
1651141903.306020625,0,0,0,0,0,0,0,0,0
1651141903.311158490,0,0,0,0,0,0,0,0,0
1651141903.316266511,0,0,0,0,0,0,0,0,0
1651141903.321439637,0,0,0,0,0,0,0,0,0
1651141903.326326043,0,0,0,0,0,0,0,0,0
1651141903.331160158,0,0,0,0,0,0,0,0,0
1651141903.336120262,0,0,0,0,0,0,0,0,0
1651141903.341276200,0,0,0,0,0,0,0,0,0
1651141903.346168596,0,0,0,0,0,0,0,0,0
1651141903.351193857,0,0,0,0,0,0,0,0,0
1651141903.356600107,0,0,0,0,0,0,0,0,0
1651141903.361211409,0,0,0,0,0,0,0,0,0
1651141903.366155368,0,0,0,0,0,0,0,0,0
1651141903.371145264,0,0,0,0,0,0,0,0,0
1651141903.376251618,0,0,0,0,0,0,0,0,0
1651141903.381719067,0,0,0,0,0,0,0,0,0
1651141903.386110577,0,0,0,0,0,0,0,0,0
1651141903.391132869,0,0,0,0,0,0,0,0,0
1651141903.396828807,0,0,0,0,0,0,0,0,0
1651141903.401396620,0,0,0,0,0,0,0,0,0
1651141903.406225110,0,0,0,0,0,0,0,0,0
1651141903.411168599,0,0,0,0,0,0,0,0,0
1651141903.416306464,0,0,0,0,0,0,0,0,0
1651141903.421225787,0,0,0,0,0,0,0,0,0
1651141903.426152194,0,0,0,0,0,0,0,0,0
1651141903.431274955,0,0,0,0,0,0,0,0,0
1651141903.436352819,0,0,0,0,0,0,0,0,0
1651141903.441511205,0,0,0,0,0,0,0,0,0
1651141903.446158705,0,0,0,0,0,0,0,0,0
1651141903.451328341,0,0,0,0,0,0,0,0,0
1651141903.456590425,0,0,0,0,0,0,0,0,0
1651141903.461212248,0,0,0,0,0,0,0,0,0
1651141903.466112144,0,0,0,0,0,0,0,0,0
1651141903.471218029,0,0,0,0,0,0,0,0,0
1651141903.476209019,0,0,0,0,0,0,0,0,0
1651141903.481207926,0,0,0,0,0,0,0,0,0
1651141903.486589176,0,0,0,0,0,0,0,0,0
1651141903.491963499,0,0,0,0,0,0,0,0,0
1651141903.496489541,0,0,0,0,0,0,0,0,0
1651141903.501203968,0,0,0,0,0,0,0,0,0
1651141903.506122354,0,0,0,0,0,0,0,0,0
1651141903.511220427,0,0,0,0,0,0,0,0,0
1651141903.516196990,0,0,0,0,0,0,0,0,0
1651141903.521309334,0,0,0,0,0,0,0,0,0
1651141903.526033240,0,0,0,0,0,0,0,0,0
1651141903.531388709,0,0,0,0,0,0,0,0,0
1651141903.536568918,0,0,0,0,0,0,0,0,0
1651141903.541149022,0,0,0,0,0,0,0,0,0
1651141903.546084335,0,0,0,0,0,0,0,0,0
1651141903.551220117,0,0,0,0,0,0,0,0,0
1651141903.556437773,0,0,0,0,0,0,0,0,0
1651141903.561210430,0,0,0,0,0,0,0,0,0
1651141903.566247565,0,0,0,0,0,0,0,0,0
1651141903.571187774,0,0,0,0,0,0,0,0,0
1651141903.576812878,0,0,0,0,0,0,0,0,0
1651141903.581230483,0,0,0,0,0,0,0,0,0
1651141903.586153400,0,0,0,0,0,0,0,0,0
1651141903.591839962,0,0,0,0,0,0,0,0,0
1651141903.596178088,0,0,0,0,0,0,0,0,0
1651141903.601435848,0,0,0,0,0,0,0,0,0
1651141903.606652203,0,0,0,0,0,0,0,0,0
1651141903.611190484,0,0,0,0,0,0,0,0,0
1651141903.616224807,0,0,0,0,0,0,0,0,0
1651141903.621318922,0,0,0,0,0,0,0,0,0
1651141903.626214131,0,0,0,0,0,0,0,0,0
1651141903.631936475,0,0,0,0,0,0,0,0,0
1651141903.636155121,0,0,0,0,0,0,0,0,0
1651141903.641453559,0,0,0,0,0,0,0,0,0
1651141903.646200590,0,0,0,0,0,0,0,0,0
1651141903.651595122,0,0,0,0,0,0,0,0,0
1651141903.656293143,0,0,0,0,0,0,0,0,0
1651141903.661315851,0,0,0,0,0,0,0,0,0
1651141903.666710799,0,0,0,0,0,0,0,0,0
1651141903.671273091,0,0,0,0,0,0,0,0,0
1651141903.676400748,0,0,0,0,0,0,0,0,0
1651141903.681327363,0,0,0,0,0,0,0,0,0
1651141903.686163405,0,0,0,0,0,0,0,0,0
1651141903.692740801,0,0,0,0,0,0,0,0,0
1651141903.696239916,0,0,0,0,0,0,0,0,0
1651141903.701274812,0,0,0,0,0,0,0,0,0
1651141903.706601791,0,0,0,0,0,0,0,0,0
1651141903.711157937,0,0,0,0,0,0,0,0,0
1651141903.716325385,0,0,0,0,0,0,0,0,0
1651141903.721705594,0,0,0,0,0,0,0,0,0
1651141903.726201792,0,0,0,0,0,0,0,0,0
1651141903.731113355,0,0,0,0,0,0,0,0,0
1651141903.736335178,0,0,0,0,0,0,0,0,0
1651141903.741665543,0,0,0,0,0,0,0,0,0
1651141903.746144918,0,0,0,0,0,0,0,0,0
1651141903.751115127,0,0,0,0,0,0,0,0,0
1651141903.756263616,0,0,0,0,0,0,0,0,0
1651141903.761197940,0,0,0,0,0,0,0,0,0
1651141903.766218825,0,0,0,0,0,0,0,0,0
1651141903.771589659,0,0,0,0,0,0,0,0,0
1651141903.776220857,0,0,0,0,0,0,0,0,0
1651141903.781257576,0,0,0,0,0,0,0,0,0
1651141903.786261743,0,0,0,0,0,0,0,0,0
1651141903.791141222,0,0,0,0,0,0,0,0,0
1651141903.796232264,0,0,0,0,0,0,0,0,0
1651141903.801251171,0,0,0,0,0,0,0,0,0
1651141903.806165233,0,0,0,0,0,0,0,0,0
1651141903.811111900,0,0,0,0,0,0,0,0,0
1651141903.816741171,0,0,0,0,0,0,0,0,0
1651141903.821299297,0,0,0,0,0,0,0,0,0
1651141903.826114401,0,0,0,0,0,0,0,0,0
1651141903.831720495,0,0,0,0,0,0,0,0,0
1651141903.836190027,0,0,0,0,0,0,0,0,0
1651141903.841393777,0,0,0,0,0,0,0,0,0
1651141903.846123673,0,0,0,0,0,0,0,0,0
1651141903.851160756,0,0,0,0,0,0,0,0,0
1651141903.856149975,0,0,0,0,0,0,0,0,0
1651141903.861189142,0,0,0,0,0,0,0,0,0
1651141903.866550236,0,0,0,0,0,0,0,0,0
1651141903.871213153,0,0,0,0,0,0,0,0,0
1651141903.876249820,0,0,0,0,0,0,0,0,0
1651141903.881223362,0,0,0,0,0,0,0,0,0
1651141903.886098362,0,0,0,0,0,0,0,0,0
1651141903.891070290,0,0,0,0,0,0,0,0,0
1651141903.896656384,0,0,0,0,0,0,0,0,0
1651141903.901256905,0,0,0,0,0,0,0,0,0
1651141903.906214093,0,0,0,0,0,0,0,0,0
1651141903.911798468,0,0,0,0,0,0,0,0,0
1651141903.916167687,0,0,0,0,0,0,0,0,0
1651141903.921128625,0,0,0,0,0,0,0,0,0
1651141903.926152323,0,0,0,0,0,0,0,0,0
1651141903.931166802,0,0,0,0,0,0,0,0,0
1651141903.936289875,0,0,0,0,0,0,0,0,0
1651141903.941267376,0,0,0,0,0,0,0,0,0
1651141903.946094199,0,0,0,0,0,0,0,0,0
1651141903.951171230,0,0,0,0,0,0,0,0,0
1651141903.956160293,0,0,0,0,0,0,0,0,0
1651141903.961267897,0,0,0,0,0,0,0,0,0
1651141903.966199929,0,0,0,0,0,0,0,0,0
1651141903.971098887,0,0,0,0,0,0,0,0,0
1651141903.976284877,0,0,0,0,0,0,0,0,0
1651141903.981428575,0,0,0,0,0,0,0,0,0
1651141903.986471232,0,0,0,0,0,0,0,0,0
1651141903.991229097,0,0,0,0,0,0,0,0,0
1651141903.996246389,0,0,0,0,0,0,0,0,0
1651141904.001279253,0,0,0,0,0,0,0,0,0
1651141904.006584722,0,0,0,0,0,0,0,0,0
1651141904.011425400,0,0,0,0,0,0,0,0,0
1651141904.016636181,0,0,0,0,0,0,0,0,0
1651141904.021382119,0,0,0,0,0,0,0,0,0
1651141904.026666807,0,0,0,0,0,0,0,0,0
1651141904.031264672,0,0,0,0,0,0,0,0,0
1651141904.036585141,0,0,0,0,0,0,0,0,0
1651141904.041312381,0,0,0,0,0,0,0,0,0
1651141904.046105870,0,0,0,0,0,0,0,0,0
1651141904.051229516,0,0,0,0,0,0,0,0,0
1651141904.056219725,0,0,0,0,0,0,0,0,0
1651141904.061195142,0,0,0,0,0,0,0,0,0
1651141904.066203163,0,0,0,0,0,0,0,0,0
1651141904.071228424,0,0,0,0,0,0,0,0,0
1651141904.076709257,0,0,0,0,0,0,0,0,0
1651141904.081783945,0,0,0,0,0,0,0,0,0
1651141904.086563320,0,0,0,0,0,0,0,0,0
1651141904.093670039,0,0,0,0,0,0,0,0,0
1651141904.096547435,0,0,0,0,0,0,0,0,0
1651141904.101376446,0,0,0,0,0,0,0,0,0
1651141904.106141030,0,0,0,0,0,0,0,0,0
1651141904.111261499,0,0,0,0,0,0,0,0,0
1651141904.116249572,0,0,0,0,0,0,0,0,0
1651141904.121222697,0,0,0,0,0,0,0,0,0
1651141904.126233687,0,0,0,0,0,0,0,0,0
1651141904.131121864,0,0,0,0,0,0,0,0,0
1651141904.136259000,0,0,0,0,0,0,0,0,0
1651141904.141265458,0,0,0,0,0,0,0,0,0
1651141904.146213584,0,0,0,0,0,0,0,0,0
1651141904.151304209,0,0,0,0,0,0,0,0,0
1651141904.156193688,0,0,0,0,0,0,0,0,0
1651141904.161232387,0,0,0,0,0,0,0,0,0
1651141904.166214001,0,0,0,0,0,0,0,0,0
1651141904.171161814,0,0,0,0,0,0,0,0,0
1651141904.176266398,0,0,0,0,0,0,0,0,0
1651141904.181814315,0,0,0,0,0,0,0,0,0
1651141904.186185929,0,0,0,0,0,0,0,0,0
1651141904.191241138,0,0,0,0,0,0,0,0,0
1651141904.197237128,0,0,0,0,0,0,0,0,0
1651141904.201216659,0,0,0,0,0,0,0,0,0
1651141904.206184993,0,0,0,0,0,0,0,0,0
1651141904.211412389,0,0,0,0,0,0,0,0,0
1651141904.216162650,0,0,0,0,0,0,0,0,0
1651141904.221341504,0,0,0,0,0,0,0,0,0
1651141904.226031869,0,0,0,0,0,0,0,0,0
1651141904.231112338,0,0,0,0,0,0,0,0,0
1651141904.236622807,0,0,0,0,0,0,0,0,0
1651141904.241553328,0,0,0,0,0,0,0,0,0
1651141904.246812651,0,0,0,0,0,0,0,0,0
1651141904.251143745,0,0,0,0,0,0,0,0,0
1651141904.256292235,0,0,0,0,0,0,0,0,0
1651141904.261219944,0,0,0,0,0,0,0,0,0
1651141904.266115517,0,0,0,0,0,0,0,0,0
1651141904.271142392,0,0,0,0,0,0,0,0,0
1651141904.276285153,0,0,0,0,0,0,0,0,0
1651141904.281343799,0,0,0,0,0,0,0,0,0
1651141904.286449320,0,0,0,0,0,0,0,0,0
1651141904.291145831,0,0,0,0,0,0,0,0,0
1651141904.296787029,0,0,0,0,0,0,0,0,0
1651141904.301283539,0,0,0,0,0,0,0,0,0
1651141904.306140415,0,0,0,0,0,0,0,0,0
1651141904.311340155,0,0,0,0,0,0,0,0,0
1651141904.316322811,0,0,0,0,0,0,0,0,0
1651141904.321289113,0,0,0,0,0,0,0,0,0
1651141904.326071509,0,0,0,0,0,0,0,0,0
1651141904.331222499,0,0,0,0,0,0,0,0,0
1651141904.336185572,0,0,0,0,0,0,0,0,0
1651141904.341266979,0,0,0,0,0,0,0,0,0
1651141904.346549375,0,0,0,0,0,0,0,0,0
1651141904.351244323,0,0,0,0,0,0,0,0,0
1651141904.357025574,0,0,0,0,0,0,0,0,0
1651141904.361152865,0,0,0,0,0,0,0,0,0
1651141904.366674324,0,0,0,0,0,0,0,0,0
1651141904.371538647,0,0,0,0,0,0,0,0,0
1651141904.376239585,0,0,0,0,0,0,0,0,0
1651141904.381375314,0,0,0,0,0,0,0,0,0
1651141904.386402815,0,0,0,0,0,0,0,0,0
1651141904.391222659,0,0,0,0,0,0,0,0,0
1651141904.396274482,0,0,0,0,0,0,0,0,0
1651141904.401245732,0,0,0,0,0,0,0,0,0
1651141904.406590107,0,0,0,0,0,0,0,0,0
1651141904.411365316,0,0,0,0,0,0,0,0,0
1651141904.416680004,0,0,0,0,0,0,0,0,0
1651141904.421208181,0,0,0,0,0,0,0,0,0
1651141904.426671983,0,0,0,0,0,0,0,0,0
1651141904.431218859,0,0,0,0,0,0,0,0,0
1651141904.436225786,0,0,0,0,0,0,0,0,0
1651141904.441287661,0,0,0,0,0,0,0,0,0
1651141904.446104224,0,0,0,0,0,0,0,0,0
1651141904.451077818,0,0,0,0,0,0,0,0,0
1651141904.456225891,0,0,0,0,0,0,0,0,0
1651141904.461336048,0,0,0,0,0,0,0,0,0
1651141904.466151777,0,0,0,0,0,0,0,0,0
1651141904.471065371,0,0,0,0,0,0,0,0,0
1651141904.476289955,0,0,0,0,0,0,0,0,0
1651141904.481355736,0,0,0,0,0,0,0,0,0
1651141904.486706361,0,0,0,0,0,0,0,0,0
1651141904.491726049,0,0,0,0,0,0,0,0,0
1651141904.496165216,0,0,0,0,0,0,0,0,0
1651141904.501408758,0,0,0,0,0,0,0,0,0
1651141904.506520842,0,0,0,0,0,0,0,0,0
1651141904.511111675,0,0,0,0,0,0,0,0,0
1651141904.516304488,0,0,0,0,0,0,0,0,0
1651141904.521260790,0,0,0,0,0,0,0,0,0
1651141904.526067301,0,0,0,0,0,0,0,0,0
1651141904.531740843,0,0,0,0,0,0,0,0,0
1651141904.536238708,0,0,0,0,0,0,0,0,0
1651141904.541973239,0,0,0,0,0,0,0,0,0
1651141904.546310739,0,0,0,0,0,0,0,0,0
1651141904.551146521,0,0,0,0,0,0,0,0,0
1651141904.556104386,0,0,0,0,0,0,0,0,0
1651141904.561924021,0,0,0,0,0,0,0,0,0
1651141904.566229907,0,0,0,0,0,0,0,0,0
1651141904.571150636,0,0,0,0,0,0,0,0,0
1651141904.577170272,0,0,0,0,0,0,0,0,0
1651141904.581228658,0,0,0,0,0,0,0,0,0
1651141904.586204960,0,0,0,0,0,0,0,0,0
1651141904.591244023,0,0,0,0,0,0,0,0,0
1651141904.596288294,0,0,0,0,0,0,0,0,0
1651141904.601690117,0,0,0,0,0,0,0,0,0
1651141904.606198763,0,0,0,0,0,0,0,0,0
1651141904.611117566,0,0,0,0,0,0,0,0,0
1651141904.616230847,0,0,0,0,0,0,0,0,0
1651141904.621356733,0,0,0,0,0,0,0,0,0
1651141904.626533452,0,0,0,0,0,0,0,0,0
1651141904.631165952,0,0,0,0,0,0,0,0,0
1651141904.636283244,0,0,0,0,0,0,0,0,0
1651141904.641314807,0,0,0,0,0,0,0,0,0
1651141904.646197307,0,0,0,0,0,0,0,0,0
1651141904.651397672,0,0,0,0,0,0,0,0,0
1651141904.656169964,0,0,0,0,0,0,0,0,0
1651141904.661287308,0,0,0,0,0,0,0,0,0
1651141904.666476475,0,0,0,0,0,0,0,0,0
1651141904.671781735,0,0,0,0,0,0,0,0,0
1651141904.676658558,0,0,0,0,0,0,0,0,0
1651141904.681113663,0,0,0,0,0,0,0,0,0
1651141904.686186059,0,0,0,0,0,0,0,0,0
1651141904.691162465,0,0,0,0,0,0,0,0,0
1651141904.696348299,0,0,0,0,0,0,0,0,0
1651141904.701993403,0,0,0,0,0,0,0,0,0
1651141904.706191789,0,0,0,0,0,0,0,0,0
1651141904.712234081,0,0,0,0,0,0,0,0,0
1651141904.716109029,0,0,0,0,0,0,0,0,0
1651141904.721829238,0,0,0,0,0,0,0,0,0
1651141904.726230488,0,0,0,0,0,0,0,0,0
1651141904.731149030,0,0,0,0,0,0,0,0,0
1651141904.736981114,0,0,0,0,0,0,0,0,0
1651141904.741288978,0,0,0,0,0,0,0,0,0
1651141904.746118614,0,0,0,0,0,0,0,0,0
1651141904.751105177,0,0,0,0,0,0,0,0,0
1651141904.756274500,0,0,0,0,0,0,0,0,0
1651141904.761271271,0,0,0,0,0,0,0,0,0
1651141904.766892000,0,0,0,0,0,0,0,0,0
1651141904.771465647,0,0,0,0,0,0,0,0,0
1651141904.776142574,0,0,0,0,0,0,0,0,0
1651141904.781255699,0,0,0,0,0,0,0,0,0
1651141904.786234241,0,0,0,0,0,0,0,0,0
1651141904.791737835,0,0,0,0,0,0,0,0,0
1651141904.796126898,0,0,0,0,0,0,0,0,0
1651141904.801681638,0,0,0,0,0,0,0,0,0
1651141904.806100752,0,0,0,0,0,0,0,0,0
1651141904.811283565,0,0,0,0,0,0,0,0,0
1651141904.816298149,0,0,0,0,0,0,0,0,0
1651141904.821209659,0,0,0,0,0,0,0,0,0
1651141904.826147941,0,0,0,0,0,0,0,0,0
1651141904.831876170,0,0,0,0,0,0,0,0,0
1651141904.836349452,0,0,0,0,0,0,0,0,0
1651141904.841213827,0,0,0,0,0,0,0,0,0
1651141904.846303254,0,0,0,0,0,0,0,0,0
1651141904.851196692,0,0,0,0,0,0,0,0,0
1651141904.856258932,0,0,0,0,0,0,0,0,0
1651141904.861716016,0,0,0,0,0,0,0,0,0
1651141904.866460912,0,0,0,0,0,0,0,0,0
1651141904.871175704,0,0,0,0,0,0,0,0,0
1651141904.876205444,0,0,0,0,0,0,0,0,0
1651141904.881253621,0,0,0,0,0,0,0,0,0
1651141904.886220496,0,0,0,0,0,0,0,0,0
1651141904.891060184,0,0,0,0,0,0,0,0,0
1651141904.896215445,0,0,0,0,0,0,0,0,0
1651141904.901192580,0,0,0,0,0,0,0,0,0
1651141904.906182216,0,0,0,0,0,0,0,0,0
1651141904.911117945,0,0,0,0,0,0,0,0,0
1651141904.916809977,0,0,0,0,0,0,0,0,0
1651141904.921353467,0,0,0,0,0,0,0,0,0
1651141904.926239040,0,0,0,0,0,0,0,0,0
1651141904.931049561,0,0,0,0,0,0,0,0,0
1651141904.936469144,0,0,0,0,0,0,0,0,0
1651141904.941250811,0,0,0,0,0,0,0,0,0
1651141904.946212322,0,0,0,0,0,0,0,0,0
1651141904.951293572,0,0,0,0,0,0,0,0,0
1651141904.956288989,0,0,0,0,0,0,0,0,0
1651141904.961266542,0,0,0,0,0,0,0,0,0
1651141904.966502115,0,0,0,0,0,0,0,0,0
1651141904.971133677,0,0,0,0,0,0,0,0,0
1651141904.976746490,0,0,0,0,0,0,0,0,0
1651141904.981317636,0,0,0,0,0,0,0,0,0
1651141904.986528366,0,0,0,0,0,0,0,0,0
1651141904.991561283,0,0,0,0,0,0,0,0,0
1651141904.996058835,0,0,0,0,0,0,0,0,0
1651141905.001138106,0,0,0,0,0,0,0,0,0
1651141905.006197481,0,0,0,0,0,0,0,0,0
1651141905.011254773,0,0,0,0,0,0,0,0,0
1651141905.016708419,0,0,0,0,0,0,0,0,0
1651141905.021346024,0,0,0,0,0,0,0,0,0
1651141905.026139409,0,0,0,0,0,0,0,0,0
1651141905.031122222,0,0,0,0,0,0,0,0,0
1651141905.036249202,0,0,0,0,0,0,0,0,0
1651141905.041332275,0,0,0,0,0,0,0,0,0
1651141905.046330192,0,0,0,0,0,0,0,0,0
1651141905.051230088,0,0,0,0,0,0,0,0,0
1651141905.056226442,0,0,0,0,0,0,0,0,0
1651141905.061511755,0,0,0,0,0,0,0,0,0
1651141905.066084672,0,0,0,0,0,0,0,0,0
1651141905.071905245,0,0,0,0,0,0,0,0,0
1651141905.076422797,0,0,0,0,0,0,0,0,0
1651141905.081195975,0,0,0,0,0,0,0,0,0
1651141905.086270923,0,0,0,0,0,0,0,0,0
1651141905.091166496,0,0,0,0,0,0,0,0,0
1651141905.096237642,0,0,0,0,0,0,0,0,0
1651141905.101218163,0,0,0,0,0,0,0,0,0
1651141905.106748320,0,0,0,0,0,0,0,0,0
1651141905.111234101,0,0,0,0,0,0,0,0,0
1651141905.116653841,0,0,0,0,0,0,0,0,0
1651141905.121413894,0,0,0,0,0,0,0,0,0
1651141905.126058738,0,0,0,0,0,0,0,0,0
1651141905.131525561,0,0,0,0,0,0,0,0,0
1651141905.136212488,0,0,0,0,0,0,0,0,0
1651141905.141469988,0,0,0,0,0,0,0,0,0
1651141905.146200874,0,0,0,0,0,0,0,0,0
1651141905.151129624,0,0,0,0,0,0,0,0,0
1651141905.156663322,0,0,0,0,0,0,0,0,0
1651141905.161725094,0,0,0,0,0,0,0,0,0
1651141905.166137802,0,0,0,0,0,0,0,0,0
1651141905.171173792,0,0,0,0,0,0,0,0,0
1651141905.175317855,0,0,0,0,0,0,0,0,0
1651141905.180316917,0,0,0,0,0,0,0,0,0
1651141905.185214366,0,0,0,0,0,0,0,0,0
1651141905.190333480,0,0,0,0,0,0,0,0,0
1651141905.195256241,0,0,0,0,0,0,0,0,0
1651141905.200309366,0,0,0,0,0,0,0,0,0
1651141905.205188585,0,0,0,0,0,0,0,0,0
1651141905.210354836,0,0,0,0,0,0,0,0,0
1651141905.215183898,0,0,0,0,0,0,0,0,0
1651141905.220372284,0,0,0,0,0,0,0,0,0
1651141905.225186451,0,0,0,0,0,0,0,0,0
1651141905.230668170,0,0,0,0,0,0,0,0,0
1651141905.235239941,0,0,0,0,0,0,0,0,0
1651141905.240335202,0,0,0,0,0,0,0,0,0
1651141905.245272025,0,0,0,0,0,0,0,0,0
1651141905.250198900,0,0,0,0,0,0,0,0,0
1651141905.255268484,0,0,0,0,0,0,0,0,0
1651141905.260597234,0,0,0,0,0,0,0,0,0
1651141905.265231245,0,0,0,0,0,0,0,0,0
1651141905.270286974,0,0,0,0,0,0,0,0,0
1651141905.276170724,0,0,0,0,0,0,0,0,0
1651141905.281224631,0,0,0,0,0,0,0,0,0
1651141905.286148798,0,0,0,0,0,0,0,0,0
1651141905.291074267,0,0,0,0,0,0,0,0,0
1651141905.296295517,0,0,0,0,0,0,0,0,0
1651141905.301271038,0,0,0,0,0,0,0,0,0
1651141905.306136351,0,0,0,0,0,0,0,0,0
1651141905.311179372,0,0,0,0,0,0,0,0,0
1651141905.316640883,0,0,0,0,0,0,0,0,0
1651141905.321322758,0,0,0,0,0,0,0,0,0
1651141905.326091821,0,0,0,0,0,0,0,0,0
1651141905.331231977,0,0,0,0,0,0,0,0,0
1651141905.336167655,0,0,0,0,0,0,0,0,0
1651141905.341456665,0,0,0,0,0,0,0,0,0
1651141905.346056353,0,0,0,0,0,0,0,0,0
1651141905.351295728,0,0,0,0,0,0,0,0,0
1651141905.356721666,0,0,0,0,0,0,0,0,0
1651141905.361228698,0,0,0,0,0,0,0,0,0
1651141905.366538646,0,0,0,0,0,0,0,0,0
1651141905.371087969,0,0,0,0,0,0,0,0,0
1651141905.376321875,0,0,0,0,0,0,0,0,0
1651141905.381263699,0,0,0,0,0,0,0,0,0
1651141905.386187657,0,0,0,0,0,0,0,0,0
1651141905.391272814,0,0,0,0,0,0,0,0,0
1651141905.396672449,0,0,0,0,0,0,0,0,0
1651141905.401393543,0,0,0,0,0,0,0,0,0
1651141905.406117033,0,0,0,0,0,0,0,0,0
1651141905.411144950,0,0,0,0,0,0,0,0,0
1651141905.416289638,0,0,0,0,0,0,0,0,0
1651141905.421210055,0,0,0,0,0,0,0,0,0
1651141905.426644482,0,0,0,0,0,0,0,0,0
1651141905.431466462,0,0,0,0,0,0,0,0,0
1651141905.436166149,0,0,0,0,0,0,0,0,0
1651141905.441327348,0,0,0,0,0,0,0,0,0
1651141905.446323598,0,0,0,0,0,0,0,0,0
1651141905.451058702,0,0,0,0,0,0,0,0,0
1651141905.456329119,0,0,0,0,0,0,0,0,0
1651141905.461193963,0,0,0,0,0,0,0,0,0
1651141905.466132661,0,0,0,0,0,0,0,0,0
1651141905.471165526,0,0,0,0,0,0,0,0,0
1651141905.476234485,0,0,0,0,0,0,0,0,0
1651141905.481327141,0,0,0,0,0,0,0,0,0
1651141905.486577089,0,0,0,0,0,0,0,0,0
1651141905.491201465,0,0,0,0,0,0,0,0,0
1651141905.496255527,0,0,0,0,0,0,0,0,0
1651141905.501236257,0,0,0,0,0,0,0,0,0
1651141905.506141205,0,0,0,0,0,0,0,0,0
1651141905.511175841,0,0,0,0,0,0,0,0,0
1651141905.516227143,0,0,0,0,0,0,0,0,0
1651141905.521354539,0,0,0,0,0,0,0,0,0
1651141905.526225998,0,0,0,0,0,0,0,0,0
1651141905.531029071,0,0,0,0,0,0,0,0,0
1651141905.536391050,0,0,0,0,0,0,0,0,0
1651141905.541251519,0,0,0,0,0,0,0,0,0
1651141905.546099540,0,0,0,0,0,0,0,0,0
1651141905.551162926,0,0,0,0,0,0,0,0,0
1651141905.556169020,0,0,0,0,0,0,0,0,0
1651141905.561281260,0,0,0,0,0,0,0,0,0
1651141905.566508344,0,0,0,0,0,0,0,0,0
1651141905.571241938,0,0,0,0,0,0,0,0,0
1651141905.576747615,0,0,0,0,0,0,0,0,0
1651141905.581308605,0,0,0,0,0,0,0,0,0
1651141905.586104334,0,0,0,0,0,0,0,0,0
1651141905.591084959,0,0,0,0,0,0,0,0,0
1651141905.596253553,0,0,0,0,0,0,0,0,0
1651141905.601774075,0,0,0,0,0,0,0,0,0
1651141905.606182460,0,0,0,0,0,0,0,0,0
1651141905.611482825,0,0,0,0,0,0,0,0,0
1651141905.616565794,0,0,0,0,0,0,0,0,0
1651141905.621240899,0,0,0,0,0,0,0,0,0
1651141905.626176315,0,0,0,0,0,0,0,0,0
1651141905.631298868,0,0,0,0,0,0,0,0,0
1651141905.636869649,0,0,0,0,0,0,0,0,0
1651141905.641528660,0,0,0,0,0,0,0,0,0
1651141905.646281160,0,0,0,0,0,0,0,0,0
1651141905.651896004,0,0,0,0,0,0,0,0,0
1651141905.656200900,0,0,0,0,0,0,0,0,0
1651141905.661411161,0,0,0,0,0,0,0,0,0
1651141905.666654807,0,0,0,0,0,0,0,0,0
1651141905.671296370,0,0,0,0,0,0,0,0,0
1651141905.676348193,0,0,0,0,0,0,0,0,0
1651141905.681349287,0,0,0,0,0,0,0,0,0
1651141905.686053819,0,0,0,0,0,0,0,0,0
1651141905.691066996,0,0,0,0,0,0,0,0,0
1651141905.696340173,0,0,0,0,0,0,0,0,0
1651141905.701301580,0,0,0,0,0,0,0,0,0
1651141905.706194809,0,0,0,0,0,0,0,0,0
1651141905.711267049,0,0,0,0,0,0,0,0,0
1651141905.716491945,0,0,0,0,0,0,0,0,0
1651141905.722694602,0,0,0,0,0,0,0,0,0
1651141905.727449081,0,0,0,0,0,0,0,0,0
1651141905.731606008,0,0,0,0,0,0,0,0,0
1651141905.736280019,0,0,0,0,0,0,0,0,0
1651141905.741292884,0,0,0,0,0,0,0,0,0
1651141905.746040957,0,0,0,0,0,0,0,0,0
1651141905.751259499,0,0,0,0,0,0,0,0,0
1651141905.756237312,0,0,0,0,0,0,0,0,0
1651141905.761899864,0,0,0,0,0,0,0,0,0
1651141905.766134344,0,0,0,0,0,0,0,0,0
1651141905.771143042,0,0,0,0,0,0,0,0,0
1651141905.776231375,0,0,0,0,0,0,0,0,0
1651141905.781346740,0,0,0,0,0,0,0,0,0
1651141905.786110334,0,0,0,0,0,0,0,0,0
1651141905.791110543,0,0,0,0,0,0,0,0,0
1651141905.796179345,0,0,0,0,0,0,0,0,0
1651141905.801363200,0,0,0,0,0,0,0,0,0
1651141905.806182731,0,0,0,0,0,0,0,0,0
1651141905.811260231,0,0,0,0,0,0,0,0,0
1651141905.816583721,0,0,0,0,0,0,0,0,0
1651141905.821741794,0,0,0,0,0,0,0,0,0
1651141905.826206430,0,0,0,0,0,0,0,0,0
1651141905.831081118,0,0,0,0,0,0,0,0,0
1651141905.836295910,0,0,0,0,0,0,0,0,0
1651141905.841249920,0,0,0,0,0,0,0,0,0
1651141905.846275025,0,0,0,0,0,0,0,0,0
1651141905.851207525,0,0,0,0,0,0,0,0,0
1651141905.856335963,0,0,0,0,0,0,0,0,0
1651141905.861622630,0,0,0,0,0,0,0,0,0
1651141905.866201224,0,0,0,0,0,0,0,0,0
1651141905.871831276,0,0,0,0,0,0,0,0,0
1651141905.876197005,0,0,0,0,0,0,0,0,0
1651141905.881838308,0,0,0,0,0,0,0,0,0
1651141905.886430704,0,0,0,0,0,0,0,0,0
1651141905.891103829,0,0,0,0,0,0,0,0,0
1651141905.896526434,0,0,0,0,0,0,0,0,0
1651141905.901232736,0,0,0,0,0,0,0,0,0
1651141905.906174820,0,0,0,0,0,0,0,0,0
1651141905.911234143,0,0,0,0,0,0,0,0,0
1651141905.916106799,0,0,0,0,0,0,0,0,0
1651141905.921426383,0,0,0,0,0,0,0,0,0
1651141905.926398154,0,0,0,0,0,0,0,0,0
1651141905.931138987,0,0,0,0,0,0,0,0,0
1651141905.936292790,0,0,0,0,0,0,0,0,0
1651141905.941488259,0,0,0,0,0,0,0,0,0
1651141905.946159978,0,0,0,0,0,0,0,0,0
1651141905.951271853,0,0,0,0,0,0,0,0,0
1651141905.956189718,0,0,0,0,0,0,0,0,0
1651141905.961324666,0,0,0,0,0,0,0,0,0
1651141905.966183156,0,0,0,0,0,0,0,0,0
1651141905.971132844,0,0,0,0,0,0,0,0,0
1651141905.976293104,0,0,0,0,0,0,0,0,0
1651141905.981289407,0,0,0,0,0,0,0,0,0
1651141905.986139772,0,0,0,0,0,0,0,0,0
1651141905.991119407,0,0,0,0,0,0,0,0,0
1651141905.996190814,0,0,0,0,0,0,0,0,0
1651141906.001359408,0,0,0,0,0,0,0,0,0
1651141906.006754252,0,0,0,0,0,0,0,0,0
1651141906.011315919,0,0,0,0,0,0,0,0,0
1651141906.016675502,0,0,0,0,0,0,0,0,0
1651141906.021224773,0,0,0,0,0,0,0,0,0
1651141906.026255138,0,0,0,0,0,0,0,0,0
1651141906.031765764,0,0,0,0,0,0,0,0,0
1651141906.036203472,0,0,0,0,0,0,0,0,0
1651141906.041416233,0,0,0,0,0,0,0,0,0
1651141906.046186233,0,0,0,0,0,0,0,0,0
1651141906.051196494,0,0,0,0,0,0,0,0,0
1651141906.056389619,0,0,0,0,0,0,0,0,0
1651141906.061309307,0,0,0,0,0,0,0,0,0
1651141906.066160609,0,0,0,0,0,0,0,0,0
1651141906.071265505,0,0,0,0,0,0,0,0,0
1651141906.076278318,0,0,0,0,0,0,0,0,0
1651141906.081343214,0,0,0,0,0,0,0,0,0
1651141906.086298944,0,0,0,0,0,0,0,0,0
1651141906.091047538,0,0,0,0,0,0,0,0,0
1651141906.096268163,0,0,0,0,0,0,0,0,0
1651141906.101535246,0,0,0,0,0,0,0,0,0
1651141906.106219101,0,0,0,0,0,0,0,0,0
1651141906.111139466,0,0,0,0,0,0,0,0,0
1651141906.116124778,0,0,0,0,0,0,0,0,0
1651141906.121389675,0,0,0,0,0,0,0,0,0
1651141906.126245144,0,0,0,0,0,0,0,0,0
1651141906.131150248,0,0,0,0,0,0,0,0,0
1651141906.136271654,0,0,0,0,0,0,0,0,0
1651141906.141355457,0,0,0,0,0,0,0,0,0
1651141906.146047176,0,0,0,0,0,0,0,0,0
1651141906.151226916,0,0,0,0,0,0,0,0,0
1651141906.156646708,0,0,0,0,0,0,0,0,0
1651141906.161854625,0,0,0,0,0,0,0,0,0
1651141906.166495614,0,0,0,0,0,0,0,0,0
1651141906.172780094,0,0,0,0,0,0,0,0,0
1651141906.176092907,0,0,0,0,0,0,0,0,0
1651141906.181235303,0,0,0,0,0,0,0,0,0
1651141906.186166761,0,0,0,0,0,0,0,0,0
1651141906.191147387,0,0,0,0,0,0,0,0,0
1651141906.196314574,0,0,0,0,0,0,0,0,0
1651141906.201344054,0,0,0,0,0,0,0,0,0
1651141906.206421971,0,0,0,0,0,0,0,0,0
1651141906.211086763,0,0,0,0,0,0,0,0,0
1651141906.216368013,0,0,0,0,0,0,0,0,0
1651141906.221226971,0,0,0,0,0,0,0,0,0
1651141906.226166503,0,0,0,0,0,0,0,0,0
1651141906.231274368,0,0,0,0,0,0,0,0,0
1651141906.236372441,0,0,0,0,0,0,0,0,0
1651141906.241231504,0,0,0,0,0,0,0,0,0
1651141906.246151817,0,0,0,0,0,0,0,0,0
1651141906.251221504,0,0,0,0,0,0,0,0,0
1651141906.256326713,0,0,0,0,0,0,0,0,0
1651141906.261551661,0,0,0,0,0,0,0,0,0
1651141906.266069526,0,0,0,0,0,0,0,0,0
1651141906.271404891,0,0,0,0,0,0,0,0,0
1651141906.276214318,0,0,0,0,0,0,0,0,0
1651141906.281844735,0,0,0,0,0,0,0,0,0
1651141906.286107339,0,0,0,0,0,0,0,0,0
1651141906.291323538,0,0,0,0,0,0,0,0,0
1651141906.296232600,0,0,0,0,0,0,0,0,0
1651141906.301629528,0,0,0,0,0,0,0,0,0
1651141906.306230570,0,0,0,0,0,0,0,0,0
1651141906.311734164,0,0,0,0,0,0,0,0,0
1651141906.316727810,0,0,0,0,0,0,0,0,0
1651141906.321400102,0,0,0,0,0,0,0,0,0
1651141906.326885050,0,0,0,0,0,0,0,0,0
1651141906.332118071,0,0,0,0,0,0,0,0,0
1651141906.336280050,0,0,0,0,0,0,0,0,0
1651141906.341399582,0,0,0,0,0,0,0,0,0
1651141906.346132030,0,0,0,0,0,0,0,0,0
1651141906.351781041,0,0,0,0,0,0,0,0,0
1651141906.356064374,0,0,0,0,0,0,0,0,0
1651141906.361464323,0,0,0,0,0,0,0,0,0
1651141906.367556458,0,0,0,0,0,0,0,0,0
1651141906.374174532,0,0,0,0,0,0,0,0,0
1651141906.377645730,0,0,0,0,0,0,0,0,0
1651141906.381899324,0,0,0,0,0,0,0,0,0
1651141906.387935001,0,0,0,0,0,0,0,0,0
1651141906.391473751,0,0,0,0,0,0,0,0,0
1651141906.397470106,0,0,0,0,0,0,0,0,0
1651141906.401440366,0,0,0,0,0,0,0,0,0
1651141906.407202919,0,0,0,0,0,0,0,0,0
1651141906.411069846,0,0,0,0,0,0,0,0,0
1651141906.416343023,0,0,0,0,0,0,0,0,0
1651141906.420979170,0,0,0,0,0,0,0,0,0
1651141906.425855889,0,0,0,0,0,0,0,0,0
1651141906.430904691,0,0,0,0,0,0,0,0,0
1651141906.435976410,0,0,0,0,0,0,0,0,0
1651141906.440936202,0,0,0,0,0,0,0,0,0
1651141906.445832348,0,0,0,0,0,0,0,0,0
1651141906.450834744,0,0,0,0,0,0,0,0,0
1651141906.455955630,0,0,0,0,0,0,0,0,0
1651141906.460912974,0,0,0,0,0,0,0,0,0
1651141906.465843547,0,0,0,0,0,0,0,0,0
1651141906.470904589,0,0,0,0,0,0,0,0,0
1651141906.475931568,0,0,0,0,0,0,0,0,0
1651141906.480915214,0,0,0,0,0,0,0,0,0
1651141906.485809381,0,0,0,0,0,0,0,0,0
1651141906.490817819,0,0,0,0,0,0,0,0,0
1651141906.495939278,0,0,0,0,0,0,0,0,0
1651141906.500895892,0,0,0,0,0,0,0,0,0
1651141906.505914799,0,0,0,0,0,0,0,0,0
1651141906.510874070,0,0,0,0,0,0,0,0,0
1651141906.515918862,0,0,0,0,0,0,0,0,0
1651141906.520941362,0,0,0,0,0,0,0,0,0
1651141906.525825894,0,0,0,0,0,0,0,0,0
1651141906.530813915,0,0,0,0,0,0,0,0,0
1651141906.536037457,0,0,0,0,0,0,0,0,0
1651141906.540911988,0,0,0,0,0,0,0,0,0
1651141906.545842614,0,0,0,0,0,0,0,0,0
1651141906.550863135,0,0,0,0,0,0,0,0,0
1651141906.555910687,0,0,0,0,0,0,0,0,0
1651141906.560930896,0,0,0,0,0,0,0,0,0
1651141906.565960011,0,0,0,0,0,0,0,0,0
1651141906.570839334,0,0,0,0,0,0,0,0,0
1651141906.575947928,0,0,0,0,0,0,0,0,0
1651141906.580905532,0,0,0,0,0,0,0,0,0
1651141906.585831314,0,0,0,0,0,0,0,0,0
1651141906.590854439,0,0,0,0,0,0,0,0,0
1651141906.595914231,0,0,0,0,0,0,0,0,0
1651141906.600925273,0,0,0,0,0,0,0,0,0
1651141906.605919492,0,0,0,0,0,0,0,0,0
1651141906.610850377,0,0,0,0,0,0,0,0,0
1651141906.615979284,0,0,0,0,0,0,0,0,0
1651141906.620932409,0,0,0,0,0,0,0,0,0
1651141906.625860795,0,0,0,0,0,0,0,0,0
1651141906.630873139,0,0,0,0,0,0,0,0,0
1651141906.636024493,0,0,0,0,0,0,0,0,0
1651141906.640931212,0,0,0,0,0,0,0,0,0
1651141906.645814598,0,0,0,0,0,0,0,0,0
1651141906.650908453,0,0,0,0,0,0,0,0,0
1651141906.655982932,0,0,0,0,0,0,0,0,0
1651141906.661077411,0,0,0,0,0,0,0,0,0
1651141906.666010172,0,0,0,0,0,0,0,0,0
1651141906.671104599,0,0,0,0,0,0,0,0,0
1651141906.676112360,0,0,0,0,0,0,0,0,0
1651141906.681098819,0,0,0,0,0,0,0,0,0
1651141906.686000902,0,0,0,0,0,0,0,0,0
1651141906.690970903,0,0,0,0,0,0,0,0,0
1651141906.696064080,0,0,0,0,0,0,0,0,0
1651141906.701074497,0,0,0,0,0,0,0,0,0
1651141906.706051945,0,0,0,0,0,0,0,0,0
1651141906.711202831,0,0,0,0,0,0,0,0,0
1651141906.717667154,0,0,0,0,0,0,0,0,0
1651141906.721115383,0,0,0,0,0,0,0,0,0
1651141906.726067415,0,0,0,0,0,0,0,0,0
1651141906.730997050,0,0,0,0,0,0,0,0,0
1651141906.736134238,0,0,0,0,0,0,0,0,0
1651141906.741057936,0,0,0,0,0,0,0,0,0
1651141906.746000385,0,0,0,0,0,0,0,0,0
1651141906.750983302,0,0,0,0,0,0,0,0,0
1651141906.756070281,0,0,0,0,0,0,0,0,0
1651141906.761421219,0,0,0,0,0,0,0,0,0
1651141906.765968927,0,0,0,0,0,0,0,0,0
1651141906.770968146,0,0,0,0,0,0,0,0,0
1651141906.776080855,0,0,0,0,0,0,0,0,0
1651141906.781232730,0,0,0,0,0,0,0,0,0
1651141906.786018355,0,0,0,0,0,0,0,0,0
1651141906.790989866,0,0,0,0,0,0,0,0,0
1651141906.796059346,0,0,0,0,0,0,0,0,0
1651141906.801071169,0,0,0,0,0,0,0,0,0
1651141906.806154711,0,0,0,0,0,0,0,0,0
1651141906.811016794,0,0,0,0,0,0,0,0,0
1651141906.816197836,0,0,0,0,0,0,0,0,0
1651141906.821087628,0,0,0,0,0,0,0,0,0
1651141906.826000753,0,0,0,0,0,0,0,0,0
1651141906.830994243,0,0,0,0,0,0,0,0,0
1651141906.836224296,0,0,0,0,0,0,0,0,0
1651141906.841062265,0,0,0,0,0,0,0,0,0
1651141906.845995807,0,0,0,0,0,0,0,0,0
1651141906.850987474,0,0,0,0,0,0,0,0,0
1651141906.856061849,0,0,0,0,0,0,0,0,0
1651141906.861066172,0,0,0,0,0,0,0,0,0
1651141906.866019193,0,0,0,0,0,0,0,0,0
1651141906.871088620,0,0,0,0,0,0,0,0,0
1651141906.876085652,0,0,0,0,0,0,0,0,0
1651141906.881092788,0,0,0,0,0,0,0,0,0
1651141906.886004767,0,0,0,0,0,0,0,0,0
1651141906.890990549,0,0,0,0,0,0,0,0,0
1651141906.896102580,0,0,0,0,0,0,0,0,0
1651141906.901053570,0,0,0,0,0,0,0,0,0
1651141906.906068518,0,0,0,0,0,0,0,0,0
1651141906.911047425,0,0,0,0,0,0,0,0,0
1651141906.916587008,0,0,0,0,0,0,0,0,0
1651141906.921297581,0,0,0,0,0,0,0,0,0
1651141906.926137998,0,0,0,0,0,0,0,0,0
1651141906.931170811,0,0,0,0,0,0,0,0,0
1651141906.936451645,0,0,0,0,0,0,0,0,0
1651141906.941028728,0,0,0,0,0,0,0,0,0
1651141906.945930656,0,0,0,0,0,0,0,0,0
1651141906.950943260,0,0,0,0,0,0,0,0,0
1651141906.956092739,0,0,0,0,0,0,0,0,0
1651141906.961120917,0,0,0,0,0,0,0,0,0
1651141906.966065136,0,0,0,0,0,0,0,0,0
1651141906.970984147,0,0,0,0,0,0,0,0,0
1651141906.976614043,0,0,0,0,0,0,0,0,0
1651141906.981050553,0,0,0,0,0,0,0,0,0
1651141906.985972376,0,0,0,0,0,0,0,0,0
1651141906.991012168,0,0,0,0,0,0,0,0,0
1651141906.996078315,0,0,0,0,0,0,0,0,0
1651141907.001141336,0,0,0,0,0,0,0,0,0
1651141907.006175294,0,0,0,0,0,0,0,0,0
1651141907.010970555,0,0,0,0,0,0,0,0,0
1651141907.016080920,0,0,0,0,0,0,0,0,0
1651141907.021086180,0,0,0,0,0,0,0,0,0
1651141907.026001024,0,0,0,0,0,0,0,0,0
1651141907.031041129,0,0,0,0,0,0,0,0,0
1651141907.036146233,0,0,0,0,0,0,0,0,0
1651141907.041052640,0,0,0,0,0,0,0,0,0
1651141907.045930244,0,0,0,0,0,0,0,0,0
1651141907.051130817,0,0,0,0,0,0,0,0,0
1651141907.056195609,0,0,0,0,0,0,0,0,0
1651141907.061871339,0,0,0,0,0,0,0,0,0
1651141907.066116391,0,0,0,0,0,0,0,0,0
1651141907.071199569,0,0,0,0,0,0,0,0,0
1651141907.076217173,0,0,0,0,0,0,0,0,0
1651141907.081529048,0,0,0,0,0,0,0,0,0
1651141907.086168528,0,0,0,0,0,0,0,0,0
1651141907.091136861,0,0,0,0,0,0,0,0,0
1651141907.096328216,0,0,0,0,0,0,0,0,0
1651141907.101265976,0,0,0,0,0,0,0,0,0
1651141907.106367695,0,0,0,0,0,0,0,0,0
1651141907.111075248,0,0,0,0,0,0,0,0,0
1651141907.116330977,0,0,0,0,0,0,0,0,0
1651141907.121415925,0,0,0,0,0,0,0,0,0
1651141907.127187749,0,0,0,0,0,0,0,0,0
1651141907.131074103,0,0,0,0,0,0,0,0,0
1651141907.136272176,0,0,0,0,0,0,0,0,0
1651141907.141952697,0,0,0,0,0,0,0,0,0
1651141907.146080250,0,0,0,0,0,0,0,0,0
1651141907.151147594,0,0,0,0,0,0,0,0,0
1651141907.156485563,0,0,0,0,0,0,0,0,0
1651141907.161336188,0,0,0,0,0,0,0,0,0
1651141907.166166345,0,0,0,0,0,0,0,0,0
1651141907.171112595,0,0,0,0,0,0,0,0,0
1651141907.176279574,0,0,0,0,0,0,0,0,0
1651141907.181308585,0,0,0,0,0,0,0,0,0
1651141907.185974314,0,0,0,0,0,0,0,0,0
1651141907.190937908,0,0,0,0,0,0,0,0,0
1651141907.196087544,0,0,0,0,0,0,0,0,0
1651141907.201069107,0,0,0,0,0,0,0,0,0
1651141907.206231763,0,0,0,0,0,0,0,0,0
1651141907.210909941,0,0,0,0,0,0,0,0,0
1651141907.216046087,0,0,0,0,0,0,0,0,0
1651141907.221021295,0,0,0,0,0,0,0,0,0
1651141907.225971035,0,0,0,0,0,0,0,0,0
1651141907.230950098,0,0,0,0,0,0,0,0,0
1651141907.236211192,0,0,0,0,0,0,0,0,0
1651141907.241089317,0,0,0,0,0,0,0,0,0
1651141907.245948484,0,0,0,0,0,0,0,0,0
1651141907.250974995,0,0,0,0,0,0,0,0,0
1651141907.256144474,0,0,0,0,0,0,0,0,0
1651141907.261002808,0,0,0,0,0,0,0,0,0
1651141907.265904735,0,0,0,0,0,0,0,0,0
1651141907.271608121,0,0,0,0,0,0,0,0,0
1651141907.276177392,0,0,0,0,0,0,0,0,0
1651141907.281187861,0,0,0,0,0,0,0,0,0
1651141907.286196455,0,0,0,0,0,0,0,0,0
1651141907.291004008,0,0,0,0,0,0,0,0,0
1651141907.296231143,0,0,0,0,0,0,0,0,0
1651141907.301379998,0,0,0,0,0,0,0,0,0
1651141907.305929165,0,0,0,0,0,0,0,0,0
1651141907.311072342,0,0,0,0,0,0,0,0,0
1651141907.316096717,0,0,0,0,0,0,0,0,0
1651141907.321037655,0,0,0,0,0,0,0,0,0
1651141907.325971718,0,0,0,0,0,0,0,0,0
1651141907.330946301,0,0,0,0,0,0,0,0,0
1651141907.336109166,0,0,0,0,0,0,0,0,0
1651141907.341280885,0,0,0,0,0,0,0,0,0
1651141907.345915365,0,0,0,0,0,0,0,0,0
1651141907.351006407,0,0,0,0,0,0,0,0,0
1651141907.356067188,0,0,0,0,0,0,0,0,0
1651141907.360995001,0,0,0,0,0,0,0,0,0
1651141907.365867605,0,0,0,0,0,0,0,0,0
1651141907.370904376,0,0,0,0,0,0,0,0,0
1651141907.376011460,0,0,0,0,0,0,0,0,0
1651141907.381035992,0,0,0,0,0,0,0,0,0
1651141907.385924169,0,0,0,0,0,0,0,0,0
1651141907.390958075,0,0,0,0,0,0,0,0,0
1651141907.396034638,0,0,0,0,0,0,0,0,0
1651141907.401115993,0,0,0,0,0,0,0,0,0
1651141907.405894847,0,0,0,0,0,0,0,0,0
1651141907.410856254,0,0,0,0,0,0,0,0,0
1651141907.416016879,0,0,0,0,0,0,0,0,0
1651141907.420955056,0,0,0,0,0,0,0,0,0
1651141907.426068963,0,0,0,0,0,0,0,0,0
1651141907.430954588,0,0,0,0,0,0,0,0,0
1651141907.435896776,0,0,0,0,0,0,0,0,0
1651141907.440917766,0,0,0,0,0,0,0,0,0
1651141907.445809016,0,0,0,0,0,0,0,0,0
1651141907.450780839,0,0,0,0,0,0,0,0,0
1651141907.455931985,0,0,0,0,0,0,0,0,0
1651141907.461049173,0,0,0,0,0,0,0,0,0
1651141907.465626882,0,0,0,0,0,0,0,0,0
1651141907.470579694,0,0,0,0,0,0,0,0,0
1651141907.475577715,0,0,0,0,0,0,0,0,0
1651141907.480645997,0,0,0,0,0,0,0,0,0
1651141907.485593445,0,0,0,0,0,0,0,0,0
1651141907.490562925,0,0,0,0,0,0,0,0,0
1651141907.495564644,0,0,0,0,0,0,0,0,0
1651141907.500614331,0,0,0,0,0,0,0,0,0
1651141907.505583082,0,0,0,0,0,0,0,0,0
1651141907.510594801,0,0,0,0,0,0,0,0,0
1651141907.515553707,0,0,0,0,0,0,0,0,0
1651141907.520622770,0,0,0,0,0,0,0,0,0
1651141907.525564801,0,0,0,0,0,0,0,0,0
1651141907.530583864,0,0,0,0,0,0,0,0,0
1651141907.535563552,0,0,0,0,0,0,0,0,0
1651141907.540643083,0,0,0,0,0,0,0,0,0
1651141907.545634750,0,0,0,0,0,0,0,0,0
1651141907.550550897,0,0,0,0,0,0,0,0,0
1651141907.555553501,0,0,0,0,0,0,0,0,0
1651141907.560614855,0,0,0,0,0,0,0,0,0
1651141907.566294804,0,0,0,0,0,0,0,0,0
1651141907.570597616,0,0,0,0,0,0,0,0,0
1651141907.575563346,0,0,0,0,0,0,0,0,0
1651141907.580646888,0,0,0,0,0,0,0,0,0
1651141907.585583555,0,0,0,0,0,0,0,0,0
1651141907.590593190,0,0,0,0,0,0,0,0,0
1651141907.595561264,0,0,0,0,0,0,0,0,0
1651141907.600637930,0,0,0,0,0,0,0,0,0
1651141907.605558816,0,0,0,0,0,0,0,0,0
1651141907.610633400,0,0,0,0,0,0,0,0,0
1651141907.615562254,0,0,0,0,0,0,0,0,0
1651141907.620641421,0,0,0,0,0,0,0,0,0
1651141907.625615015,0,0,0,0,0,0,0,0,0
1651141907.630626161,0,0,0,0,0,0,0,0,0
1651141907.635556422,0,0,0,0,0,0,0,0,0
1651141907.640617985,0,0,0,0,0,0,0,0,0
1651141907.645634756,0,0,0,0,0,0,0,0,0
1651141907.650570642,0,0,0,0,0,0,0,0,0
1651141907.655562673,0,0,0,0,0,0,0,0,0
1651141907.660622361,0,0,0,0,0,0,0,0,0
1651141907.665637934,0,0,0,0,0,0,0,0,0
1651141907.670624809,0,0,0,0,0,0,0,0,0
1651141907.675555382,0,0,0,0,0,0,0,0,0
1651141907.680664862,0,0,0,0,0,0,0,0,0
1651141907.743198719,0,0,0,0,0,0,0,0,0
1651141907.748286584,0,0,0,0,0,0,0,0,0
1651141907.753288095,0,0,0,0,0,0,0,0,0
1651141907.758235074,0,0,0,0,0,0,0,0,0
1651141907.763190023,0,0,0,0,0,0,0,0,0
1651141907.768362679,0,0,0,0,0,0,0,0,0
1651141907.773323252,0,0,0,0,0,0,0,0,0
1651141907.778295023,0,0,0,0,0,0,0,0,0
1651141907.783251899,0,0,0,0,0,0,0,0,0
1651141907.788099243,0,0,0,0,0,0,0,0,0
