1651600790.596995567,0,0,0,0,0,-0.211883,
1651600790.601462883,0,0,0,0,0,-0.211883,
1651600790.606458483,0,0,0.0832498,0,0,-0.211883,
1651600790.611468198,0,0,0.249869,0,0,-0.211883,
1651600790.616660466,0,0,0.335896,0,0,-0.211883,
1651600790.621495180,0,0,0.500077,0,0,-0.205611,
1651600790.627039950,0,0,0.583369,0,0,-0.205611,
1651600790.631833830,0,0,0.666249,0,0,-0.205611,
1651600790.636652346,0,0,0.835514,0,0,-0.205611,
1651600790.641398518,0,0,1.00051,0,0,-0.205611,
1651600790.646550994,0,0,1.08394,0,0,-0.203618,
1651600790.651502687,0,0,1.15141,0,0,-0.203618,
1651600790.656521934,0,0,1.27993,0,0,-0.203618,
1651600790.661500919,0,0,1.38069,0,0,-0.203618,
1651600790.666573291,0,0,1.41816,0,0,-0.194266,
1651600790.671421390,0,0,1.47094,0,0,-0.194266,
1651600790.676522876,0,0,1.48588,0,0,-0.194266,
1651600790.681456497,0,0,1.50336,0,0,-0.194266,
1651600790.686523035,0,0,1.51063,0,0,-0.186106,
1651600790.691470771,0,0,1.52143,0,0,-0.186106,
1651600790.696608194,0,0,1.51905,0,0,-0.186106,
1651600790.701376762,0,0,1.51216,0,0,-0.186106,
1651600790.706485175,0,0,1.50897,0,0,-0.186106,
1651600790.711486922,0,0,1.50403,0,0,-0.162548,
1651600790.716549449,0,0,1.50178,0,0,-0.162548,
1651600790.721412184,0,0,1.45897,0,0,-0.162548,
1651600790.726431326,0,0,1.43744,0,0,-0.162548,
1651600790.731630000,0,0,1.42074,0,0,-0.162548,
1651600790.736600444,0,0,1.3887,0,0,-0.162548,
1651600790.741510888,0,0,1.36334,0,0,-0.14252,
1651600790.746438363,0,0,1.35397,0,0,-0.14252,
1651600790.751538286,0,0,1.30567,0,0,-0.14252,
1651600790.756642429,0,0,1.28292,0,0,-0.14252,
1651600790.761373809,0,0,1.24797,0,0,-0.14252,
1651600790.766930245,0,0,1.23247,0,0,-0.14252,
1651600790.771402770,0,0,1.2097,0,0,-0.129444,
1651600790.777197385,0,0,1.19956,0,0,-0.129444,
1651600790.781652513,0,0,1.16302,0,0,-0.129444,
1651600790.787064314,0,0,1.14601,0,0,-0.103156,
1651600790.791434494,0,0,1.11846,0,0,-0.103156,
1651600790.796954264,0,0,1.08399,0,0,-0.103156,
1651600790.801543299,0,0,1.02139,0,0,-0.103156,
1651600790.806624837,0,0,0.990447,0,0,-0.0773828,
1651600790.811382311,0,0,0.951413,0,0,-0.0773828,
1651600790.816584527,0,0,0.910844,0,0,-0.0773828,
1651600790.821542731,0,0,0.840698,0,0,-0.0773828,
1651600790.826520832,0,0,0.809744,0,0,-0.0773828,
1651600790.831444765,0,0,0.762398,0,0,-0.0482195,
1651600790.836573595,0,0,0.741674,0,0,-0.0482195,
1651600790.841434090,0,0,0.662134,0,0,-0.0482195,
1651600790.846443440,0,0,0.62414,0,0,-0.0482195,
1651600790.851460135,0,0,0.56536,0,0,-0.0482195,
1651600790.856647507,0,0,0.539069,0,0,-0.0482195,
1651600790.861894567,0,0,0.501375,0,0,-0.0208985,
1651600790.866406727,0,0,0.485026,0,0,-0.0208985,
1651600790.871573370,0,0,0.414005,0,0,-0.0208985,
1651600790.877029181,0,0,0.379157,0,0,0.000449024,
1651600790.881405090,0,0,0.35372,0,0,0.000449024,
1651600790.886441003,0,0,0.287144,0,0,0.000449024,
1651600790.891453634,0,0,0.210337,0,0,0.000449024,
1651600790.896675278,0,0,0.17887,0,0,0.000449024,
1651600790.901440408,0,0,0.133645,0,0,0.000449024,
1651600790.907118928,0,0,0.11429,0,0,0.000449024,
1651600790.911424212,0,0,0.0996781,0,0,0.0219962,
1651600790.916659449,0,0,0.0721293,0,0,0.0219962,
1651600790.921420413,0,0,0.0437679,0,0,0.0219962,
1651600790.926498253,0,0,-0.0134863,0,0,0.041607,
1651600790.931497655,0,0,-0.05975,0,0,0.041607,
1651600790.937147009,0,0,-0.100339,0,0,0.041607,
1651600790.941515210,0,0,-0.153219,0,0,0.041607,
1651600790.946560290,0,0,-0.177844,0,0,0.041607,
1651600790.951489692,0,0,-0.216645,0,0,0.0545828,
1651600790.956608313,0,0,-0.233525,0,0,0.0545828,
1651600790.961416986,0,0,-0.279569,0,0,0.0545828,
1651600790.966420555,0,0,-0.301189,0,0,0.0545828,
1651600790.971744542,0,0,-0.31777,0,0,0.0545828,
1651600790.977106498,0,0,-0.349557,0,0,0.0545828,
1651600790.981510637,0,0,-0.363608,0,0,0.06188,
1651600790.986830562,0,0,-0.38558,0,0,0.06188,
1651600790.991369858,0,0,-0.413832,0,0,0.06188,
1651600790.996606865,0,0,-0.425635,0,0,0.06188,
1651600791.001511528,0,0,-0.442693,0,0,0.06188,
1651600791.006821140,0,0,-0.450204,0,0,0.06188,
1651600791.011522207,0,0,-0.461319,0,0,0.0693468,
1651600791.016567339,0,0,-0.466199,0,0,0.0693468,
1651600791.021463147,0,0,-0.485881,0,0,0.0693468,
1651600791.026961042,0,0,-0.495442,0,0,0.0693468,
1651600791.031577473,0,0,-0.510106,0,0,0.0693468,
1651600791.036901669,0,0,-0.516548,0,0,0.0697253,
1651600791.041395287,0,0,-0.526001,0,0,0.0697253,
1651600791.046441044,0,0,-0.530371,0,0,0.0697253,
1651600791.051451227,0,0,-0.537135,0,0,0.0697253,
1651600791.056584068,0,0,-0.540149,0,0,0.0697253,
1651600791.061561960,0,0,-0.542936,0,0,0.0697253,
1651600791.066796780,0,0,-0.546152,0,0,0.0697253,
1651600791.071472534,0,0,-0.549352,0,0,0.0609802,
1651600791.076574646,0,0,-0.550583,0,0,0.0609802,
1651600791.081783684,0,0,-0.537556,0,0,0.0609802,
1651600791.086443710,0,0,-0.530882,0,0,0.0609802,
1651600791.091491342,0,0,-0.525714,0,0,0.0609802,
1651600791.096662464,0,0,-0.515313,0,0,0.0537132,
1651600791.101470771,0,0,-0.507364,0,0,0.0537132,
1651600791.106472152,0,0,-0.498179,0,0,0.0537132,
1651600791.111393273,0,0,-0.489994,0,0,0.0537132,
1651600791.116699865,0,0,-0.473898,0,0,0.0537132,
1651600791.121402390,0,0,-0.461139,0,0,0.0537132,
1651600791.126435907,0,0,-0.456475,0,0,0.0537132,
1651600791.131513070,0,0,-0.449774,0,0,0.0390977,
1651600791.137210029,0,0,-0.446811,0,0,0.0390977,
1651600791.141543281,0,0,-0.417603,0,0,0.0390977,
1651600791.146459194,0,0,-0.403691,0,0,0.0390977,
1651600791.151470731,0,0,-0.378856,0,0,0.0267711,
1651600791.157409826,0,0,-0.35423,0,0,0.0267711,
1651600791.161469380,0,0,-0.35423,0,0,0.0267711,
1651600791.166504251,0,0,-0.321048,0,0,0.0107173,
1651600791.171395632,0,0,-0.291196,0,0,0.0107173,
1651600791.176974621,0,0,-0.265364,0,0,0.0107173,
1651600791.181429593,0,0,-0.222099,0,0,0.0107173,
1651600791.186725403,0,0,-0.202622,0,0,0.0107173,
1651600791.191541835,0,0,-0.173622,0,0,0.0107173,
1651600791.196687749,0,0,-0.160975,0,0,-0.00168924,
1651600791.201398452,0,0,-0.142446,0,0,-0.00168924,
1651600791.206420198,0,0,-0.123868,0,0,-0.00168924,
1651600791.211508038,0,0,-0.107452,0,0,-0.0112184,
1651600791.216914578,0,0,-0.0751358,0,0,-0.0112184,
1651600791.221661010,0,0,-0.0549603,0,0,-0.0112184,
1651600791.226435307,0,0,-0.0159011,0,0,-0.0112184,
1651600791.231418459,0,0,0.0152172,0,0,-0.0112184,
1651600791.236695676,0,0,0.0265226,0,0,-0.0112184,
1651600791.241555077,0,0,0.0454237,0,0,-0.0112184,
1651600791.246419479,0,0,0.0521527,0,0,-0.0112184,
1651600791.251625601,0,0,0.0616115,0,0,-0.0230131,
1651600791.256569274,0,0,0.0657285,0,0,-0.0230131,
1651600791.261446436,0,0,0.0914819,0,0,-0.0230131,
1651600791.267019226,0,0,0.104538,0,0,-0.0329491,
1651600791.271341021,0,0,0.124159,0,0,-0.0329491,
1651600791.276641831,0,0,0.141183,0,0,-0.0329491,
1651600791.281424201,0,0,0.170593,0,0,-0.0329491,
1651600791.287103086,0,0,0.184077,0,0,-0.0329491,
1651600791.292640720,0,0,0.205324,0,0,-0.0395412,
1651600791.296625378,0,0,0.210886,0,0,-0.0395412,
1651600791.301541654,0,0,0.219127,0,0,-0.0395412,
1651600791.306850798,0,0,0.241671,0,0,-0.0395412,
1651600791.311583115,0,0,0.262257,0,0,-0.0438323,
1651600791.317826795,0,0,0.270375,0,0,-0.0438323,
1651600791.322169632,0,0,0.287548,0,0,-0.0438323,
1651600791.326447624,0,0,0.296202,0,0,-0.0438323,
1651600791.331432182,0,0,0.309589,0,0,-0.0438323,
1651600791.336604554,0,0,0.315535,0,0,-0.0438323,
1651600791.341515258,0,0,0.319895,0,0,-0.0438323,
1651600791.346459556,0,0,0.327285,0,0,-0.0438323,
1651600791.351632553,0,0,0.330565,0,0,-0.046706,
1651600791.356810706,0,0,0.336471,0,0,-0.046706,
1651600791.361454690,0,0,0.345497,0,0,-0.046706,
1651600791.367961027,0,0,0.34946,0,0,-0.0455063,
1651600791.371623495,0,0,0.355459,0,0,-0.0455063,
1651600791.376669043,0,0,0.357123,0,0,-0.0455063,
1651600791.381481309,0,0,0.358009,0,0,-0.0455063,
1651600791.386745192,0,0,0.359629,0,0,-0.0416992,
1651600791.391450687,0,0,0.361069,0,0,-0.0416992,
1651600791.396602902,0,0,0.358925,0,0,-0.0416992,
1651600791.401430689,0,0,0.353089,0,0,-0.0416992,
1651600791.406791187,0,0,0.350387,0,0,-0.0416992,
1651600791.411526161,0,0,0.346233,0,0,-0.0416992,
1651600791.416949211,0,0,0.344413,0,0,-0.0363902,
1651600791.421388662,0,0,0.341742,0,0,-0.0363902,
1651600791.426478169,0,0,0.336039,0,0,-0.0363902,
1651600791.431569708,0,0,0.330706,0,0,-0.0363902,
1651600791.437592345,0,0,0.320071,0,0,-0.0363902,
1651600791.441745701,0,0,0.311768,0,0,-0.0311485,
1651600791.446399424,0,0,0.308711,0,0,-0.0311485,
1651600791.451519660,0,0,0.295368,0,0,-0.0311485,
1651600791.456210311,0,0,0.295368,0,0,-0.0311485,
1651600791.467949802,0,0,0.265622,0,0,-0.0311485,
1651600791.471488415,0,0,0.265622,0,0,-0.0226168,
1651600791.476960476,0,0,0.253798,0,0,-0.0226168,
1651600791.484876769,0,0,0.235331,0,0,-0.0226168,
1651600791.488036005,0,0,0.235331,0,0,-0.0226168,
1651600791.491623942,0,0,0.235331,0,0,-0.0226168,
1651600791.496689282,0,0,0.209253,0,0,-0.0226168,
1651600791.509461695,0,0,0.19851,0,0,-0.0162089,
1651600791.515236831,0,0,0.181804,0,0,-0.0162089,
1651600791.521312333,0,0,0.179467,0,0,-0.0162089,
1651600791.525283709,0,0,0.166618,0,0,-0.0162089,
1651600791.537239920,0,0,0.151736,0,0,-0.0162089,
1651600791.540438739,0,0,0.143787,0,0,-0.0162089,
1651600791.546410282,0,0,0.141379,0,0,-0.0162089,
1651600791.558903267,0,0,0.1384,0,0,-0.00967361,
1651600791.562540422,0,0,0.135569,0,0,-0.00967361,
1651600791.569257490,0,0,0.133144,0,0,-0.0042869,
1651600791.573634337,0,0,0.120966,0,0,-0.0042869,
1651600791.579831767,0,0,0.104232,0,0,-0.0042869,
1651600791.583301786,0,0,0.0948247,0,0,-0.0042869,
1651600791.587650038,0,0,0.0855117,0,0,-0.0042869,
1651600791.592831369,0,0,0.0718274,0,0,-0.0042869,
1651600791.597695666,0,0,0.0597624,0,0,-0.0042869,
1651600791.603322416,0,0,0.0597624,0,0,-0.0042869,
1651600791.609390261,0,0,0.049532,0,0,-0.0042869,
1651600791.613932213,0,0,0.0440704,0,0,-0.0042869,
1651600791.619538650,0,0,0.0424123,0,0,0.00506242,
1651600791.622706896,0,0,0.0413831,0,0,0.00506242,
1651600791.627660778,0,0,0.031541,0,0,0.00506242,
1651600791.633160026,0,0,0.0220629,0,0,0.00506242,
1651600791.637601873,0,0,0.00734117,0,0,0.00506242,
1651600791.642795756,0,0,0.000647823,0,0,0.00506242,
1651600791.647617605,0,0,-0.00955632,0,0,0.00506242,
1651600791.652948832,0,0,-0.0139284,0,0,0.0113494,
1651600791.657621826,0,0,-0.0218179,0,0,0.0113494,
1651600791.663154044,0,0,-0.0368682,0,0,0.0113494,
1651600791.667783705,0,0,-0.04429,0,0,0.0113494,
1651600791.673142744,0,0,-0.0505565,0,0,0.0113494,
1651600791.677735634,0,0,-0.0600092,0,0,0.0167891,
1651600791.682695974,0,0,-0.0642786,0,0,0.0167891,
1651600791.687606261,0,0,-0.0801629,0,0,0.0167891,
1651600791.692849415,0,0,-0.0876861,0,0,0.0167891,
1651600791.697636368,0,0,-0.0991769,0,0,0.0167891,
1651600791.702936865,0,0,-0.104138,0,0,0.0167891,
1651600791.707686318,0,0,-0.111616,0,0,0.0193322,
1651600791.712794836,0,0,-0.11484,0,0,0.0193322,
1651600791.717769342,0,0,-0.12428,0,0,0.0193322,
1651600791.722786661,0,0,-0.128302,0,0,0.0197184,
1651600791.727845543,0,0,-0.134792,0,0,0.0197184,
1651600791.732788955,0,0,-0.137902,0,0,0.0197184,
1651600791.737593409,0,0,-0.142822,0,0,0.0197184,
1651600791.742806666,0,0,-0.144955,0,0,0.0197184,
1651600791.747692630,0,0,-0.148191,0,0,0.0196996,
1651600791.752779742,0,0,-0.149508,0,0,0.0196996,
1651600791.757742842,0,0,-0.151503,0,0,0.0196996,
1651600791.762811515,0,0,-0.152364,0,0,0.0196996,
1651600791.767680708,0,0,-0.153663,0,0,0.0196996,
1651600791.772833757,0,0,-0.154218,0,0,0.0177726,
1651600791.778017119,0,0,-0.155059,0,0,0.0177726,
1651600791.782650477,0,0,-0.153764,0,0,0.0177726,
1651600791.787664255,0,0,-0.15102,0,0,0.0177726,
1651600791.793021576,0,0,-0.149796,0,0,0.0177726,
1651600791.797815196,0,0,-0.147882,0,0,0.0160878,
1651600791.803153714,0,0,-0.147094,0,0,0.0160878,
1651600791.807589572,0,0,-0.144397,0,0,0.0160878,
1651600791.812794600,0,0,-0.142422,0,0,0.0160878,
1651600791.817681554,0,0,-0.139038,0,0,0.0160878,
1651600791.822742727,0,0,-0.137607,0,0,0.0160878,
1651600791.827750099,0,0,-0.135053,0,0,0.0147684,
1651600791.832843095,0,0,-0.134101,0,0,0.0147684,
1651600791.837632965,0,0,-0.130497,0,0,0.0147684,
1651600791.842869973,0,0,-0.128791,0,0,0.0147684,
1651600791.847710728,0,0,-0.126164,0,0,0.0115094,
1651600791.852777631,0,0,-0.125028,0,0,0.0115094,
1651600791.857848388,0,0,-0.117738,0,0,0.0115094,
1651600791.862739821,0,0,-0.114276,0,0,0.0115094,
1651600791.867702869,0,0,-0.108756,0,0,0.00882956,
1651600791.872778261,0,0,-0.106387,0,0,0.00882956,
1651600791.877680579,0,0,-0.102429,0,0,0.00882956,
1651600791.882788784,0,0,-0.0944644,0,0,0.00882956,
1651600791.887717822,0,0,-0.0911227,0,0,0.00882956,
1651600791.892871235,0,0,-0.0851556,0,0,0.00520443,
1651600791.897690063,0,0,-0.080783,0,0,0.00520443,
1651600791.902636965,0,0,-0.0761399,0,0,0.00520443,
1651600791.907715899,0,0,-0.0677636,0,0,0.00520443,
1651600791.912810719,0,0,-0.0640858,0,0,0.00520443,
1651600791.917729027,0,0,-0.0585269,0,0,0.00192885,
1651600791.922630668,0,0,-0.0561177,0,0,0.00192885,
1651600791.927697571,0,0,-0.0468949,0,0,0.00192885,
1651600791.932824422,0,0,-0.0426053,0,0,0.00192885,
1651600791.937674605,0,0,-0.0359064,0,0,-0.00139257,
1651600791.942659892,0,0,-0.0330349,0,0,-0.00139257,
1651600791.947612367,0,0,-0.0230065,0,0,-0.00139257,
1651600791.952835000,0,0,-0.0183204,0,0,-0.00139257,
1651600791.957662682,0,0,-0.0109083,0,0,-0.00139257,
1651600791.962912034,0,0,-0.00780741,0,0,-0.00139257,
1651600791.967729196,0,0,-0.0023397,0,0,-0.00139257,
1651600791.973486831,0,0,-0.000324083,0,0,-0.00478274,
1651600791.977568624,0,0,0.00254121,0,0,-0.00478274,
1651600791.982720267,0,0,0.00664498,0,0,-0.00478274,
1651600791.987761753,0,0,0.0143071,0,0,-0.00727152,
1651600791.993489805,0,0,0.017654,0,0,-0.00727152,
1651600791.997659619,0,0,0.0270517,0,0,-0.00727152,
1651600792.002736626,0,0,0.0313257,0,0,-0.00727152,
1651600792.007655299,0,0,0.0379704,0,0,-0.00727152,
1651600792.012837827,0,0,0.0408752,0,0,-0.00885849,
1651600792.017634780,0,0,0.045153,0,0,-0.00885849,
1651600792.022664391,0,0,0.0483554,0,0,-0.00885849,
1651600792.027718325,0,0,0.0538476,0,0,-0.00885849,
1651600792.032956218,0,0,0.0562266,0,0,-0.0100385,
1651600792.037727129,0,0,0.0580135,0,0,-0.0100385,
1651600792.042723198,0,0,0.062446,0,0,-0.0100385,
1651600792.047598746,0,0,0.0671865,0,0,-0.0100385,
1651600792.052819659,0,0,0.0690905,0,0,-0.0100385,
1651600792.057653852,0,0,0.0719208,0,0,-0.0100385,
1651600792.062608879,0,0,0.0730839,0,0,-0.0100385,
1651600792.067665678,0,0,0.0748748,0,0,-0.0107927,
1651600792.072754716,0,0,0.0756439,0,0,-0.0107927,
1651600792.077747660,0,0,0.0781172,0,0,-0.0107927,
1651600792.082783052,0,0,0.079231,0,0,-0.0107927,
1651600792.087721256,0,0,0.080988,0,0,-0.0106818,
1651600792.093376807,0,0,0.081739,0,0,-0.0106818,
1651600792.097689591,0,0,0.0826921,0,0,-0.0106818,
1651600792.102640191,0,0,0.0830899,0,0,-0.0106818,
1651600792.107706260,0,0,0.0836792,0,0,-0.0106818,
1651600792.112852382,0,0,0.0839313,0,0,-0.0103794,
1651600792.117693346,0,0,0.0843098,0,0,-0.0103794,
1651600792.123342856,0,0,0.08408,0,0,-0.0103794,
1651600792.127726213,0,0,0.0839415,0,0,-0.0103794,
1651600792.132716657,0,0,0.0838314,0,0,-0.0103794,
1651600792.137751216,0,0,0.083637,0,0,-0.00923035,
1651600792.142664836,0,0,0.083552,0,0,-0.00923035,
1651600792.147679343,0,0,0.0814429,0,0,-0.00923035,
1651600792.152827444,0,0,0.0803516,0,0,-0.00923035,
1651600792.158361797,0,0,0.078792,0,0,-0.00923035,
1651600792.162696248,0,0,0.0781002,0,0,-0.00923035,
1651600792.167717525,0,0,0.0774036,0,0,-0.00800177,
1651600792.172773750,0,0,0.0764223,0,0,-0.00800177,
1651600792.177628829,0,0,0.0735638,0,0,-0.00800177,
1651600792.182633075,0,0,0.0722458,0,0,-0.00800177,
1651600792.187683571,0,0,0.0702076,0,0,-0.00800177,
1651600792.192880318,0,0,0.0693284,0,0,-0.00800177,
1651600792.197705761,0,0,0.0680001,0,0,-0.00631213,
1651600792.202655996,0,0,0.0674157,0,0,-0.00631213,
1651600792.207657951,0,0,0.0637774,0,0,-0.00631213,
1651600792.212776468,0,0,0.0637774,0,0,-0.00461072,
1651600792.217643891,0,0,0.0588998,0,0,-0.00461072,
1651600792.222683658,0,0,0.0560641,0,0,-0.00461072,
1651600792.227594622,0,0,0.0513117,0,0,-0.00461072,
1651600792.233014026,0,0,0.0493045,0,0,-0.00461072,
1651600792.237790250,0,0,0.0462418,0,0,-0.00249012,
1651600792.242717569,0,0,0.044909,0,0,-0.00249012,
1651600792.247617908,0,0,0.0392923,0,0,-0.00249012,
1651600792.252827520,0,0,0.036666,0,0,-0.00249012,
1651600792.258098121,0,0,0.0325023,0,0,-0.00249012,
1651600792.262767782,0,0,0.0307334,0,0,-0.00249012,
1651600792.267691507,0,0,0.0275699,0,0,-0.000142101,
1651600792.272821222,0,0,0.0264374,0,0,-0.000142101,
1651600792.277855989,0,0,0.0208038,0,0,-0.000142101,
1651600792.282796589,0,0,0.0181056,0,0,-0.000142101,
1651600792.287682501,0,0,0.0160489,0,0,-0.000142101,
1651600792.292830394,0,0,0.012114,0,0,-0.000142101,
1651600792.297723389,0,0,0.00892402,0,0,0.00152186,
1651600792.302770760,0,0,0.00696997,0,0,0.00152186,
1651600792.307653756,0,0,0.00398153,0,0,0.00152186,
1651600792.312744773,0,0,0.00194161,0,0,0.00152186,
1651600792.317746571,0,0,-0.00150102,0,0,0.00152186,
1651600792.322744723,0,0,-0.00300968,0,0,0.00152186,
1651600792.327590427,0,0,-0.00528343,0,0,0.00152186,
1651600792.332935977,0,0,-0.00626021,0,0,0.0031315,
1651600792.337619023,0,0,-0.0077266,0,0,0.0031315,
1651600792.342780353,0,0,-0.00974654,0,0,0.0031315,
1651600792.347719599,0,0,-0.0134369,0,0,0.00422579,
1651600792.352879940,0,0,-0.0150742,0,0,0.00422579,
1651600792.357633559,0,0,-0.0194173,0,0,0.00422579,
1651600792.362644993,0,0,-0.0225427,0,0,0.00422579,
1651600792.367728718,0,0,-0.0247331,0,0,0.00422579,
1651600792.372927341,0,0,-0.0259415,0,0,0.00422579,
1651600792.377675752,0,0,-0.0281086,0,0,0.00483818,
1651600792.382629841,0,0,-0.028948,0,0,0.00483818,
1651600792.387689921,0,0,-0.0312078,0,0,0.00483818,
1651600792.393142242,0,0,-0.0322536,0,0,0.00483818,
1651600792.397770445,0,0,-0.0338466,0,0,0.00524683,
1651600792.402682190,0,0,-0.0345312,0,0,0.00524683,
1651600792.407581904,0,0,-0.0362754,0,0,0.00524683,
1651600792.412879798,0,0,-0.0370683,0,0,0.00524683,
1651600792.417702376,0,0,-0.0384794,0,0,0.00544914,
1651600792.422664330,0,0,-0.0389969,0,0,0.00544914,
1651600792.427651597,0,0,-0.0400638,0,0,0.00544914,
1651600792.432891417,0,0,-0.0405547,0,0,0.00544914,
1651600792.438653636,0,0,-0.0414207,0,0,0.00544914,
1651600792.442821211,0,0,-0.0417455,0,0,0.00544914,
1651600792.447668373,0,0,-0.0423017,0,0,0.00530547,
1651600792.452758869,0,0,-0.0424982,0,0,0.00530547,
1651600792.457621760,0,0,-0.0425131,0,0,0.00530547,
1651600792.463386583,0,0,-0.042523,0,0,0.00530547,
1651600792.467773586,0,0,-0.0425101,0,0,0.00530547,
1651600792.472830281,0,0,-0.0425016,0,0,0.00504444,
1651600792.477624109,0,0,-0.0424874,0,0,0.00504444,
1651600792.482721845,0,0,-0.0422574,0,0,0.00504444,
1651600792.489445527,0,0,-0.0418012,0,0,0.00504444,
1651600792.492434189,0,0,-0.0416026,0,0,0.00504444,
1651600792.497721562,0,0,-0.0412748,0,0,0.00434109,
1651600792.502645235,0,0,-0.0411575,0,0,0.00434109,
1651600792.507686772,0,0,-0.0397644,0,0,0.00434109,
1651600792.512887947,0,0,-0.0390762,0,0,0.00372544,
1651600792.517654848,0,0,-0.0379993,0,0,0.00372544,
1651600792.522651594,0,0,-0.0370186,0,0,0.00372544,
1651600792.527600318,0,0,-0.0352398,0,0,0.00372544,
1651600792.532836441,0,0,-0.0344914,0,0,0.00372544,
1651600792.537633915,0,0,-0.0333373,0,0,0.00372544,
1651600792.542797068,0,0,-0.0328388,0,0,0.00276495,
1651600792.547795220,0,0,-0.0320865,0,0,0.00276495,
1651600792.553332177,0,0,-0.0298731,0,0,0.00276495,
1651600792.557607044,0,0,-0.0288105,0,0,0.00276495,
1651600792.562722489,0,0,-0.0279834,0,0,0.0019437,
1651600792.567650328,0,0,-0.0265628,0,0,0.0019437,
1651600792.572857492,0,0,-0.0252314,0,0,0.0019437,
1651600792.577629289,0,0,-0.0228767,0,0,0.0019437,
1651600792.583064162,0,0,-0.0210736,0,0,0.0019437,
1651600792.587883199,0,0,-0.020293,0,0,0.000920331,
1651600792.593271926,0,0,-0.0183257,0,0,0.000920331,
1651600792.597649294,0,0,-0.0169329,0,0,0.000920331,
1651600792.602669894,0,0,-0.0157726,0,0,0.000920331,
1651600792.607694296,0,0,-0.0137184,0,0,0.000920331,
1651600792.612798022,0,0,-0.0127583,0,0,0.000920331,
1651600792.617692945,0,0,-0.0114594,0,0,5.45977e-05,
1651600792.622631513,0,0,-0.0108828,0,0,5.45977e-05,
1651600792.628450920,0,0,-0.00852193,0,0,5.45977e-05,
1651600792.632792662,0,0,-0.00740545,0,0,5.45977e-05,
1651600792.637801231,0,0,-0.0062991,0,0,5.45977e-05,
1651600792.642826884,0,0,-0.00469921,0,0,-0.000826476,
1651600792.647731181,0,0,-0.00345086,0,0,-0.000826476,
1651600792.652806209,0,0,-0.0022277,0,0,-0.000826476,
1651600792.657712173,0,0,-8.43013e-05,0,0,-0.000826476,
1651600792.662736002,0,0,0.000854735,0,0,-0.00152407,
1651600792.667632592,0,0,0.00230812,0,0,-0.00152407,
1651600792.672730536,0,0,0.00347752,0,0,-0.00152407,
1651600792.677739105,0,0,0.00558447,0,0,-0.00152407,
1651600792.682869914,0,0,0.0065184,0,0,-0.00152407,
1651600792.687756451,0,0,0.00791401,0,0,-0.00213064,
1651600792.692780385,0,0,0.00855449,0,0,-0.00213064,
1651600792.697827600,0,0,0.0104521,0,0,-0.00213064,
1651600792.702762939,0,0,0.0113563,0,0,-0.00213064,
1651600792.707581403,0,0,0.0129865,0,0,-0.00213064,
1651600792.712835807,0,0,0.0136,0,0,-0.00213064,
1651600792.717759688,0,0,0.0144671,0,0,-0.00256933,
1651600792.723309457,0,0,0.0152006,0,0,-0.00256933,
1651600792.727957816,0,0,0.0158436,0,0,-0.00256933,
1651600792.732777269,0,0,0.0164165,0,0,-0.00280849,
1651600792.737669171,0,0,0.0174234,0,0,-0.00280849,
1651600792.742689303,0,0,0.018063,0,0,-0.00280849,
1651600792.747658548,0,0,0.0191536,0,0,-0.00280849,
1651600792.752840764,0,0,0.0196119,0,0,-0.00280849,
1651600792.757711468,0,0,0.020322,0,0,-0.00280849,
1651600792.762732537,0,0,0.0206275,0,0,-0.00295516,
1651600792.767606313,0,0,0.0210834,0,0,-0.00295516,
1651600792.772766341,0,0,0.0214065,0,0,-0.00295516,
1651600792.777975224,0,0,0.0219508,0,0,-0.00295516,
1651600792.782792125,0,0,0.0221883,0,0,-0.00295516,
1651600792.787641527,0,0,0.022367,0,0,-0.00295516,
1651600792.792853065,0,0,0.0227045,0,0,-0.00284032,
1651600792.797641581,0,0,0.0229747,0,0,-0.00284032,
1651600792.803229632,0,0,0.0229654,0,0,-0.00284032,
1651600792.807734917,0,0,0.0229383,0,0,-0.00284032,
1651600792.812892029,0,0,0.0229125,0,0,-0.00272688,
1651600792.817625857,0,0,0.022862,0,0,-0.00272688,
1651600792.822694947,0,0,0.0227508,0,0,-0.00272688,
1651600792.827676120,0,0,0.0225294,0,0,-0.00231982,
1651600792.832827033,0,0,0.0224074,0,0,-0.00231982,
1651600792.837950186,0,0,0.0216507,0,0,-0.00231982,
1651600792.842602763,0,0,0.021246,0,0,-0.00231982,
1651600792.847804406,0,0,0.0205817,0,0,-0.00231982,
1651600792.852995945,0,0,0.0202755,0,0,-0.00231982,
1651600792.858031962,0,0,0.0197906,0,0,-0.00231982,
1651600792.862667091,0,0,0.0196108,0,0,-0.00200413,
1651600792.867600608,0,0,0.0193475,0,0,-0.00200413,
1651600792.872812095,0,0,0.0189353,0,0,-0.00200413,
1651600792.877791913,0,0,0.0182532,0,0,-0.00200413,
1651600792.882737253,0,0,0.0179466,0,0,-0.00200413,
1651600792.887683478,0,0,0.0174742,0,0,-0.00150866,
1651600792.893014705,0,0,0.0172702,0,0,-0.00150866,
1651600792.897682022,0,0,0.016499,0,0,-0.00150866,
1651600792.902691320,0,0,0.0159424,0,0,-0.00150866,
1651600792.907779629,0,0,0.0149954,0,0,-0.0010687,
1651600792.912752052,0,0,0.0145847,0,0,-0.0010687,
1651600792.917747600,0,0,0.0132135,0,0,-0.0010687,
1651600792.922723669,0,0,0.0125723,0,0,-0.000488569,
1651600792.928215678,0,0,0.0115774,0,0,-0.000488569,
1651600792.932781171,0,0,0.0106616,0,0,-0.000488569,
1651600792.938669120,0,0,0.00899495,0,0,-0.000488569,
1651600792.942556745,0,0,0.00899495,0,0,-0.000488569,
1651600792.947708492,0,0,0.00684184,0,0,-0.000488569,
1651600792.952847531,0,0,0.00630193,0,0,-8.52558e-05,
1651600792.957698286,0,0,0.00567189,0,0,-8.52558e-05,
1651600792.962752637,0,0,0.00507128,0,0,-8.52558e-05,
1651600792.967971936,0,0,0.0040131,0,0,-8.52558e-05,
1651600792.972831129,0,0,0.00354575,0,0,0.000374338,
1651600792.977690426,0,0,0.00283378,0,0,0.000374338,
1651600792.982608891,0,0,0.00211143,0,0,0.000374338,
1651600792.987618814,0,0,0.000893503,0,0,0.000374338,
1651600792.993175406,0,0,0.00034955,0,0,0.000374338,
1651600792.997733608,0,0,-0.000483137,0,0,0.000722797,
1651600793.002742750,0,0,-0.000838327,0,0,0.000722797,
1651600793.007643350,0,0,-0.00197465,0,0,0.000722797,
1651600793.012754315,0,0,-0.00249742,0,0,0.000722797,
1651600793.017753249,0,0,-0.00330633,0,0,0.000722797,
1651600793.022781713,0,0,-0.00365811,0,0,0.00103918,
1651600793.027620698,0,0,-0.00418461,0,0,0.00103918,
1651600793.032799476,0,0,-0.00468093,0,0,0.00103918,
1651600793.037701013,0,0,-0.00556644,0,0,0.00103918,
1651600793.042836562,0,0,-0.00620707,0,0,0.00103918,
1651600793.047629713,0,0,-0.00662926,0,0,0.00103918,
1651600793.052852398,0,0,-0.00685368,0,0,0.00124374,
1651600793.057677841,0,0,-0.00721765,0,0,0.00124374,
1651600793.062780264,0,0,-0.00754422,0,0,0.00124374,
1651600793.067687270,0,0,-0.0078277,0,0,0.00134032,
1651600793.072801673,0,0,-0.00841567,0,0,0.00134032,
1651600793.077627897,0,0,-0.00903098,0,0,0.00134032,
1651600793.082856415,0,0,-0.00927678,0,0,0.00134032,
1651600793.087912224,0,0,-0.00963743,0,0,0.00134032,
1651600793.092810115,0,0,-0.00979307,0,0,0.00134032,
1651600793.097692694,0,0,-0.0100234,0,0,0.00138394,
1651600793.102655741,0,0,-0.0101225,0,0,0.00138394,
1651600793.107684935,0,0,-0.0103465,0,0,0.00138394,
1651600793.112799338,0,0,-0.0104473,0,0,0.00138394,
1651600793.117669469,0,0,-0.0106024,0,0,0.00139868,
1651600793.122679861,0,0,-0.0106685,0,0,0.00139868,
1651600793.127740617,0,0,-0.0107979,0,0,0.00139868,
1651600793.132696790,0,0,-0.0108532,0,0,0.00139868,
1651600793.137764578,0,0,-0.0109369,0,0,0.00129192,
1651600793.142685178,0,0,-0.0109726,0,0,0.00129192,
1651600793.147713278,0,0,-0.010844,0,0,0.00129192,
1651600793.152847837,0,0,-0.0107766,0,0,0.00129192,
1651600793.157762135,0,0,-0.0106681,0,0,0.00118855,
1651600793.162640807,0,0,-0.0106217,0,0,0.00118855,
1651600793.167667762,0,0,-0.0103725,0,0,0.00118855,
1651600793.172778519,0,0,-0.0102544,0,0,0.00118855,
1651600793.177623910,0,0,-0.0100687,0,0,0.00118855,
1651600793.182621020,0,0,-0.0099904,0,0,0.00118855,
1651600793.187768027,0,0,-0.0098711,0,0,0.00118855,
1651600793.192796127,0,0,-0.00981889,0,0,0.00118855,
1651600793.197708810,0,0,-0.0097414,0,0,0.000987158,
1651600793.202736598,0,0,-0.00970861,0,0,0.000987158,
1651600793.207755532,0,0,-0.0093154,0,0,0.000792073,
1651600793.212789257,0,0,-0.00912315,0,0,0.000792073,
1651600793.217599439,0,0,-0.00848738,0,0,0.000792073,
1651600793.222658321,0,0,-0.00818881,0,0,0.000792073,
1651600793.227715276,0,0,-0.00773242,0,0,0.000792073,
1651600793.233221660,0,0,-0.00738705,0,0,0.000792073,
1651600793.237758716,0,0,-0.00723655,0,0,0.000523547,
1651600793.243105307,0,0,-0.00712687,0,0,0.000523547,
1651600793.247600071,0,0,-0.00646808,0,0,0.000523547,
1651600793.252853589,0,0,-0.00615964,0,0,0.000523547,
1651600793.257756376,0,0,-0.00567111,0,0,0.000523547,
1651600793.262976717,0,0,-0.00546295,0,0,0.000307326,
1651600793.267606690,0,0,-0.0051454,0,0,0.000307326,
1651600793.272785052,0,0,-0.00479317,0,0,0.000307326,
1651600793.277780131,0,0,-0.00424996,0,0,0.000307326,
1651600793.282647606,0,0,-0.00400095,0,0,0.000307326,
1651600793.287652633,0,0,-0.0036206,0,0,0.000307326,
1651600793.293131621,0,0,-0.00333247,0,0,3.19425e-05,
1651600793.297581020,0,0,-0.00320706,0,0,3.19425e-05,
1651600793.302703600,0,0,-0.0028736,0,0,3.19425e-05,
1651600793.307708263,0,0,-0.00256917,0,0,3.19425e-05,
1651600793.313181209,0,0,-0.00189894,0,0,3.19425e-05,
1651600793.317694671,0,0,-0.00143301,0,0,-0.000145764,
1651600793.323327618,0,0,-0.000984164,0,0,-0.000145764,
1651600793.327652017,0,0,-0.000704922,0,0,-0.000145764,
1651600793.332851108,0,0,-0.000474034,0,0,-0.000361356,
1651600793.337637436,0,0,-7.56941e-05,0,0,-0.000361356,
1651600793.342654546,0,0,0.000276243,0,0,-0.000361356,
1651600793.347730043,0,0,0.000912952,0,0,-0.000361356,
1651600793.353029863,0,0,0.00120658,0,0,-0.000361356,
1651600793.357734889,0,0,0.00168441,0,0,-0.000506707,
1651600793.362679082,0,0,0.00186168,0,0,-0.000506707,
1651600793.367595359,0,0,0.00236912,0,0,-0.000506707,
1651600793.372865700,0,0,0.00260502,0,0,-0.000622826,
1651600793.377619476,0,0,0.00301643,0,0,-0.000622826,
1651600793.382755285,0,0,0.00326643,0,0,-0.000622826,
1651600793.387593957,0,0,0.00368797,0,0,-0.000622826,
1651600793.392775965,0,0,0.00387034,0,0,-0.000622826,
1651600793.397647658,0,0,0.00414709,0,0,-0.000622826,
1651600793.402769300,0,0,0.00426549,0,0,-0.000622826,
1651600793.407697400,0,0,0.00444338,0,0,-0.000705337,
1651600793.412858782,0,0,0.00451961,0,0,-0.000705337,
1651600793.417591048,0,0,0.00464651,0,0,-0.000705337,
1651600793.422706492,0,0,0.00489558,0,0,-0.000705337,
1651600793.427850687,0,0,0.00510833,0,0,-0.000705337,
1651600793.433056861,0,0,0.00518794,0,0,-0.000732954,
1651600793.437683813,0,0,0.00530292,0,0,-0.000732954,
1651600793.442758112,0,0,0.00537485,0,0,-0.000732954,
1651600793.447706003,0,0,0.00549989,0,0,-0.000732954,
1651600793.452782177,0,0,0.00554875,0,0,-0.000737233,
1651600793.457593974,0,0,0.00562447,0,0,-0.000737233,
1651600793.462729887,0,0,0.00566184,0,0,-0.000737233,
1651600793.467783769,0,0,0.00572011,0,0,-0.000737233,
1651600793.472842650,0,0,0.00574528,0,0,-0.000737233,
1651600793.477741271,0,0,0.00578321,0,0,-0.000737233,
1651600793.482601609,0,0,0.00579933,0,0,-0.000737233,
1651600793.487687835,0,0,0.0058239,0,0,-0.000680527,
1651600793.492918905,0,0,0.00583443,0,0,-0.000680527,
1651600793.497636170,0,0,0.00575357,0,0,-0.000680527,
1651600793.502724115,0,0,0.00571192,0,0,-0.000680527,
1651600793.507720340,0,0,0.00564606,0,0,-0.000680527,
1651600793.513136411,0,0,0.00561748,0,0,-0.000617985,
1651600793.517729405,0,0,0.00557414,0,0,-0.000617985,
1651600793.523151934,0,0,0.00543078,0,0,-0.00048557,
1651600793.527616698,0,0,0.00536403,0,0,-0.00048557,
1651600793.532824747,0,0,0.00520011,0,0,-0.00048557,
1651600793.537581388,0,0,0.00504364,0,0,-0.00048557,
1651600793.542933292,0,0,0.00474258,0,0,-0.00048557,
1651600793.547715089,0,0,0.00449666,0,0,-0.00048557,
1651600793.552803085,0,0,0.00440491,0,0,-0.00048557,
1651600793.557655872,0,0,0.00427443,0,0,-0.000394268,
1651600793.562648763,0,0,0.00421956,0,0,-0.000394268,
1651600793.567737124,0,0,0.00398024,0,0,-0.000394268,
1651600793.572782673,0,0,0.00386599,0,0,-0.000394268,
1651600793.577710564,0,0,0.00369012,0,0,-0.000394268,
1651600793.582870488,0,0,0.00360896,0,0,-0.000259867,
1651600793.587680462,0,0,0.00349837,0,0,-0.000259867,
1651600793.592882157,0,0,0.00333675,0,0,-0.000259867,
1651600793.597731402,0,0,0.00303195,0,0,-0.000259867,
1651600793.602717211,0,0,0.00289773,0,0,-0.00014537,
1651600793.607656873,0,0,0.00269564,0,0,-0.00014537,
1651600793.612760130,0,0,0.00250984,0,0,-0.00014537,
1651600793.617659531,0,0,0.00234873,0,0,-0.00014537,
1651600793.622670913,0,0,0.00203925,0,0,-0.00014537,
1651600793.627714690,0,0,0.00178689,0,0,-1.11807e-05,
1651600793.632755134,0,0,0.00169365,0,0,-1.11807e-05,
1651600793.637695369,0,0,0.00133226,0,0,-1.11807e-05,
1651600793.642615917,0,0,0.00116098,0,0,-1.11807e-05,
1651600793.647705632,0,0,0.000865186,0,0,-1.11807e-05,
1651600793.652844098,0,0,0.000777572,0,0,-1.11807e-05,
1651600793.657628759,0,0,0.000611566,0,0,-1.11807e-05,
1651600793.662670505,0,0,0.000538061,0,0,9.2998e-05,
1651600793.667630168,0,0,0.000426644,0,0,9.2998e-05,
1651600793.672843634,0,0,0.000289981,0,0,9.2998e-05,
1651600793.677755744,0,0,3.76301e-05,0,0,0.000194413,
1651600793.682690562,0,0,-6.9851e-05,0,0,0.000194413,
1651600793.687696527,0,0,-0.000410344,0,0,0.000194413,
1651600793.692786659,0,0,-0.000568985,0,0,0.000194413,
1651600793.698286480,0,0,-0.000813277,0,0,0.000194413,
1651600793.702892964,0,0,-0.000919988,0,0,0.000194413,
1651600793.707871636,0,0,-0.00107629,0,0,0.000258877,
1651600793.712848486,0,0,-0.0011441,0,0,0.000258877,
1651600793.717640283,0,0,-0.00135728,0,0,0.000258877,
1651600793.722970521,0,0,-0.00145524,0,0,0.000258877,
1651600793.727735390,0,0,-0.00160725,0,0,0.00030995,
1651600793.732787866,0,0,-0.00167382,0,0,0.00030995,
1651600793.737588621,0,0,-0.0018591,0,0,0.00030995,
1651600793.742752399,0,0,-0.00194484,0,0,0.00030995,
1651600793.747706280,0,0,-0.00207695,0,0,0.00030995,
1651600793.752807714,0,0,-0.00213504,0,0,0.00030995,
1651600793.757927742,0,0,-0.00222025,0,0,0.000342015,
1651600793.762728914,0,0,-0.00225728,0,0,0.000342015,
1651600793.767715295,0,0,-0.00236648,0,0,0.000344501,
1651600793.772937563,0,0,-0.00241731,0,0,0.000344501,
1651600793.777851027,0,0,-0.00250087,0,0,0.000344501,
1651600793.782658137,0,0,-0.0025368,0,0,0.000344501,
1651600793.787700925,0,0,-0.00259134,0,0,0.000344501,
1651600793.792859286,0,0,-0.00261468,0,0,0.000340468,
1651600793.797574155,0,0,-0.00264988,0,0,0.000340468,
1651600793.803254916,0,0,-0.00266136,0,0,0.000340468,
1651600793.807735825,0,0,-0.00267716,0,0,0.000340468,
1651600793.813221532,0,0,-0.00268871,0,0,0.000340468,
1651600793.817748276,0,0,-0.00269375,0,0,0.000335949,
1651600793.823039138,0,0,-0.00269683,0,0,0.000335949,
1651600793.827678069,0,0,-0.00269617,0,0,0.000335949,
1651600793.832931171,0,0,-0.00269518,0,0,0.000335949,
1651600793.837685467,0,0,-0.00269335,0,0,0.000335949,
1651600793.842709557,0,0,-0.00269254,0,0,0.000335949,
1651600793.847675938,0,0,-0.00269193,0,0,0.000335949,
1651600793.852784195,0,0,-0.0026907,0,0,0.000293183,
1651600793.857779899,0,0,-0.00268977,0,0,0.000293183,
1651600793.862885136,0,0,-0.00265302,0,0,0.000293183,
1651600793.867594536,0,0,-0.00261669,0,0,0.000293183,
1651600793.872841075,0,0,-0.0025468,0,0,0.000222185,
1651600793.877615841,0,0,-0.00248918,0,0,0.000222185,
1651600793.882711337,0,0,-0.00240643,0,0,0.000222185,
1651600793.887667614,0,0,-0.00225544,0,0,0.000222185,
1651600793.892884674,0,0,-0.00218788,0,0,0.000222185,
1651600793.897630064,0,0,-0.00208553,0,0,0.000222185,
1651600793.902831499,0,0,-0.0020421,0,0,0.000171414,
1651600793.907579806,0,0,-0.00197637,0,0,0.000171414,
1651600793.912807334,0,0,-0.00190472,0,0,0.000171414,
1651600793.917619079,0,0,-0.00177568,0,0,0.000171414,
1651600793.922790722,0,0,-0.0017194,0,0,0.000103485,
1651600793.927649706,0,0,-0.00163333,0,0,0.000103485,
1651600793.932725776,0,0,-0.00153786,0,0,0.000103485,
1651600793.937943981,0,0,-0.00136576,0,0,0.000103485,
1651600793.943112759,0,0,-0.0012328,0,0,0.000103485,
1651600793.947600961,0,0,-0.00117539,0,0,0.000103485,
1651600793.952808177,0,0,-0.00113199,0,0,4.45181e-05,
1651600793.958640760,0,0,-0.0010577,0,0,4.45181e-05,
1651600793.962741512,0,0,-0.000975487,0,0,4.45181e-05,
1651600793.967657528,0,0,-0.000803113,0,0,-1.81568e-05,
1651600793.973138808,0,0,-0.000750432,0,0,-1.81568e-05,
1651600793.977605759,0,0,-0.0005476,0,0,-1.81568e-05,
1651600793.982643547,0,0,-0.000452135,0,0,-1.81568e-05,
1651600793.987619876,0,0,-0.000305035,0,0,-1.81568e-05,
1651600793.992952145,0,0,-0.000240967,0,0,-1.81568e-05,
1651600793.997646962,0,0,-0.000144606,0,0,-1.81568e-05,
1651600794.002750323,0,0,-0.000104064,0,0,-6.76692e-05,
1651600794.007651183,0,0,-4.16474e-05,0,0,-6.76692e-05,
1651600794.012820690,0,0,2.65865e-05,0,0,-6.76692e-05,
1651600794.017663737,0,0,0.000150804,0,0,-6.76692e-05,
1651600794.023099600,0,0,0.000246655,0,0,-6.76692e-05,
1651600794.027698219,0,0,0.000288722,0,0,-0.000112061,
1651600794.032909758,0,0,0.000320318,0,0,-0.000112061,
1651600794.037727023,0,0,0.000449633,0,0,-0.000112061,
1651600794.042903458,0,0,0.000511245,0,0,-0.000142455,
1651600794.047642129,0,0,0.000620367,0,0,-0.000142455,
1651600794.052808407,0,0,0.000686922,0,0,-0.000142455,
1651600794.057665413,0,0,0.000798936,0,0,-0.000142455,
1651600794.062701690,0,0,0.000846214,0,0,-0.000142455,
1651600794.067753332,0,0,0.000918846,0,0,-0.000161001,
1651600794.072778360,0,0,0.000950111,0,0,-0.000161001,
1651600794.077669219,0,0,0.0010291,0,0,-0.000161001,
1651600794.082623882,0,0,0.00106517,0,0,-0.000161001,
1651600794.087809431,0,0,0.00112031,0,0,-0.000161001,
1651600794.092820760,0,0,0.00114408,0,0,-0.000161001,
1651600794.097708547,0,0,0.00117984,0,0,-0.000172442,
1651600794.102666334,0,0,0.00119518,0,0,-0.000172442,
1651600794.107548913,0,0,0.00123786,0,0,-0.000172442,
1651600794.112866650,0,0,0.00125714,0,0,-0.000172442,
1651600794.117655739,0,0,0.00128758,0,0,-0.000172442,
1651600794.123119727,0,0,0.00131024,0,0,-0.000169252,
1651600794.127747773,0,0,0.00132017,0,0,-0.000169252,
1651600794.132805717,0,0,0.00132481,0,0,-0.000169252,
1651600794.137702045,0,0,0.0013325,0,0,-0.000169252,
1651600794.142691343,0,0,0.00133521,0,0,-0.000169252,
1651600794.147650797,0,0,0.00133745,0,0,-0.000161687,
1651600794.152799106,0,0,0.00134182,0,0,-0.000161687,
1651600794.157711633,0,0,0.00133246,0,0,-0.000161687,
1651600794.162678275,0,0,0.00132725,0,0,-0.000161687,
1651600794.167726896,0,0,0.00131899,0,0,-0.000161687,
1651600794.172893799,0,0,0.00131539,0,0,-0.000161687,
1651600794.177814138,0,0,0.00131272,0,0,-0.000139818,
1651600794.182710571,0,0,0.00130754,0,0,-0.000139818,
1651600794.187640493,0,0,0.00126598,0,0,-0.000139818,
1651600794.192826824,0,0,0.0012458,0,0,-0.000139818,
1651600794.197754455,0,0,0.00121429,0,0,-0.000139818,
1651600794.202710523,0,0,0.00120079,0,0,-0.000117049,
1651600794.207611331,0,0,0.00118043,0,0,-0.000117049,
1651600794.212763911,0,0,0.00115205,0,0,-0.000117049,
1651600794.217684250,0,0,0.00110003,0,0,-0.000117049,
1651600794.223204020,0,0,0.00105983,0,0,-8.53723e-05,
1651600794.227620502,0,0,0.00104231,0,0,-8.53723e-05,
1651600794.233270168,0,0,0.000964113,0,0,-8.53723e-05,
1651600794.237591598,0,0,0.000925162,0,0,-8.53723e-05,
1651600794.242928294,0,0,0.000895222,0,0,-8.53723e-05,
1651600794.247685819,0,0,0.000843879,0,0,-8.53723e-05,
1651600794.252863556,0,0,0.000821295,0,0,-5.98869e-05,
1651600794.257617123,0,0,0.000786873,0,0,-5.98869e-05,
1651600794.262650588,0,0,0.000750238,0,0,-5.98869e-05,
1651600794.267679834,0,0,0.000682973,0,0,-5.98869e-05,
1651600794.272845800,0,0,0.000655379,0,0,-5.98869e-05,
1651600794.277742805,0,0,0.000611871,0,0,-2.80622e-05,
1651600794.283038043,0,0,0.000593094,0,0,-2.80622e-05,
1651600794.287686818,0,0,0.000510668,0,0,-2.80622e-05,
1651600794.292867419,0,0,0.000471567,0,0,-2.80622e-05,
1651600794.297859060,0,0,0.000410363,0,0,-2.80622e-05,
1651600794.302670597,0,0,0.00038401,0,0,-2.13135e-06,
1651600794.307635624,0,0,0.000344362,0,0,-2.13135e-06,
1651600794.312724141,0,0,0.000305528,0,0,-2.13135e-06,
1651600794.317775366,0,0,0.000235362,0,0,-2.13135e-06,
1651600794.322721435,0,0,0.000187292,0,0,2.35755e-05,
1651600794.327609482,0,0,0.00015399,0,0,2.35755e-05,
1651600794.332746698,0,0,0.0001138,0,0,2.35755e-05,
1651600794.337604849,0,0,4.06089e-05,0,0,2.35755e-05,
1651600794.342737481,0,0,8.98237e-06,0,0,2.35755e-05,
1651600794.347723862,0,0,-4.01786e-05,0,0,4.26255e-05,
1651600794.352729150,0,0,-6.13901e-05,0,0,4.26255e-05,
1651600794.357736365,0,0,-0.0001253,0,0,4.26255e-05,
1651600794.362716808,0,0,-0.000154959,0,0,4.26255e-05,
1651600794.367626731,0,0,-0.000201117,0,0,4.26255e-05,
1651600794.372795092,0,0,-0.000221037,0,0,4.26255e-05,
1651600794.377761317,0,0,-0.000250823,0,0,4.26255e-05,
1651600794.383160878,0,0,-0.000273097,0,0,5.95771e-05,
1651600794.387643350,0,0,-0.00028283,0,0,5.95771e-05,
1651600794.393334995,0,0,-0.000325513,0,0,7.10342e-05,
1651600794.397704082,0,0,-0.000345918,0,0,7.10342e-05,
1651600794.402759526,0,0,-0.000371719,0,0,7.10342e-05,
1651600794.407591427,0,0,-0.000419028,0,0,7.10342e-05,
1651600794.412762549,0,0,-0.000440103,0,0,7.10342e-05,
1651600794.417607263,0,0,-0.00047196,0,0,7.10342e-05,
1651600794.429921340,0,0,-0.00048556,0,0,7.10342e-05,
1651600794.433148284,0,0,-0.000516286,0,0,7.76862e-05,
1651600794.438327323,0,0,-0.000535458,0,0,7.76862e-05,
1651600794.443238756,0,0,-0.000557873,0,0,7.99784e-05,
1651600794.448172793,0,0,-0.00056704,0,0,7.99784e-05,
1651600794.453267821,0,0,-0.000575727,0,0,7.99784e-05,
1651600794.458173264,0,0,-0.00059131,0,0,7.99784e-05,
1651600794.463210375,0,0,-0.000603192,0,0,7.99784e-05,
1651600794.468447434,0,0,-0.000608468,0,0,7.36529e-05,
1651600794.473238242,0,0,-0.000616277,0,0,7.36529e-05,
1651600794.478199571,0,0,-0.00061422,0,0,7.36529e-05,
1651600794.483190431,0,0,-0.000608615,0,0,7.36529e-05,
1651600794.488229365,0,0,-0.000605985,0,0,7.36529e-05,
1651600794.493391163,0,0,-0.000602125,0,0,7.36529e-05,
1651600794.498239940,0,0,-0.000600361,0,0,7.36529e-05,
1651600794.503213456,0,0,-0.000597814,0,0,7.36529e-05,
1651600794.508247963,0,0,-0.000596612,0,0,6.94828e-05,
1651600794.513309032,0,0,-0.000591231,0,0,6.94828e-05,
1651600794.518292601,0,0,-0.000586965,0,0,6.94828e-05,
1651600794.523256326,0,0,-0.000579815,0,0,5.67254e-05,
1651600794.528253176,0,0,-0.000576575,0,0,5.67254e-05,
1651600794.533271953,0,0,-0.000549514,0,0,5.67254e-05,
1651600794.538485939,0,0,-0.000536474,0,0,5.67254e-05,
1651600794.543286330,0,0,-0.000516005,0,0,4.64026e-05,
1651600794.548186461,0,0,-0.000507288,0,0,4.64026e-05,
1651600794.553247061,0,0,-0.000491904,0,0,4.64026e-05,
1651600794.558289432,0,0,-0.000461953,0,0,4.64026e-05,
1651600794.563513367,0,0,-0.000436157,0,0,4.64026e-05,
1651600794.568285841,0,0,-0.000426478,0,0,3.15267e-05,
1651600794.573428265,0,0,-0.000412662,0,0,3.15267e-05,
1651600794.578220530,0,0,-0.000393957,0,0,3.15267e-05,
1651600794.583521080,0,0,-0.000361055,0,0,3.15267e-05,
1651600794.588232772,0,0,-0.000346428,0,0,1.98644e-05,
1651600794.593273893,0,0,-0.000335041,0,0,1.98644e-05,
1651600794.598214857,0,0,-0.000303273,0,0,1.98644e-05,
1651600794.603164780,0,0,-0.000269713,0,0,1.98644e-05,
1651600794.608205068,0,0,-0.00025427,0,0,1.98644e-05,
1651600794.613307700,0,0,-0.000242393,0,0,1.98644e-05,
1651600794.618264133,0,0,-0.000222101,0,0,1.98644e-05,
1651600794.623275931,0,0,-0.000206508,0,0,1.17872e-05,
1651600794.628212312,0,0,-0.000199684,0,0,1.17872e-05,
1651600794.633527653,0,0,-0.000187848,0,0,1.17872e-05,
1651600794.638244918,0,0,-0.000165186,0,0,1.17872e-05,
1651600794.643293748,0,0,-0.000147662,0,0,-1.08814e-06,
1651600794.648181795,0,0,-0.00013976,0,0,-1.08814e-06,
1651600794.653391355,0,0,-0.000107937,0,0,-1.08814e-06,
1651600794.658289506,0,0,-9.24338e-05,0,0,-1.08814e-06,
1651600794.663215367,0,0,-6.75822e-05,0,0,-1.04236e-05,
1651600794.668619354,0,0,-5.66868e-05,0,0,-1.04236e-05,
1651600794.673310942,0,0,-4.06409e-05,0,0,-1.04236e-05,
1651600794.678355032,0,0,-9.38524e-06,0,0,-1.04236e-05,
1651600794.683310840,0,0,1.8014e-05,0,0,-1.04236e-05,
1651600794.688280398,0,0,1.8014e-05,0,0,-1.95253e-05,
1651600794.693234957,0,0,5.00703e-05,0,0,-1.95253e-05,
1651600794.698161858,0,0,6.50265e-05,0,0,-1.95253e-05,
1651600794.703183604,0,0,8.76551e-05,0,0,-1.95253e-05,
1651600794.708179621,0,0,9.74251e-05,0,0,-1.95253e-05,
1651600794.713374337,0,0,0.000111049,0,0,-1.95253e-05,
1651600794.718282488,0,0,0.000117212,0,0,-2.63993e-05,
1651600794.723211838,0,0,0.000128352,0,0,-2.63993e-05,
1651600794.728133583,0,0,0.000138558,0,0,-2.63993e-05,
1651600794.733399081,0,0,0.000147447,0,0,-3.13337e-05,
1651600794.738223690,0,0,0.000163055,0,0,-3.13337e-05,
1651600794.743172884,0,0,0.000173872,0,0,-3.13337e-05,
1651600794.748202182,0,0,0.000194227,0,0,-3.13337e-05,
1651600794.753452888,0,0,0.000202357,0,0,-3.13337e-05,
1651600794.758374321,0,0,0.000216631,0,0,-3.13337e-05,
1651600794.763260180,0,0,0.00022704,0,0,-3.13337e-05,
1651600794.768206145,0,0,0.000230597,0,0,-3.13337e-05,
1651600794.773362787,0,0,0.000233104,0,0,-3.3648e-05,
1651600794.778231043,0,0,0.000237787,0,0,-3.3648e-05,
1651600794.783315654,0,0,0.000245444,0,0,-3.44215e-05,
1651600794.788174691,0,0,0.000248798,0,0,-3.44215e-05,
1651600794.793287479,0,0,0.000252025,0,0,-3.44215e-05,
1651600794.798154797,0,0,0.000258022,0,0,-3.44215e-05,
1651600794.803217741,0,0,0.000262333,0,0,-3.44215e-05,
1651600794.808323550,0,0,0.000264208,0,0,-3.44215e-05,
1651600794.813304827,0,0,0.000266823,0,0,-3.45104e-05,
1651600794.818189385,0,0,0.00026797,0,0,-3.45104e-05,
1651600794.823201183,0,0,0.000268955,0,0,-3.45104e-05,
1651600794.828165949,0,0,0.000270823,0,0,-3.45104e-05,
1651600794.833484155,0,0,0.000272355,0,0,-3.16635e-05,
1651600794.838330015,0,0,0.000273078,0,0,-3.16635e-05,
1651600794.843925514,0,0,0.000269604,0,0,-3.16635e-05,
1651600794.848298142,0,0,0.000267528,0,0,-3.16635e-05,
1651600794.853274784,0,0,0.000264252,0,0,-3.16635e-05,
1651600794.858249186,0,0,0.000262752,0,0,-2.85775e-05,
1651600794.863169837,0,0,0.000260423,0,0,-2.85775e-05,
1651600794.868211010,0,0,0.000256762,0,0,-2.85775e-05,
1651600794.873426455,0,0,0.000253399,0,0,-2.85775e-05,
1651600794.878274294,0,0,0.000246916,0,0,-2.85775e-05,
1651600794.883249165,0,0,0.000246916,0,0,-2.31279e-05,
1651600794.888316484,0,0,0.000240366,0,0,-2.31279e-05,
1651600794.893445210,0,0,0.00022689,0,0,-1.87167e-05,
1651600794.898169975,0,0,0.000221228,0,0,-1.87167e-05,
1651600794.903196669,0,0,0.000205207,0,0,-1.87167e-05,
1651600794.908284874,0,0,0.000197526,0,0,-1.87167e-05,
1651600794.913342558,0,0,0.000191718,0,0,-1.87167e-05,
1651600794.918702691,0,0,0.000180744,0,0,-1.1652e-05,
1651600794.926030699,0,0,0.000171827,0,0,-1.1652e-05,
1651600794.930236972,0,0,0.000162569,0,0,-1.1652e-05,
1651600794.933632928,0,0,0.000153083,0,0,-1.1652e-05,
1651600794.938247953,0,0,0.000137332,0,0,-6.99088e-06,
1651600794.943446367,0,0,0.000131049,0,0,-6.99088e-06,
1651600794.948138944,0,0,0.000115812,0,0,-6.99088e-06,
1651600794.953226680,0,0,0.000101448,0,0,-6.99088e-06,
1651600794.958278218,0,0,9.50768e-05,0,0,-6.99088e-06,
1651600794.963240693,0,0,8.52872e-05,0,0,-6.99088e-06,
1651600794.968691400,0,0,8.12289e-05,0,0,-3.66361e-06,
1651600794.973406529,0,0,7.8101e-05,0,0,-3.66361e-06,
1651600794.978156086,0,0,6.93972e-05,0,0,-3.66361e-06,
1651600794.983404969,0,0,5.98431e-05,0,0,-3.66361e-06,
1651600794.988285673,0,0,5.56218e-05,0,0,-3.66361e-06,
1651600794.992962208,0,0,4.96884e-05,0,0,2.17176e-06,
1651600794.997942965,0,0,4.20987e-05,0,0,2.17176e-06,
1651600795.002918408,0,0,2.9019e-05,0,0,6.29746e-06,
1651600795.007972029,0,0,2.05607e-05,0,0,1.00056e-05,
1651600795.012992630,0,0,1.36961e-06,0,0,1.00056e-05,
1651600795.017929948,0,0,-7.35748e-06,0,0,1.21608e-05,
1651600795.022842475,0,0,-2.55755e-05,0,0,1.21608e-05,
1651600795.027983232,0,0,-3.3269e-05,0,0,1.35378e-05,
1651600795.033012009,0,0,-4.89639e-05,0,0,1.35378e-05,
1651600795.037919015,0,0,-5.53182e-05,0,0,1.45591e-05,
1651600795.042944875,0,0,-6.80533e-05,0,0,1.45591e-05,
1651600795.047943340,0,0,-7.33049e-05,0,0,1.53929e-05,
1651600795.052935450,0,0,-8.37035e-05,0,0,1.53929e-05,
1651600795.057953654,0,0,-8.7933e-05,0,0,1.59835e-05,
1651600795.062958734,0,0,-9.6482e-05,0,0,1.59835e-05,
1651600795.067921573,0,0,-0.000100079,0,0,1.63609e-05,
1651600795.072996757,0,0,-0.000106375,0,0,1.63609e-05,
1651600795.077961523,0,0,-0.000108982,0,0,1.65653e-05,
1651600795.082984571,0,0,-0.000114111,0,0,1.65653e-05,
1651600795.087916577,0,0,-0.000116058,0,0,1.66729e-05,
1651600795.093433065,0,0,-0.000119941,0,0,1.66729e-05,
1651600795.098236321,0,0,-0.000121777,0,0,1.66729e-05,
1651600795.103298952,0,0,-0.000123219,0,0,1.55048e-05,
1651600795.108158041,0,0,-0.000125694,0,0,1.55048e-05,
1651600795.113292131,0,0,-0.000125604,0,0,1.55048e-05,
1651600795.118266846,0,0,-0.000125427,0,0,1.45861e-05,
1651600795.123192445,0,0,-0.000124356,0,0,1.45861e-05,
1651600795.128169504,0,0,-0.000123401,0,0,1.45861e-05,
1651600795.133390105,0,0,-0.000122579,0,0,1.45861e-05,
1651600795.138241954,0,0,-0.000121148,0,0,1.45861e-05,
1651600795.143302398,0,0,-0.000120519,0,0,1.3944e-05,
1651600795.148182268,0,0,-0.000119419,0,0,1.3944e-05,
1651600795.153287869,0,0,-0.000117499,0,0,1.3944e-05,
1651600795.158166229,0,0,-0.000116656,0,0,1.3944e-05,
1651600795.163244433,0,0,-0.000115493,0,0,1.3944e-05,
1651600795.168243002,0,0,-0.000114938,0,0,1.15457e-05,
1651600795.173659229,0,0,-0.000112102,0,0,1.15457e-05,
1651600795.178351338,0,0,-0.000109695,0,0,1.15457e-05,
1651600795.183225219,0,0,-0.000105474,0,0,1.15457e-05,
1651600795.188267798,0,0,-0.000103642,0,0,9.49702e-06,
1651600795.193286627,0,0,-9.92952e-05,0,0,9.49702e-06,
1651600795.198181706,0,0,-9.63402e-05,0,0,9.49702e-06,
1651600795.203334182,0,0,-9.17158e-05,0,0,9.49702e-06,
1651600795.208202073,0,0,-8.95146e-05,0,0,9.49702e-06,
1651600795.213316371,0,0,-8.61651e-05,0,0,8.20025e-06,
1651600795.218151970,0,0,-8.47173e-05,0,0,8.20025e-06,
1651600795.223192414,0,0,-8.0318e-05,0,0,8.20025e-06,
1651600795.228229785,0,0,-7.8285e-05,0,0,8.20025e-06,
1651600795.233472835,0,0,-7.51561e-05,0,0,8.20025e-06,
1651600795.238194110,0,0,-7.37976e-05,0,0,5.78222e-06,
1651600795.243831641,0,0,-6.98719e-05,0,0,5.78222e-06,
1651600795.248191925,0,0,-6.68866e-05,0,0,5.78222e-06,
1651600795.253425703,0,0,-6.43885e-05,0,0,5.78222e-06,
1651600795.258238958,0,0,-5.96435e-05,0,0,5.78222e-06,
1651600795.263276434,0,0,-5.62282e-05,0,0,3.48826e-06,
1651600795.268251461,0,0,-5.48522e-05,0,0,3.48826e-06,
1651600795.273295342,0,0,-5.18288e-05,0,0,3.48826e-06,
1651600795.278334536,0,0,-4.59746e-05,0,0,3.48826e-06,
1651600795.283203937,0,0,-4.08662e-05,0,0,3.48826e-06,
1651600795.289222251,0,0,-3.88447e-05,0,0,6.39325e-07,
1651600795.293561077,0,0,-3.70004e-05,0,0,6.39325e-07,
1651600795.298206050,0,0,-3.20124e-05,0,0,6.39325e-07,
1651600795.303252796,0,0,-2.86122e-05,0,0,6.39325e-07,
1651600795.308264282,0,0,-2.23205e-05,0,0,-1.08574e-06,
1651600795.313252173,0,0,-1.73536e-05,0,0,-1.08574e-06,
1651600795.318189440,0,0,-1.40129e-05,0,0,-1.08574e-06,
1651600795.323246290,0,0,-1.12608e-05,0,0,-1.08574e-06,
1651600795.328295432,0,0,-6.4104e-06,0,0,-3.29365e-06,
1651600795.333297490,0,0,-6.14606e-07,0,0,-3.29365e-06,
1651600795.338174548,0,0,2.72504e-06,0,0,-3.29365e-06,
1651600795.343237075,0,0,5.55838e-06,0,0,-3.29365e-06,
1651600795.348853147,0,0,1.0604e-05,0,0,-3.29365e-06,
1651600795.353687028,0,0,1.28247e-05,0,0,-4.82048e-06,
1651600795.358253615,0,0,1.67175e-05,0,0,-4.82048e-06,
1651600795.363190152,0,0,2.17605e-05,0,0,-4.82048e-06,
1651600795.368138564,0,0,2.41351e-05,0,0,-4.82048e-06,
1651600795.373486041,0,0,2.5919e-05,0,0,-4.82048e-06,
1651600795.378256588,0,0,2.92494e-05,0,0,-6.07842e-06,
1651600795.383186875,0,0,3.27128e-05,0,0,-6.07842e-06,
1651600795.388175756,0,0,3.47317e-05,0,0,-6.07842e-06,
1651600795.393472035,0,0,3.79346e-05,0,0,-6.07842e-06,
1651600795.398400968,0,0,3.93968e-05,0,0,-6.92129e-06,
1651600795.403175421,0,0,4.16754e-05,0,0,-6.92129e-06,
1651600795.408237584,0,0,4.33915e-05,0,0,-6.92129e-06,
1651600795.413314434,0,0,4.60998e-05,0,0,-6.92129e-06,
1651600795.418266284,0,0,4.74076e-05,0,0,-6.92129e-06,
1651600795.423227300,0,0,4.92396e-05,0,0,-6.92129e-06,
1651600795.428427068,0,0,5.00885e-05,0,0,-7.16525e-06,
1651600795.433303397,0,0,5.07357e-05,0,0,-7.16525e-06,
1651600795.438331966,0,0,5.2288e-05,0,0,-7.16525e-06,
1651600795.443262149,0,0,5.36896e-05,0,0,-7.26475e-06,
1651600795.448173790,0,0,5.42242e-05,0,0,-7.26475e-06,
1651600795.453303453,0,0,5.51064e-05,0,0,-7.26475e-06,
1651600795.458113635,0,0,5.55295e-05,0,0,-7.26475e-06,
1651600795.463296215,0,0,5.61201e-05,0,0,-7.26475e-06,
1651600795.468166658,0,0,5.64003e-05,0,0,-7.26475e-06,
1651600795.473350541,0,0,5.66128e-05,0,0,-7.26475e-06,
1651600795.478185879,0,0,5.69814e-05,0,0,-7.26475e-06,
1651600795.483211532,0,0,5.72598e-05,0,0,-7.26475e-06,
1651600795.488251403,0,0,5.73837e-05,0,0,-6.17671e-06,
1651600795.493320701,0,0,5.66306e-05,0,0,-6.17671e-06,
1651600795.498140363,0,0,5.57565e-05,0,0,-6.17671e-06,
1651600795.503444714,0,0,5.42569e-05,0,0,-6.17671e-06,
1651600795.508286928,0,0,5.36176e-05,0,0,-5.56501e-06,
1651600795.513231746,0,0,5.21418e-05,0,0,-5.56501e-06,
1651600795.518203648,0,0,5.11571e-05,0,0,-5.56501e-06,
1651600795.523174248,0,0,4.96346e-05,0,0,-5.56501e-06,
1651600795.528628809,0,0,4.8945e-05,0,0,-5.56501e-06,
1651600795.533305761,0,0,4.83981e-05,0,0,-5.56501e-06,
1651600795.538291622,0,0,4.73817e-05,0,0,-4.65394e-06,
1651600795.543476546,0,0,4.6964e-05,0,0,-4.65394e-06,
1651600795.548188446,0,0,4.6545e-05,0,0,-4.65394e-06,
1651600795.553391756,0,0,4.43389e-05,0,0,-4.65394e-06,
1651600795.558204542,0,0,4.24152e-05,0,0,-4.65394e-06,
1651600795.564481764,0,0,4.10956e-05,0,0,-3.75052e-06,
1651600795.568296368,0,0,4.05473e-05,0,0,-3.75052e-06,
1651600795.573353270,0,0,3.8203e-05,0,0,-3.75052e-06,
1651600795.578302620,0,0,3.71188e-05,0,0,-3.75052e-06,
1651600795.583229365,0,0,3.62458e-05,0,0,-2.37892e-06,
1651600795.588237830,0,0,3.46169e-05,0,0,-2.37892e-06,
1651600795.593230044,0,0,3.09498e-05,0,0,-2.37892e-06,
1651600795.598359239,0,0,2.92594e-05,0,0,-2.37892e-06,
1651600795.603316401,0,0,2.70936e-05,0,0,-2.37892e-06,
1651600795.608184969,0,0,2.56976e-05,0,0,-2.37892e-06,
1651600795.613467654,0,0,2.48361e-05,0,0,-1.33939e-06,
1651600795.618159607,0,0,2.34181e-05,0,0,-1.33939e-06,
1651600795.623308437,0,0,2.04026e-05,0,0,-1.33939e-06,
1651600795.628319558,0,0,1.90387e-05,0,0,-1.74065e-08,
1651600795.633219584,0,0,1.61331e-05,0,0,-1.74065e-08,
1651600795.638211434,0,0,1.4054e-05,0,0,-1.74065e-08,
1651600795.643163336,0,0,1.08957e-05,0,0,-1.74065e-08,
1651600795.648841387,0,0,9.39318e-06,0,0,-1.74065e-08,
1651600795.653350370,0,0,8.23844e-06,0,0,-1.74065e-08,
1651600795.658228105,0,0,6.10664e-06,0,0,8.59881e-07,
1651600795.663171778,0,0,3.82506e-06,0,0,8.59881e-07,
1651600795.668307430,0,0,2.45607e-06,0,0,8.59881e-07,
1651600795.673316833,0,0,1.23516e-06,0,0,8.59881e-07,
1651600795.678273787,0,0,-6.74351e-07,0,0,8.59881e-07,
1651600795.683165271,0,0,-2.19131e-06,0,0,8.59881e-07,
1651600795.688236966,0,0,-2.88131e-06,0,0,1.87676e-06,
1651600795.693188503,0,0,-2.88131e-06,0,0,1.87676e-06,
1651600795.698285770,0,0,-5.1653e-06,0,0,1.87676e-06,
1651600795.703188713,0,0,-7.54824e-06,0,0,1.87676e-06,
1651600795.708299522,0,0,-8.5573e-06,0,0,2.55099e-06,
1651600795.713303195,0,0,-9.34853e-06,0,0,2.55099e-06,
1651600795.718263326,0,0,-1.137e-05,0,0,2.55099e-06,
1651600795.723318458,0,0,-1.3509e-05,0,0,3.06275e-06,
1651600795.728109265,0,0,-1.44911e-05,0,0,3.06275e-06,
1651600795.733287783,0,0,-1.67499e-05,0,0,3.06275e-06,
1651600795.738242705,0,0,-1.7798e-05,0,0,3.06275e-06,
1651600795.743171847,0,0,-1.94492e-05,0,0,3.06275e-06,
1651600795.748167238,0,0,-2.01666e-05,0,0,3.06275e-06,
1651600795.753346277,0,0,-2.07034e-05,0,0,3.06275e-06,
1651600795.758185470,0,0,-2.16302e-05,0,0,3.06275e-06,
1651600795.763483259,0,0,-2.20364e-05,0,0,3.35372e-06,
1651600795.768157555,0,0,-2.26464e-05,0,0,3.35372e-06,
1651600795.773415083,0,0,-2.35983e-05,0,0,3.35372e-06,
1651600795.778284849,0,0,-2.4053e-05,0,0,3.35372e-06,
1651600795.783184147,0,0,-2.46886e-05,0,0,3.35372e-06,
1651600795.788245684,0,0,-2.49887e-05,0,0,3.42384e-06,
1651600795.793429463,0,0,-2.52145e-05,0,0,3.42384e-06,
1651600795.798237822,0,0,-2.56995e-05,0,0,3.42384e-06,
1651600795.803247224,0,0,-2.61313e-05,0,0,3.42384e-06,
1651600795.808264439,0,0,-2.63175e-05,0,0,3.37867e-06,
1651600795.813251393,0,0,-2.65278e-05,0,0,3.37867e-06,
1651600795.818199909,0,0,-2.66036e-05,0,0,3.37867e-06,
1651600795.823415146,0,0,-2.67028e-05,0,0,3.37867e-06,
1651600795.828806738,0,0,-2.67471e-05,0,0,3.37867e-06,
1651600795.833369314,0,0,-2.67821e-05,0,0,3.05069e-06,
1651600795.838194288,0,0,-2.68471e-05,0,0,3.05069e-06,
1651600795.845392713,0,0,-2.63402e-05,0,0,3.05069e-06,
1651600795.848626168,0,0,-2.60814e-05,0,0,3.05069e-06,
1651600795.853421819,0,0,-2.56139e-05,0,0,3.05069e-06,
1651600795.858541795,0,0,-2.54369e-05,0,0,3.05069e-06,
1651600795.863230466,0,0,-2.53063e-05,0,0,2.70179e-06,
1651600795.868154763,0,0,-2.50684e-05,0,0,2.70179e-06,
1651600795.873355937,0,0,-2.431e-05,0,0,2.70179e-06,
1651600795.878751800,0,0,-2.39321e-05,0,0,2.10547e-06,
1651600795.883208282,0,0,-2.36468e-05,0,0,2.10547e-06,
1651600795.888163465,0,0,-2.26085e-05,0,0,2.10547e-06,
1651600795.893380265,0,0,-2.11536e-05,0,0,2.10547e-06,
1651600795.898198572,0,0,-2.11536e-05,0,0,1.66302e-06,
1651600795.903212766,0,0,-1.9778e-05,0,0,1.66302e-06,
1651600795.908186334,0,0,-1.8935e-05,0,0,1.66302e-06,
1651600795.913302091,0,0,-1.82453e-05,0,0,1.66302e-06,
1651600795.918525505,0,0,-1.70406e-05,0,0,1.66302e-06,
1651600795.923250218,0,0,-1.65168e-05,0,0,1.66302e-06,
1651600795.928279256,0,0,-1.55931e-05,0,0,1.29427e-06,
1651600795.933377096,0,0,-1.52332e-05,0,0,1.29427e-06,
1651600795.938300768,0,0,-1.39785e-05,0,0,1.29427e-06,
1651600795.943259545,0,0,-1.3616e-05,0,0,1.29427e-06,
1651600795.948231291,0,0,-1.28412e-05,0,0,1.29427e-06,
1651600795.953241110,0,0,-1.22224e-05,0,0,1.29427e-06,
1651600795.958921088,0,0,-1.19627e-05,0,0,7.2394e-07,
1651600795.963178299,0,0,-1.17641e-05,0,0,7.2394e-07,
1651600795.968677183,0,0,-1.09064e-05,0,0,7.2394e-07,
1651600795.973357313,0,0,-1.0272e-05,0,0,7.2394e-07,
1651600795.978268485,0,0,-9.07722e-06,0,0,7.2394e-07,
1651600795.983189397,0,0,-8.12559e-06,0,0,-2.21087e-08,
1651600795.988167445,0,0,-7.77291e-06,0,0,-2.21087e-08,
1651600795.993981435,0,0,-5.83145e-06,0,0,-2.21087e-08,
1651600795.998310573,0,0,-5.14809e-06,0,0,-4.95529e-07,
1651600796.003225339,0,0,-4.50738e-06,0,0,-4.95529e-07,
1651600796.008248127,0,0,-2.56488e-06,0,0,-4.95529e-07,
1651600796.013247060,0,0,-1.66499e-06,0,0,-4.95529e-07,
1651600796.018260368,0,0,-6.12627e-08,0,0,-4.95529e-07,
1651600796.023189093,0,0,9.6383e-07,0,0,-4.95529e-07,
1651600796.028203859,0,0,1.39834e-06,0,0,-4.95529e-07,
1651600796.033330606,0,0,1.82751e-06,0,0,-9.81161e-07,
1651600796.038195528,0,0,2.4195e-06,0,0,-9.81161e-07,
1651600796.043536911,0,0,3.05599e-06,0,0,-9.81161e-07,
1651600796.048300218,0,0,4.30244e-06,0,0,-9.81161e-07,
1651600796.053412954,0,0,4.7942e-06,0,0,-9.81161e-07,
1651600796.058558034,0,0,5.81484e-06,0,0,-9.81161e-07,
1651600796.063265195,0,0,6.02772e-06,0,0,-1.32793e-06,
1651600796.068331056,0,0,6.57406e-06,0,0,-1.32793e-06,
1651600796.073650043,0,0,7.06725e-06,0,0,-1.58526e-06,
1651600796.078598195,0,0,7.98951e-06,0,0,-1.58526e-06,
1651600796.083179209,0,0,8.58462e-06,0,0,-1.58526e-06,
1651600796.088650020,0,0,9.68477e-06,0,0,-1.58526e-06,
1651600796.093331556,0,0,1.05604e-05,0,0,-1.73483e-06,
1651600796.098234603,0,0,1.08845e-05,0,0,-1.73483e-06,
1651600796.103218692,0,0,1.15858e-05,0,0,-1.73483e-06,
1651600796.108244136,0,0,1.19042e-05,0,0,-1.73483e-06,
1651600796.113286038,0,0,1.21644e-05,0,0,-1.73483e-06,
1651600796.118572057,0,0,1.25732e-05,0,0,-1.73483e-06,
1651600796.123307551,0,0,1.27545e-05,0,0,-1.74666e-06,
1651600796.128260234,0,0,1.30762e-05,0,0,-1.74666e-06,
1651600796.133285053,0,0,1.33372e-05,0,0,-1.74666e-06,
1651600796.138259715,0,0,1.34339e-05,0,0,-1.74666e-06,
1651600796.143171773,0,0,1.35592e-05,0,0,-1.74666e-06,
1651600796.148108050,0,0,1.36155e-05,0,0,-1.74666e-06,
1651600796.153552923,0,0,1.36662e-05,0,0,-1.73512e-06,
1651600796.158203365,0,0,1.37369e-05,0,0,-1.73512e-06,
1651600796.163253652,0,0,1.37761e-05,0,0,-1.73512e-06,
1651600796.168252794,0,0,1.3791e-05,0,0,-1.73512e-06,
1651600796.173333863,0,0,1.38115e-05,0,0,-1.52988e-06,
1651600796.178248004,0,0,1.38211e-05,0,0,-1.52988e-06,
1651600796.183177458,0,0,1.34813e-05,0,0,-1.52988e-06,
1651600796.188300923,0,0,1.33156e-05,0,0,-1.52988e-06,
1651600796.193258398,0,0,1.3051e-05,0,0,-1.52988e-06,
1651600796.198262331,0,0,1.29365e-05,0,0,-1.37651e-06,
1651600796.203728298,0,0,1.264e-05,0,0,-1.37651e-06,
1651600796.208225302,0,0,1.24399e-05,0,0,-1.37651e-06,
1651600796.213499028,0,0,1.21159e-05,0,0,-1.37651e-06,
1651600796.218236450,0,0,1.19624e-05,0,0,-1.2423e-06,
1651600796.223170435,0,0,1.16324e-05,0,0,-1.2423e-06,
1651600796.228179577,0,0,1.14135e-05,0,0,-1.2423e-06,
1651600796.233497522,0,0,1.12328e-05,0,0,-9.6972e-07,
1651600796.238306975,0,0,1.08942e-05,0,0,-9.6972e-07,
1651600796.243203877,0,0,1.01466e-05,0,0,-9.6972e-07,
1651600796.248269217,0,0,9.81751e-06,0,0,-9.6972e-07,
1651600796.253253566,0,0,9.33593e-06,0,0,-9.6972e-07,
1651600796.258150572,0,0,9.12155e-06,0,0,-9.6972e-07,
1651600796.263160078,0,0,8.80959e-06,0,0,-9.6972e-07,
1651600796.268271252,0,0,8.66217e-06,0,0,-9.6972e-07,
1651600796.273322946,0,0,8.45546e-06,0,0,-9.6972e-07,
1651600796.278223181,0,0,8.35721e-06,0,0,-9.6972e-07,
1651600796.283292583,0,0,8.21945e-06,0,0,-7.1464e-07,
1651600796.288830373,0,0,8.15476e-06,0,0,-7.1464e-07,
1651600796.293291960,0,0,7.88796e-06,0,0,-7.1464e-07,
1651600796.298335321,0,0,7.359e-06,0,0,-7.1464e-07,
1651600796.303287952,0,0,6.89952e-06,0,0,-3.93395e-07,
1651600796.308178759,0,0,6.72445e-06,0,0,-3.93395e-07,
1651600796.313292745,0,0,5.94504e-06,0,0,-3.93395e-07,
1651600796.318198241,0,0,5.5571e-06,0,0,-3.93395e-07,
1651600796.323330508,0,0,4.99833e-06,0,0,-3.93395e-07,
1651600796.328130690,0,0,4.74772e-06,0,0,-3.93395e-07,
1651600796.333326656,0,0,4.38255e-06,0,0,-3.77869e-09,
1651600796.338142255,0,0,4.20893e-06,0,0,-3.77869e-09,
1651600796.343254001,0,0,3.30979e-06,0,0,-3.77869e-09,
1651600796.348306528,0,0,2.85277e-06,0,0,-3.77869e-09,
1651600796.353298066,0,0,2.15659e-06,0,0,2.45237e-07,
1651600796.358202780,0,0,1.85722e-06,0,0,2.45237e-07,
1651600796.363224370,0,0,1.01596e-06,0,0,2.45237e-07,
1651600796.368282522,0,0,4.78224e-07,0,0,2.45237e-07,
1651600796.373447289,0,0,2.58393e-07,0,0,4.25769e-07,
1651600796.378535911,0,0,-3.30541e-07,0,0,4.25769e-07,
1651600796.383525313,0,0,-1.11351e-06,0,0,4.25769e-07,
1651600796.389398574,0,0,-1.43996e-06,0,0,4.25769e-07,
1651600796.393433856,0,0,-1.68442e-06,0,0,4.25769e-07,
1651600796.398530186,0,0,-2.14003e-06,0,0,6.09824e-07,
1651600796.403184429,0,0,-2.32002e-06,0,0,6.09824e-07,
1651600796.408168258,0,0,-2.79881e-06,0,0,6.09824e-07,
1651600796.414319021,0,0,-3.07056e-06,0,0,6.09824e-07,
1651600796.419049203,0,0,-3.51423e-06,0,0,7.72788e-07,
1651600796.423373289,0,0,-3.73726e-06,0,0,7.72788e-07,
1651600796.428218367,0,0,-4.20979e-06,0,0,7.72788e-07,
1651600796.433290946,0,0,-4.73473e-06,0,0,7.72788e-07,
1651600796.438251911,0,0,-4.94304e-06,0,0,7.72788e-07,
1651600796.443296105,0,0,-5.22735e-06,0,0,7.72788e-07,
1651600796.448232590,0,0,-5.36231e-06,0,0,8.67877e-07,
1651600796.453349128,0,0,-5.63202e-06,0,0,8.67877e-07,
1651600796.458168998,0,0,-5.80552e-06,0,0,8.67877e-07,
1651600796.464081998,0,0,-5.94106e-06,0,0,8.67877e-07,
1651600796.468255146,0,0,-6.18317e-06,0,0,8.67877e-07,
1651600796.473312830,0,0,-6.29043e-06,0,0,9.23502e-07,
1651600796.478149262,0,0,-6.48173e-06,0,0,9.23502e-07,
1651600796.483192727,0,0,-6.71627e-06,0,0,9.23502e-07,
1651600796.488214160,0,0,-6.81265e-06,0,0,9.23502e-07,
1651600796.493503824,0,0,-6.95537e-06,0,0,9.18036e-07,
1651600796.498167808,0,0,-7.01679e-06,0,0,9.18036e-07,
1651600796.503225960,0,0,-7.05824e-06,0,0,9.18036e-07,
1651600796.508191195,0,0,-7.12812e-06,0,0,9.18036e-07,
1651600796.513282525,0,0,-7.18191e-06,0,0,9.18036e-07,
1651600796.518347657,0,0,-7.20463e-06,0,0,8.92626e-07,
1651600796.523207579,0,0,-7.23926e-06,0,0,8.92626e-07,
1651600796.528761359,0,0,-7.23247e-06,0,0,8.92626e-07,
1651600796.533495395,0,0,-7.22196e-06,0,0,8.92626e-07,
1651600796.538353911,0,0,-7.20172e-06,0,0,7.93829e-07,
1651600796.543189874,0,0,-7.18448e-06,0,0,7.93829e-07,
1651600796.548191516,0,0,-7.09371e-06,0,0,7.93829e-07,
1651600796.553306023,0,0,-6.92452e-06,0,0,7.93829e-07,
1651600796.561382160,0,0,-6.786e-06,0,0,7.06724e-07,
1651600796.565303275,0,0,-6.72477e-06,0,0,7.06724e-07,
1651600796.568720585,0,0,-6.66288e-06,0,0,7.06724e-07,
1651600796.573266964,0,0,-6.42766e-06,0,0,7.06724e-07,
1651600796.578169647,0,0,-6.31948e-06,0,0,7.06724e-07,
1651600796.583255299,0,0,-6.23871e-06,0,0,7.06724e-07,
1651600796.588226941,0,0,-6.0838e-06,0,0,5.38054e-07,
1651600796.593300822,0,0,-6.02144e-06,0,0,5.38054e-07,
1651600796.598155328,0,0,-5.63726e-06,0,0,5.38054e-07,
1651600796.603329731,0,0,-5.31304e-06,0,0,4.13941e-07,
1651600796.608173559,0,0,-5.17423e-06,0,0,4.13941e-07,
1651600796.613268743,0,0,-4.75953e-06,0,0,4.13941e-07,
1651600796.618199655,0,0,-4.56407e-06,0,0,4.13941e-07,
1651600796.623178067,0,0,-4.2623e-06,0,0,4.13941e-07,
1651600796.628314293,0,0,-4.12665e-06,0,0,4.13941e-07,
1651600796.633284268,0,0,-3.92202e-06,0,0,4.13941e-07,
1651600796.638260389,0,0,-3.83716e-06,0,0,2.46406e-07,
1651600796.643216926,0,0,-3.77249e-06,0,0,2.46406e-07,
1651600796.648158880,0,0,-3.37384e-06,0,0,2.46406e-07,
1651600796.653357033,0,0,-3.18152e-06,0,0,2.46406e-07,
1651600796.658283518,0,0,-2.88301e-06,0,0,2.46406e-07,
1651600796.663312920,0,0,-2.65352e-06,0,0,2.46406e-07,
1651600796.668116227,0,0,-2.55887e-06,0,0,2.46406e-07,
1651600796.674105218,0,0,-2.39406e-06,0,0,2.46406e-07,
1651600796.678156906,0,0,-2.39406e-06,0,0,2.46406e-07,
1651600796.683270215,0,0,-2.2872e-06,0,0,2.46406e-07,
1651600796.688504723,0,0,-2.20502e-06,0,0,2.46406e-07,
1651600796.693754022,0,0,-2.16769e-06,0,0,2.46406e-07,
1651600796.698242848,0,0,-2.11198e-06,0,0,2.46406e-07,
1651600796.703757670,0,0,-2.0703e-06,0,0,2.46406e-07,
1651600796.708827958,0,0,-2.05525e-06,0,0,2.46406e-07,
1651600796.714392363,0,0,-2.03417e-06,0,0,2.46406e-07,
1651600796.718624990,0,0,-2.02501e-06,0,0,2.46406e-07,
1651600796.723500329,0,0,-2.01533e-06,0,0,2.46406e-07,
1651600796.729733383,0,0,-2.00458e-06,0,0,2.46406e-07,
1651600796.733269600,0,0,-2.00153e-06,0,0,2.46406e-07,
1651600796.738640046,0,0,-1.99319e-06,0,0,2.46406e-07,
1651600796.745629303,0,0,-1.98674e-06,0,0,2.46406e-07,
1651600796.749157707,0,0,-1.98442e-06,0,0,2.46406e-07,
1651600796.757002541,0,0,-1.98039e-06,0,0,2.46406e-07,
1651600796.760682457,0,0,-1.97758e-06,0,0,2.46406e-07,
1651600796.764021277,0,0,-1.97758e-06,0,0,2.46406e-07,
1651600796.769215472,0,0,-1.97595e-06,0,0,2.46406e-07,
1651600796.773363776,0,0,-1.97523e-06,0,0,2.46406e-07,
1651600796.779070161,0,0,-1.97407e-06,0,0,2.46406e-07,
1651600796.783231902,0,0,-1.97367e-06,0,0,2.46406e-07,
1651600796.788222241,0,0,-1.97287e-06,0,0,2.46406e-07,
1651600796.793557895,0,0,-1.97236e-06,0,0,2.46406e-07,
1651600796.798441776,0,0,-1.97218e-06,0,0,2.46406e-07,
1651600796.803157791,0,0,-1.97207e-06,0,0,2.46406e-07,
1651600796.808252454,0,0,-1.97185e-06,0,0,2.46406e-07,
1651600796.813295606,0,0,-1.97176e-06,0,0,2.46406e-07,
1651600796.818163132,0,0,-1.97163e-06,0,0,2.46406e-07,
1651600796.823190503,0,0,-1.97154e-06,0,0,2.46406e-07,
1651600796.828196520,0,0,-1.9715e-06,0,0,2.46406e-07,
1651600796.833237589,0,0,-1.97144e-06,0,0,2.46406e-07,
1651600796.838526055,0,0,-1.97141e-06,0,0,2.46406e-07,
1651600796.843201341,0,0,-1.97139e-06,0,0,2.46406e-07,
1651600796.848049180,0,0,-1.97136e-06,0,0,2.46406e-07,
1651600796.853091759,0,0,-1.97133e-06,0,0,2.46406e-07,
1651600796.858051473,0,0,-1.97132e-06,0,0,2.46406e-07,
1651600796.863050875,0,0,-1.9713e-06,0,0,2.46406e-07,
1651600796.868011163,0,0,-1.9713e-06,0,0,2.46406e-07,
1651600796.873097388,0,0,-1.97129e-06,0,0,2.46406e-07,
1651600796.878051529,0,0,-1.97128e-06,0,0,2.46406e-07,
1651600796.883045410,0,0,-1.97127e-06,0,0,2.46406e-07,
1651600796.888043927,0,0,-1.97127e-06,0,0,2.46406e-07,
1651600796.893100777,0,0,-1.97127e-06,0,0,2.46406e-07,
1651600796.898051794,0,0,-1.97126e-06,0,0,2.46406e-07,
1651600796.903055467,0,0,-1.97126e-06,0,0,2.46406e-07,
1651600796.908006066,0,0,-1.97126e-06,0,0,2.46406e-07,
1651600796.913246043,0,0,-1.97126e-06,0,0,2.46406e-07,
1651600796.918023673,0,0,-1.97126e-06,0,0,2.46406e-07,
1651600796.923050314,0,0,-1.97125e-06,0,0,2.46406e-07,
1651600796.928044768,0,0,-1.97125e-06,0,0,2.46406e-07,
1651600796.933207453,0,0,-1.97125e-06,0,0,2.46406e-07,
1651600796.938041750,0,0,-1.97125e-06,0,0,2.46406e-07,
1651600796.943044745,0,0,-1.97125e-06,0,0,2.46406e-07,
1651600796.948031752,0,0,-1.97125e-06,0,0,2.46406e-07,
1651600796.953086675,0,0,-1.97125e-06,0,0,2.46406e-07,
1651600796.958052275,0,0,-1.97125e-06,0,0,2.46406e-07,
1651600796.963029593,0,0,-1.97125e-06,0,0,2.46406e-07,
1651600796.968004099,0,0,-1.97125e-06,0,0,2.46406e-07,
1651600796.973168606,0,0,-1.97125e-06,0,0,2.46406e-07,
1651600796.978006966,0,0,-1.97125e-06,0,0,2.46406e-07,
1651600796.983060847,0,0,-1.97125e-06,0,0,2.46406e-07,
1651600796.988026603,0,0,-1.97125e-06,0,0,2.46406e-07,
1651600796.993122725,0,0,-1.97125e-06,0,0,2.46406e-07,
1651600796.998038480,0,0,-1.97125e-06,0,0,2.46406e-07,
1651600797.003050122,0,0,-1.97125e-06,0,0,2.46406e-07,
1651600797.008054889,0,0,-1.97125e-06,0,0,2.46406e-07,
1651600797.013105853,0,0,-1.97125e-06,0,0,2.46406e-07,
1651600797.018062026,0,0,-1.97125e-06,0,0,2.46406e-07,
1651600797.023067939,0,0,-1.97125e-06,0,0,2.46406e-07,
1651600797.028031195,0,0,-1.97125e-06,0,0,2.46406e-07,
1651600797.033127680,0,0,-1.97125e-06,0,0,2.46406e-07,
1651600797.038026457,0,0,-1.97125e-06,0,0,2.46406e-07,
1651600797.043034401,0,0,-1.97125e-06,0,0,2.46406e-07,
1651600797.048033178,0,0,-1.97125e-06,0,0,2.46406e-07,
1651600797.053093622,0,0,-1.97125e-06,0,0,2.46406e-07,
1651600797.058052086,0,0,-1.97125e-06,0,0,2.46406e-07,
1651600797.063057842,0,0,-1.97125e-06,0,0,2.46406e-07,
1651600797.067997296,0,0,-1.97125e-06,0,0,2.46406e-07,
1651600797.073116490,0,0,-1.97125e-06,0,0,2.46406e-07,
1651600797.078038600,0,0,-1.97125e-06,0,0,2.46406e-07,
1651600797.083072325,0,0,-1.97125e-06,0,0,2.46406e-07,
1651600797.088050164,0,0,-1.97125e-06,0,0,2.46406e-07,
1651600797.093135817,0,0,-1.97125e-06,0,0,2.46406e-07,
1651600797.097976885,0,0,-1.97125e-06,0,0,2.46406e-07,
1651600797.102920870,0,0,-1.97125e-06,0,0,2.46406e-07,
1651600797.107855428,0,0,-1.97125e-06,0,0,2.46406e-07,
1651600797.112894205,0,0,-1.97125e-06,0,0,2.46406e-07,
1651600797.117844700,0,0,-1.97125e-06,0,0,2.46406e-07,
1651600797.122851811,0,0,-1.97125e-06,0,0,2.46406e-07,
1651600797.127845067,0,0,-1.97125e-06,0,0,2.46406e-07,
1651600797.132916761,0,0,-1.97125e-06,0,0,2.46406e-07,
1651600797.137911944,0,0,-1.97125e-06,0,0,2.46406e-07,
1651600797.142885825,0,0,-1.97125e-06,0,0,2.46406e-07,
1651600797.147864706,0,0,-1.97125e-06,0,0,2.46406e-07,
1651600797.152921348,0,0,-1.97125e-06,0,0,2.46406e-07,
1651600797.157885333,0,0,-1.97125e-06,0,0,2.46406e-07,
1651600797.162855412,0,0,-1.97125e-06,0,0,2.46406e-07,
1651600797.167845439,0,0,-1.97125e-06,0,0,2.46406e-07,
1651600797.173061665,0,0,-1.97125e-06,0,0,2.46406e-07,
1651600797.177872056,0,0,-1.97125e-06,0,0,2.46406e-07,
1651600797.182902135,0,0,-1.97125e-06,0,0,2.46406e-07,
1651600797.187882162,0,0,-1.97125e-06,0,0,2.46406e-07,
1651600797.193032450,0,0,-1.97125e-06,0,0,2.46406e-07,
1651600797.197873153,0,0,-1.97125e-06,0,0,2.46406e-07,
1651600797.202927139,0,0,-1.97125e-06,0,0,2.46406e-07,
1651600797.207866072,0,0,-1.97125e-06,0,0,2.46406e-07,
1651600797.212887141,0,0,-1.97125e-06,0,0,2.46406e-07,
1651600797.217846230,0,0,-1.97125e-06,0,0,2.46406e-07,
1651600797.222856726,0,0,-1.97125e-06,0,0,2.46406e-07,
1651600797.227838263,0,0,-1.97125e-06,0,0,2.46406e-07,
1651600797.232947301,0,0,-1.97125e-06,0,0,2.46406e-07,
1651600797.237866442,0,0,-1.97125e-06,0,0,2.46406e-07,
1651600797.242856625,0,0,-1.97125e-06,0,0,2.46406e-07,
1651600797.247860507,0,0,-1.97125e-06,0,0,2.46406e-07,
1651600797.252882409,0,0,-1.97125e-06,0,0,2.46406e-07,
1651600797.257953269,0,0,-1.97125e-06,0,0,2.46406e-07,
1651600797.263103245,0,0,-1.97125e-06,0,0,2.46406e-07,
1651600797.268041605,0,0,-1.97125e-06,0,0,2.46406e-07,
1651600797.273096945,0,0,-1.97125e-06,0,0,2.46406e-07,
1651600797.278247389,0,0,-1.97125e-06,0,0,2.46406e-07,
1651600797.283842055,0,0,-1.97125e-06,0,0,2.46406e-07,
1651600797.288098068,0,0,-1.97125e-06,0,0,2.46406e-07,
1651600797.293176272,0,0,-1.97125e-06,0,0,2.46406e-07,
1651600797.298153122,0,0,-1.97125e-06,0,0,2.46406e-07,
1651600797.303113565,0,0,-1.97125e-06,0,0,2.46406e-07,
1651600797.308124113,0,0,-1.97125e-06,0,0,2.46406e-07,
1651600797.314074770,0,0,-1.97125e-06,0,0,2.46406e-07,
1651600797.318798233,0,0,-1.97125e-06,0,0,2.46406e-07,
1651600797.323124559,0,0,-1.97125e-06,0,0,2.46406e-07,
1651600797.328130784,0,0,-1.97125e-06,0,0,2.46406e-07,
1651600797.333113102,0,0,-1.97125e-06,0,0,2.46406e-07,
1651600797.338160265,0,0,-1.97125e-06,0,0,2.46406e-07,
1651600797.343133938,0,0,-1.97125e-06,0,0,2.46406e-07,
1651600797.348234278,0,0,-1.97125e-06,0,0,2.46406e-07,
1651600797.354037434,0,0,-1.97125e-06,0,0,2.46406e-07,
1651600797.358379697,0,0,-1.97125e-06,0,0,2.46406e-07,
1651600797.363179515,0,0,-1.97125e-06,0,0,2.46406e-07,
1651600797.369906582,0,0,-1.97125e-06,0,0,2.46406e-07,
1651600797.373323528,0,0,-1.97125e-06,0,0,2.46406e-07,
1651600797.377975845,0,0,-1.97125e-06,0,0,2.46406e-07,
1651600797.383245508,0,0,-1.97125e-06,0,0,2.46406e-07,
1651600797.388274494,0,0,-1.97125e-06,0,0,2.46406e-07,
1651600797.393131760,0,0,-1.97125e-06,0,0,2.46406e-07,
1651600797.398097984,0,0,-1.97125e-06,0,0,2.46406e-07,
1651600797.403115459,0,0,-1.97125e-06,0,0,2.46406e-07,
1651600797.408050642,0,0,-1.97125e-06,0,0,2.46406e-07,
1651600797.413186087,0,0,-1.97125e-06,0,0,2.46406e-07,
1651600797.418140697,0,0,-1.97125e-06,0,0,2.46406e-07,
1651600797.423171661,0,0,-1.97125e-06,0,0,2.46406e-07,
1651600797.428088042,0,0,-1.97125e-06,0,0,2.46406e-07,
1651600797.433182913,0,0,-1.97125e-06,0,0,2.46406e-07,
1651600797.438100648,0,0,-1.97125e-06,0,0,2.46406e-07,
1651600797.443097759,0,0,-1.97125e-06,0,0,2.46406e-07,
1651600797.448114557,0,0,-1.97125e-06,0,0,2.46406e-07,
1651600797.453165053,0,0,-1.97125e-06,0,0,2.46406e-07,
1651600797.458076798,0,0,-1.97125e-06,0,0,2.46406e-07,
1651600797.463117450,0,0,-1.97125e-06,0,0,2.46406e-07,
1651600797.468121383,0,0,-1.97125e-06,0,0,2.46406e-07,
1651600797.473198286,0,0,-1.97125e-06,0,0,2.46406e-07,
1651600797.478096854,0,0,-1.97125e-06,0,0,2.46406e-07,
1651600797.483145996,0,0,-1.97125e-06,0,0,2.46406e-07,
1651600797.490665047,0,0,-1.97125e-06,0,0,2.46406e-07,
1651600797.493472614,0,0,-1.97125e-06,0,0,2.46406e-07,
1651600797.498087431,0,0,-1.97125e-06,0,0,2.46406e-07,
1651600797.503185479,0,0,-1.97125e-06,0,0,2.46406e-07,
1651600797.508063422,0,0,-1.97125e-06,0,0,2.46406e-07,
1651600797.513266992,0,0,-1.97125e-06,0,0,2.46406e-07,
1651600797.518063320,0,0,-1.97125e-06,0,0,2.46406e-07,
1651600797.523144910,0,0,-1.97125e-06,0,0,2.46406e-07,
1651600797.528067749,0,0,-1.97125e-06,0,0,2.46406e-07,
1651600797.533129911,0,0,-1.97125e-06,0,0,2.46406e-07,
1651600797.538089053,0,0,-1.97125e-06,0,0,2.46406e-07,
1651600797.543109288,0,0,-1.97125e-06,0,0,2.46406e-07,
1651600797.548039523,0,0,-1.97125e-06,0,0,2.46406e-07,
1651600797.553194291,0,0,-1.97125e-06,0,0,2.46406e-07,
1651600797.558058119,0,0,-1.97125e-06,0,0,2.46406e-07,
1651600797.563031271,0,0,-1.97125e-06,0,0,2.46406e-07,
1651600797.568044631,0,0,-1.97125e-06,0,0,2.46406e-07,
1651600797.573082836,0,0,-1.97125e-06,0,0,2.46406e-07,
1651600797.578077133,0,0,-1.97125e-06,0,0,2.46406e-07,
1651600797.583055806,0,0,-1.97125e-06,0,0,2.46406e-07,
1651600797.588216146,0,0,-1.97125e-06,0,0,2.46406e-07,
1651600797.593214403,0,0,-1.97125e-06,0,0,2.46406e-07,
1651600797.598125627,0,0,-1.97125e-06,0,0,2.46406e-07,
1651600797.603107893,0,0,-1.97125e-06,0,0,2.46406e-07,
1651600797.608089535,0,0,-1.97125e-06,0,0,2.46406e-07,
1651600797.613150969,0,0,-1.97125e-06,0,0,2.46406e-07,
1651600797.618058651,0,0,-1.97125e-06,0,0,2.46406e-07,
1651600797.623096856,0,0,-1.97125e-06,0,0,2.46406e-07,
1651600797.628160685,0,0,-1.97125e-06,0,0,2.46406e-07,
1651600797.633129826,0,0,-1.97125e-06,0,0,2.46406e-07,
1651600797.638093864,0,0,-1.97125e-06,0,0,2.46406e-07,
1651600797.643140818,0,0,-1.97125e-06,0,0,2.46406e-07,
1651600797.648122512,0,0,-1.97125e-06,0,0,2.46406e-07,
1651600797.653172903,0,0,-1.97125e-06,0,0,2.46406e-07,
1651600797.658247045,0,0,-1.97125e-06,0,0,2.46406e-07,
1651600797.663157072,0,0,-1.97125e-06,0,0,2.46406e-07,
1651600797.668081890,0,0,-1.97125e-06,0,0,2.46406e-07,
1651600797.673235668,0,0,-1.97125e-06,0,0,2.46406e-07,
1651600797.743535735,0,0,-1.97125e-06,0,0,2.46406e-07,
1651600797.748829722,0,0,-1.97125e-06,0,0,2.46406e-07,
1651600797.753596727,0,0,-1.97125e-06,0,0,2.46406e-07,
1651600797.758857172,0,0,-1.97125e-06,0,0,2.46406e-07,
1651600797.763669750,0,0,-1.97125e-06,0,0,2.46406e-07,
1651600797.768793528,0,0,-1.97125e-06,0,0,2.46406e-07,
1651600797.773715273,0,0,-1.97125e-06,0,0,2.46406e-07,
1651600797.778613477,0,0,-1.97125e-06,0,0,2.46406e-07,
1651600797.783623816,0,0,-1.97125e-06,0,0,2.46406e-07,
1651600797.789015147,0,0,-1.97125e-06,0,0,2.46406e-07,
1651600797.793625485,0,0,-1.97125e-06,0,0,2.46406e-07,
1651600797.801416308,0,0,-1.97125e-06,0,0,2.46406e-07,
1651600797.803799342,0,0,-1.97125e-06,0,0,2.46406e-07,
1651600797.808551763,0,0,-1.97125e-06,0,0,2.46406e-07,
1651600797.813517363,0,0,-1.97125e-06,0,0,2.46406e-07,
1651600797.818429056,0,0,-1.97125e-06,0,0,2.46406e-07,
1651600797.823518667,0,0,-1.97125e-06,0,0,2.46406e-07,
1651600797.828749320,0,0,-1.97125e-06,0,0,2.46406e-07,
1651600797.833442418,0,0,-1.97125e-06,0,0,2.46406e-07,
1651600797.838347132,0,0,-1.97125e-06,0,0,2.46406e-07,
1651600797.843344139,0,0,-1.97125e-06,0,0,2.46406e-07,
1651600797.848421301,0,0,-1.97125e-06,0,0,2.46406e-07,
1651600797.853357474,0,0,-1.97125e-06,0,0,2.46406e-07,
1651600797.858333334,0,0,-1.97125e-06,0,0,2.46406e-07,
1651600797.863335288,0,0,-1.97125e-06,0,0,2.46406e-07,
1651600797.868324846,0,0,-1.97125e-06,0,0,2.46406e-07,
1651600797.873330134,0,0,-1.97125e-06,0,0,2.46406e-07,
1651600797.878391307,0,0,-1.97125e-06,0,0,2.46406e-07,
