1651600790.598869535,0,-0,-0,0.5
1651600790.603410237,0,-0,-0,0.5
1651600790.608308441,0,-0,-0,0.5
1651600790.613912169,8,-0,-0,0.5
1651600790.618492247,8,-0,-0,0.5
1651600790.623414253,8,-0,-0,0.5
1651600790.628967512,8,-0,-0,0.5
1651600790.634693116,8,-0,-0,0.5
1651600790.638530012,8,-0,-0,0.5
1651600790.643705145,8,-0,-0,0.412406
1651600790.648539286,8,-0,-0,0.348803
1651600790.653625980,8,-0,-0,0.305625
1651600790.658372985,8,-0,-0,0.223367
1651600790.663880672,8,-0,-0,0.158885
1651600790.668450905,8,-0,-0,0.0870183
1651600790.673484474,8,-0,-0,0.0532404
1651600790.678466585,8,-0,-0,0.0436789
1651600790.683368955,7.51903,-0,-0,0.0324888
1651600790.688301378,7.51903,-0,-0,-0.0139415
1651600790.693967607,7.51903,-0,-0,-0.0208569
1651600790.698455392,7.51903,-0,-0,-0.019331
1651600790.703277241,7.51903,-0,-0,-0.0149245
1651600790.708512114,5.58946,-0,-0,-0.0128785
1651600790.713517037,5.58946,-0,-0,-0.130334
1651600790.718443939,5.58946,-0,-0,-0.128894
1651600790.723765843,5.58946,-0,-0,-0.101495
1651600790.728523838,5.58946,-0,-0,-0.0877127
1651600790.733951159,4.04311,-0,-0,-0.0770252
1651600790.738471340,4.04311,-0,-0,-0.0565234
1651600790.743359335,4.04311,-0,-0,-0.142837
1651600790.748282071,4.04311,-0,-0,-0.136837
1651600790.753577777,3.13712,-0,-0,-0.105925
1651600790.758524887,3.13712,-0,-0,-0.0913679
1651600790.763962990,3.13712,-0,-0,-0.068996
1651600790.768849631,3.13712,-0,-0,-0.0590814
1651600790.774064816,3.13712,-0,-0,-0.111455
1651600790.779082395,2.34105,-0,-0,-0.104962
1651600790.783579972,2.34105,-0,-0,-0.0815813
1651600790.789071356,2.34105,-0,-0,-0.205287
1651600790.793419349,2.34105,-0,-0,-0.187651
1651600790.798704013,2.34105,-0,-0,-0.165593
1651600790.803431070,2.34105,-0,-0,-0.125528
1651600790.808549015,1.62184,-0,-0,-0.237686
1651600790.813333624,1.62184,-0,-0,-0.212705
1651600790.818429694,1.62184,-0,-0,-0.18674
1651600790.823493940,0.921649,-0,-0,-0.141847
1651600790.828245945,0.921649,-0,-0,-0.122036
1651600790.834135300,0.921649,-0,-0,-0.241051
1651600790.838420272,0.921649,-0,-0,-0.227788
1651600790.843331340,0.921649,-0,-0,-0.176882
1651600790.848284336,0.921649,-0,-0,-0.152566
1651600790.853474989,0.921649,-0,-0,-0.114947
1651600790.858523142,0.921649,-0,-0,-0.0981205
1651600790.863791921,1.43033,-0,-0,-0.21388
1651600790.868270383,1.43033,-0,-0,-0.203416
1651600790.874270468,1.56418,-0,-0,-0.157963
1651600790.878890962,1.56418,-0,-0,-0.244959
1651600790.883363746,1.56418,-0,-0,-0.22868
1651600790.888190492,1.56418,-0,-0,-0.186071
1651600790.893506719,1.97618,-0,-0,-0.136914
1651600790.898486329,1.97618,-0,-0,-0.116776
1651600790.903308439,1.97618,-0,-0,-0.0878318
1651600790.909105293,1.97618,-0,-0,-0.0754443
1651600790.913401150,1.97618,-0,-0,-0.176415
1651600790.918555085,2.11336,-0,-0,-0.158783
1651600790.923346673,2.11336,-0,-0,-0.140632
1651600790.928472795,2.11336,-0,-0,-0.204397
1651600790.934370900,2.11336,-0,-0,-0.174788
1651600790.939419574,2.11336,-0,-0,-0.148811
1651600790.943495690,2.11336,-0,-0,-0.114968
1651600790.948286862,2.3855,-0,-0,-0.0992079
1651600790.953591682,2.3855,-0,-0,-0.140812
1651600790.958494886,2.3855,-0,-0,-0.130008
1651600790.963355434,2.3855,-0,-0,-0.10054
1651600790.968420722,2.3855,-0,-0,-0.0867033
1651600790.974668725,2.41913,-0,-0,-0.076091
1651600790.978941873,2.41913,-0,-0,-0.0557479
1651600790.983531221,2.41913,-0,-0,-0.0841164
1651600790.988835052,2.41913,-0,-0,-0.0700547
1651600790.993767162,2.41913,-0,-0,-0.0519732
1651600790.998515886,2.41913,-0,-0,-0.0444189
1651600791.003372059,2.65513,-0,-0,-0.0335018
1651600791.008936516,2.65513,-0,-0,-0.0286953
1651600791.013927325,2.65513,-0,-0,-0.0598116
1651600791.018535631,2.65513,-0,-0,-0.0566884
1651600791.023357584,2.65513,-0,-0,-0.044092
1651600791.028914802,2.87384,-0,-0,-0.0379726
1651600791.034043476,2.87384,-0,-0,-0.0285878
1651600791.038684022,2.87384,-0,-0,-0.0264028
1651600791.043955509,2.87384,-0,-0,-0.0203532
1651600791.048311731,2.87384,-0,-0,-0.0175564
1651600791.053503270,2.87384,-0,-0,-0.0132273
1651600791.058572933,2.87384,-0,-0,-0.0112985
1651600791.063927702,2.87855,-0,-0,-0.00951468
1651600791.068762988,2.87855,-0,-0,-0.00745647
1651600791.073476868,2.87855,-0,-0,0.039367
1651600791.078518979,2.87855,-0,-0,0.0401544
1651600791.083701976,2.87855,-0,-0,0.0318171
1651600791.088571221,2.87855,-0,-0,0.0275459
1651600791.093959115,3.11101,-0,-0,0.0242385
1651600791.098513359,3.11101,-0,-0,0.0547887
1651600791.103464688,3.11101,-0,-0,0.0497016
1651600791.108320913,3.11101,-0,-0,0.0438232
1651600791.113488753,3.11101,-0,-0,0.0385847
1651600791.118577427,3.27188,-0,-0,0.0282834
1651600791.123424016,3.27188,-0,-0,0.0201171
1651600791.128312688,3.27188,-0,-0,0.0171321
1651600791.133598811,3.27188,-0,-0,0.0876749
1651600791.139088945,3.46336,-0,-0,0.0857788
1651600791.143454802,3.46336,-0,-0,0.0670855
1651600791.148448319,3.46336,-0,-0,0.0581818
1651600791.153862828,3.46336,-0,-0,0.105399
1651600791.159308170,3.46336,-0,-0,0.0896392
1651600791.163345432,3.539,-0,-0,0.0896392
1651600791.168284729,3.539,-0,-0,0.150598
1651600791.173528612,3.539,-0,-0,0.131493
1651600791.178792860,3.539,-0,-0,0.11496
1651600791.183855543,3.539,-0,-0,0.0872708
1651600791.188818071,3.539,-0,-0,0.0748057
1651600791.193576847,3.539,-0,-0,0.0562459
1651600791.198629062,3.6534,-0,-0,0.111673
1651600791.203819194,3.6534,-0,-0,0.0998143
1651600791.208408386,3.6534,-0,-0,0.0879247
1651600791.213737634,3.79998,-0,-0,0.126207
1651600791.218788286,3.79998,-0,-0,0.105525
1651600791.223962741,3.79998,-0,-0,0.0926129
1651600791.228259900,3.79998,-0,-0,0.067615
1651600791.233848160,3.79998,-0,-0,0.0476993
1651600791.238616780,3.854,-0,-0,0.0404638
1651600791.243439775,3.854,-0,-0,0.0283671
1651600791.248470531,3.854,-0,-0,0.0240605
1651600791.253770925,3.854,-0,-0,0.0783956
1651600791.258351940,3.854,-0,-0,0.0757607
1651600791.263365352,3.854,-0,-0,0.0592785
1651600791.268961477,3.86429,-0,-0,0.101795
1651600791.273312750,3.86429,-0,-0,0.0892376
1651600791.278533352,3.86429,-0,-0,0.0783421
1651600791.283317024,3.86429,-0,-0,0.0595199
1651600791.288968930,3.86429,-0,-0,0.0508903
1651600791.294566668,3.92096,-0,-0,0.0710436
1651600791.298523513,3.92096,-0,-0,0.0674836
1651600791.303417133,3.92096,-0,-0,0.0622094
1651600791.308722579,3.92096,-0,-0,0.0477815
1651600791.314042295,4.01245,-0,-0,0.0565771
1651600791.320434205,4.01245,-0,-0,0.0513816
1651600791.324048704,4.01245,-0,-0,0.0403907
1651600791.328214560,4.01245,-0,-0,0.0348524
1651600791.334476886,4.04643,-0,-0,0.0262847
1651600791.338409512,4.04643,-0,-0,0.0224788
1651600791.343381674,4.04643,-0,-0,0.0196888
1651600791.348462379,4.04643,-0,-0,0.0149591
1651600791.354119650,4.04643,-0,-0,0.0275728
1651600791.358698216,4.04643,-0,-0,0.0237931
1651600791.363327564,4.04349,-0,-0,0.0180163
1651600791.370110883,4.04349,-0,-0,0.00933796
1651600791.374211426,4.04349,-0,-0,0.0054989
1651600791.378592491,4.04349,-0,-0,0.00443374
1651600791.383397309,4.04349,-0,-0,0.0038667
1651600791.388649005,4.07496,-0,-0,-0.0166626
1651600791.393399499,4.07496,-0,-0,-0.0175848
1651600791.398432548,4.07496,-0,-0,-0.0162125
1651600791.403744556,4.07496,-0,-0,-0.0124775
1651600791.408800938,4.07496,-0,-0,-0.0107482
1651600791.413910705,4.09357,-0,-0,-0.0080892
1651600791.418695679,4.09357,-0,-0,-0.0341063
1651600791.423305756,4.09357,-0,-0,-0.0323968
1651600791.428588493,4.09357,-0,-0,-0.0287473
1651600791.433754980,4.09357,-0,-0,-0.0253342
1651600791.439498918,4.13395,-0,-0,-0.0185272
1651600791.443727378,4.13395,-0,-0,-0.0400513
1651600791.448231726,4.13395,-0,-0,-0.0380947
1651600791.455145097,4.13395,-0,-0,-0.029555
1651600791.458833606,4.13395,-0,-0,-0.029555
1651600791.470087887,4.13395,-0,-0,-0.0105177
1651600791.473519624,4.13395,-0,-0,-0.0541997
1651600791.479635959,4.13395,-0,-0,-0.0466323
1651600791.486882301,4.15771,-0,-0,-0.0348138
1651600791.490106173,4.15771,-0,-0,-0.0348138
1651600791.494702240,4.15771,-0,-0,-0.0348138
1651600791.499765913,4.15771,-0,-0,-0.0181236
1651600791.511577748,4.15771,-0,-0,-0.0440566
1651600791.517441270,4.19972,-0,-0,-0.0333648
1651600791.523346042,4.19972,-0,-0,-0.0318694
1651600791.527459397,4.19972,-0,-0,-0.0236457
1651600791.539198680,4.19972,-0,-0,-0.0141213
1651600791.542492084,4.19972,-0,-0,-0.00903427
1651600791.548400033,4.19972,-0,-0,-0.00749256
1651600791.561016768,4.25602,-0,-0,-0.0390469
1651600791.564519548,4.25602,-0,-0,-0.0372354
1651600791.572148235,4.29039,-0,-0,-0.063263
1651600791.575649973,4.29039,-0,-0,-0.0554692
1651600791.582025841,4.29039,-0,-0,-0.0447592
1651600791.585433724,4.29039,-0,-0,-0.0387388
1651600791.589729894,4.29039,-0,-0,-0.0327785
1651600791.594549086,4.29039,-0,-0,-0.0240206
1651600791.599598697,4.29039,-0,-0,-0.016299
1651600791.606612850,4.29039,-0,-0,-0.016299
1651600791.611323709,4.29039,-0,-0,-0.00975152
1651600791.615880974,4.29169,-0,-0,-0.00625612
1651600791.621583453,4.29169,-0,-0,-0.0530635
1651600791.624657845,4.29169,-0,-0,-0.0524048
1651600791.629726726,4.29169,-0,-0,-0.0461058
1651600791.635025766,4.29169,-0,-0,-0.0400398
1651600791.639553811,4.29169,-0,-0,-0.0306179
1651600791.644774569,4.29675,-0,-0,-0.0263342
1651600791.649678762,4.29675,-0,-0,-0.0198035
1651600791.654657748,4.29675,-0,-0,-0.0491947
1651600791.659591577,4.29675,-0,-0,-0.0441454
1651600791.665065044,4.29675,-0,-0,-0.0345132
1651600791.669904393,4.29675,-0,-0,-0.0297632
1651600791.675191037,4.29343,-0,-0,-0.0257527
1651600791.679563144,4.29343,-0,-0,-0.0475543
1651600791.684669370,4.29343,-0,-0,-0.0448219
1651600791.689893878,4.29343,-0,-0,-0.034656
1651600791.694790154,4.31561,-0,-0,-0.0298411
1651600791.699468044,4.31561,-0,-0,-0.022487
1651600791.704686458,4.31561,-0,-0,-0.0193119
1651600791.709763413,4.31561,-0,-0,-0.0275464
1651600791.714578127,4.31561,-0,-0,-0.0254834
1651600791.719674509,4.33955,-0,-0,-0.0194419
1651600791.724702713,4.33955,-0,-0,-0.0188449
1651600791.729835502,4.33955,-0,-0,-0.0146909
1651600791.734763706,4.33955,-0,-0,-0.0127009
1651600791.739975817,4.33955,-0,-0,-0.00955184
1651600791.744856625,4.36855,-0,-0,-0.00818652
1651600791.749643266,4.36855,-0,-0,-0.00601935
1651600791.754995066,4.36855,-0,-0,-0.00517672
1651600791.759658425,4.36855,-0,-0,-0.00390017
1651600791.764994079,4.36855,-0,-0,-0.00334866
1651600791.769851293,4.37332,-0,-0,-0.00251746
1651600791.774655746,4.37332,-0,-0,0.0077035
1651600791.779857025,4.37332,-0,-0,0.00824231
1651600791.784639811,4.37332,-0,-0,0.00741308
1651600791.789724162,4.38551,-0,-0,0.0056573
1651600791.794868773,4.38551,-0,-0,0.00487398
1651600791.800162083,4.38551,-0,-0,0.0122748
1651600791.805347372,4.38551,-0,-0,0.0117704
1651600791.809635781,4.38551,-0,-0,0.0100447
1651600791.814592735,4.38551,-0,-0,0.00878027
1651600791.820060786,4.38551,-0,-0,0.0066148
1651600791.824775655,4.40405,-0,-0,0.00569907
1651600791.829763287,4.40405,-0,-0,0.0108202
1651600791.834637219,4.40405,-0,-0,0.0102105
1651600791.839959176,4.40405,-0,-0,0.00790376
1651600791.844861754,4.40323,-0,-0,0.00681238
1651600791.849736937,4.40323,-0,-0,0.0218168
1651600791.854614099,4.40323,-0,-0,0.0210896
1651600791.859711054,4.40155,-0,-0,0.0164242
1651600791.864755353,4.40155,-0,-0,0.0142084
1651600791.869855953,4.40155,-0,-0,0.0243963
1651600791.874604677,4.40155,-0,-0,0.0228804
1651600791.879582569,4.40155,-0,-0,0.020347
1651600791.884759993,4.40155,-0,-0,0.0152499
1651600791.889748353,4.39954,-0,-0,0.0131112
1651600791.894719995,4.39954,-0,-0,0.0278529
1651600791.899609032,4.39954,-0,-0,0.0250544
1651600791.904626039,4.39954,-0,-0,0.0220828
1651600791.909843828,4.38815,-0,-0,0.016722
1651600791.914550468,4.38815,-0,-0,0.0143682
1651600791.919729611,4.38815,-0,-0,0.0275815
1651600791.924433803,4.38815,-0,-0,0.0260396
1651600791.929863260,4.38924,-0,-0,0.020137
1651600791.934776203,4.38924,-0,-0,0.0173917
1651600791.939540240,4.38924,-0,-0,0.03011
1651600791.944505423,4.38924,-0,-0,0.0282723
1651600791.949597638,4.38924,-0,-0,0.0218541
1651600791.954668447,4.38924,-0,-0,0.018855
1651600791.960019831,4.38924,-0,-0,0.0141113
1651600791.965399027,4.37924,-0,-0,0.0121267
1651600791.970137907,4.37924,-0,-0,0.00862735
1651600791.976110387,4.37924,-0,-0,0.0246951
1651600791.979517072,4.37924,-0,-0,0.0228613
1651600791.984598142,4.37182,-0,-0,0.0202349
1651600791.989801556,4.37182,-0,-0,0.0280737
1651600791.995360284,4.37182,-0,-0,0.0259316
1651600791.999506296,4.37182,-0,-0,0.0199171
1651600792.004801898,4.37764,-0,-0,0.0171817
1651600792.010015780,4.37764,-0,-0,0.0129291
1651600792.014681066,4.37764,-0,-0,0.0191953
1651600792.019924272,4.37764,-0,-0,0.0164575
1651600792.024561381,4.37764,-0,-0,0.014408
1651600792.029774794,4.38273,-0,-0,0.010893
1651600792.034753936,4.38273,-0,-0,0.0154119
1651600792.039633650,4.38273,-0,-0,0.0142683
1651600792.044704824,4.38273,-0,-0,0.0114315
1651600792.049656413,4.38273,-0,-0,0.00839759
1651600792.054660555,4.38497,-0,-0,0.00717902
1651600792.059641988,4.38497,-0,-0,0.00536761
1651600792.064582224,4.38497,-0,-0,0.00462326
1651600792.069935690,4.38497,-0,-0,0.00733895
1651600792.074510455,4.38497,-0,-0,0.00684672
1651600792.079661212,4.38497,-0,-0,0.00526383
1651600792.084578010,4.37943,-0,-0,0.00455096
1651600792.089723715,4.37943,-0,-0,0.00285849
1651600792.095039369,4.37943,-0,-0,0.00237788
1651600792.099588039,4.37943,-0,-0,0.00176788
1651600792.104619317,4.37943,-0,-0,0.00151327
1651600792.109745907,4.37923,-0,-0,0.0011361
1651600792.114548902,4.37923,-0,-0,-0.000573736
1651600792.119586429,4.37923,-0,-0,-0.000815939
1651600792.125300888,4.37923,-0,-0,-0.00066889
1651600792.129772631,4.37923,-0,-0,-0.000580275
1651600792.134745158,4.37923,-0,-0,-0.000509769
1651600792.139685549,4.37923,-0,-0,-0.00626833
1651600792.144485940,4.37812,-0,-0,-0.00621388
1651600792.150121075,4.37812,-0,-0,-0.00486411
1651600792.154579485,4.37812,-0,-0,-0.00416565
1651600792.160309151,4.37641,-0,-0,-0.00316753
1651600792.164609539,4.37641,-0,-0,-0.00272478
1651600792.169803213,4.37641,-0,-0,-0.00856921
1651600792.174578135,4.37641,-0,-0,-0.00794118
1651600792.179563683,4.37641,-0,-0,-0.00611178
1651600792.184553502,4.37641,-0,-0,-0.00526823
1651600792.189680978,4.37867,-0,-0,-0.00396378
1651600792.194726734,4.37867,-0,-0,-0.00340107
1651600792.199675459,4.37867,-0,-0,-0.011202
1651600792.204436423,4.37867,-0,-0,-0.0108279
1651600792.209657649,4.37867,-0,-0,-0.00849945
1651600792.214590749,4.37867,-0,-0,-0.0172107
1651600792.219637131,4.37807,-0,-0,-0.014089
1651600792.224638356,4.37807,-0,-0,-0.0122742
1651600792.229595049,4.37807,-0,-0,-0.00923263
1651600792.234886120,4.37605,-0,-0,-0.00794801
1651600792.239639635,4.37605,-0,-0,-0.0168453
1651600792.244700340,4.37605,-0,-0,-0.0159923
1651600792.249462658,4.37605,-0,-0,-0.0123976
1651600792.254694613,4.37605,-0,-0,-0.0107168
1651600792.260173966,4.3699,-0,-0,-0.00805202
1651600792.264655449,4.3699,-0,-0,-0.00691993
1651600792.269708132,4.3699,-0,-0,-0.0169172
1651600792.274658107,4.3699,-0,-0,-0.0161924
1651600792.279695010,4.3699,-0,-0,-0.0125869
1651600792.284743058,4.37198,-0,-0,-0.01086
1651600792.289781211,4.37198,-0,-0,-0.00954376
1651600792.294697956,4.37198,-0,-0,-0.00702542
1651600792.299534128,4.37198,-0,-0,-0.0135033
1651600792.304734209,4.37198,-0,-0,-0.0122527
1651600792.309690173,4.37198,-0,-0,-0.0103401
1651600792.314517908,4.37198,-0,-0,-0.00903455
1651600792.319683926,4.3697,-0,-0,-0.00683126
1651600792.324603692,4.3697,-0,-0,-0.00586572
1651600792.329588875,4.3697,-0,-0,-0.00441052
1651600792.334783174,4.3697,-0,-0,-0.0120268
1651600792.339576326,4.3697,-0,-0,-0.0110883
1651600792.344836719,4.3697,-0,-0,-0.0097955
1651600792.349820756,4.3697,-0,-0,-0.0130364
1651600792.354688283,4.37271,-0,-0,-0.0119885
1651600792.359457267,4.37271,-0,-0,-0.00920894
1651600792.364666514,4.37271,-0,-0,-0.00720869
1651600792.370506338,4.38297,-0,-0,-0.00580682
1651600792.374804278,4.38297,-0,-0,-0.00503349
1651600792.379560345,4.38297,-0,-0,-0.006782
1651600792.384648967,4.38297,-0,-0,-0.00624479
1651600792.389708057,4.39073,-0,-0,-0.00479853
1651600792.395037253,4.39073,-0,-0,-0.00412918
1651600792.399773216,4.39073,-0,-0,-0.00520192
1651600792.404590378,4.39073,-0,-0,-0.0047638
1651600792.410393065,4.39073,-0,-0,-0.00364747
1651600792.414704964,4.39015,-0,-0,-0.00314002
1651600792.420424162,4.39015,-0,-0,-0.00327278
1651600792.424308870,4.39015,-0,-0,-0.0029416
1651600792.430440675,4.39015,-0,-0,-0.00225875
1651600792.434780073,4.39015,-0,-0,-0.00194458
1651600792.440656616,4.39349,-0,-0,-0.00139037
1651600792.444841378,4.39349,-0,-0,-0.00118247
1651600792.449719478,4.39349,-0,-0,-9.08969e-05
1651600792.454596952,4.39349,-0,-0,3.4836e-05
1651600792.460281254,4.39349,-0,-0,4.44249e-05
1651600792.465814096,4.39349,-0,-0,5.07574e-05
1651600792.469860369,4.39302,-0,-0,4.24755e-05
1651600792.474649405,4.39302,-0,-0,0.0013735
1651600792.479563442,4.39302,-0,-0,0.00136445
1651600792.484549407,4.39077,-0,-0,0.0012172
1651600792.491314808,4.39077,-0,-0,0.000925265
1651600792.494383210,4.39077,-0,-0,0.000798179
1651600792.499642979,4.39077,-0,-0,0.00418947
1651600792.504618527,4.39077,-0,-0,0.0041144
1651600792.509776680,4.39134,-0,-0,0.00322285
1651600792.514643529,4.39134,-0,-0,0.00593451
1651600792.519589233,4.39134,-0,-0,0.00524527
1651600792.524605667,4.39134,-0,-0,0.0046176
1651600792.529661892,4.39134,-0,-0,0.0034792
1651600792.534630461,4.39107,-0,-0,0.00300022
1651600792.539559238,4.39107,-0,-0,0.00226163
1651600792.544740828,4.39107,-0,-0,0.00686032
1651600792.549818773,4.39107,-0,-0,0.00637878
1651600792.555163073,4.39103,-0,-0,0.00496221
1651600792.559938724,4.39103,-0,-0,0.00428215
1651600792.564678125,4.39103,-0,-0,0.0079576
1651600792.569713517,4.39103,-0,-0,0.00704846
1651600792.574772398,4.39103,-0,-0,0.00619637
1651600792.579594612,4.39103,-0,-0,0.00468931
1651600792.584945891,4.39103,-0,-0,0.00353534
1651600792.589944929,4.39103,-0,-0,0.00827545
1651600792.595155009,4.39047,-0,-0,0.00701636
1651600792.599517898,4.39047,-0,-0,0.00612493
1651600792.604639280,4.39047,-0,-0,0.00538235
1651600792.609743943,4.39047,-0,-0,0.00406767
1651600792.614795012,4.38896,-0,-0,0.00345322
1651600792.619645507,4.38896,-0,-0,0.00705444
1651600792.624620222,4.38896,-0,-0,0.00668547
1651600792.630426816,4.38889,-0,-0,0.00517449
1651600792.634521890,4.38889,-0,-0,0.00445995
1651600792.640237494,4.38889,-0,-0,0.00375188
1651600792.644818197,4.38889,-0,-0,0.00723905
1651600792.649777234,4.38889,-0,-0,0.00644011
1651600792.654672209,4.38859,-0,-0,0.00565729
1651600792.659623485,4.38859,-0,-0,0.00428551
1651600792.664778409,4.38859,-0,-0,0.00725622
1651600792.670080782,4.38859,-0,-0,0.00632606
1651600792.674488983,4.38859,-0,-0,0.00557764
1651600792.679593959,4.38761,-0,-0,0.00422919
1651600792.685587533,4.38761,-0,-0,0.00363148
1651600792.689825213,4.38761,-0,-0,0.00584393
1651600792.694602739,4.38761,-0,-0,0.00543402
1651600792.699744225,4.38761,-0,-0,0.00421956
1651600792.704774773,4.38761,-0,-0,0.00364084
1651600792.710046885,4.38761,-0,-0,0.00259755
1651600792.714667900,4.38835,-0,-0,0.00220491
1651600792.720813142,4.38835,-0,-0,0.00389602
1651600792.725561709,4.38835,-0,-0,0.00342655
1651600792.730077723,4.38582,-0,-0,0.00301504
1651600792.734649571,4.38582,-0,-0,0.0038729
1651600792.739637359,4.38582,-0,-0,0.00322848
1651600792.744603844,4.38582,-0,-0,0.00281912
1651600792.749706580,4.38582,-0,-0,0.00212114
1651600792.754657232,4.38582,-0,-0,0.00182788
1651600792.759643041,4.39085,-0,-0,0.00137336
1651600792.764714006,4.39085,-0,-0,0.00192887
1651600792.769677627,4.39085,-0,-0,0.00163709
1651600792.774597497,4.39085,-0,-0,0.00143029
1651600792.779905599,4.389,-0,-0,0.00108193
1651600792.784631979,4.389,-0,-0,0.000929953
1651600792.789856226,4.389,-0,-0,0.000815571
1651600792.794695471,4.389,-0,-0,1.15513e-05
1651600792.799461956,4.389,-0,-0,-0.000161354
1651600792.805219799,4.39083,-0,-0,-0.00015545
1651600792.809734199,4.39083,-0,-0,-0.000138084
1651600792.814971207,4.39083,-0,-0,-0.0007024
1651600792.819475294,4.39083,-0,-0,-0.00067004
1651600792.824697249,4.39083,-0,-0,-0.000598874
1651600792.829803787,4.38888,-0,-0,-0.00254129
1651600792.834780585,4.38888,-0,-0,-0.00246326
1651600792.839897645,4.38888,-0,-0,-0.00197898
1651600792.844601681,4.38888,-0,-0,-0.00171997
1651600792.850446192,4.39092,-0,-0,-0.00129477
1651600792.855521584,4.39092,-0,-0,-0.00109882
1651600792.859964212,4.39092,-0,-0,-0.000788501
1651600792.864608612,4.39092,-0,-0,-0.00228982
1651600792.869622806,4.39092,-0,-0,-0.0021213
1651600792.874653250,4.39208,-0,-0,-0.0018575
1651600792.879708330,4.39208,-0,-0,-0.00142095
1651600792.884785389,4.39208,-0,-0,-0.0012247
1651600792.890495837,4.39208,-0,-0,-0.00345911
1651600792.894875131,4.39208,-0,-0,-0.00332856
1651600792.899594480,4.39295,-0,-0,-0.00283499
1651600792.904557320,4.39295,-0,-0,-0.0024788
1651600792.909955995,4.39295,-0,-0,-0.00412531
1651600792.914462738,4.39295,-0,-0,-0.00386246
1651600792.919673496,4.39138,-0,-0,-0.00298488
1651600792.924590085,4.39138,-0,-0,-0.00554481
1651600792.930208032,4.39138,-0,-0,-0.00490804
1651600792.934697067,4.39138,-0,-0,-0.00432192
1651600792.940664287,4.39138,-0,-0,-0.00325529
1651600792.944677851,4.39138,-0,-0,-0.00325529
1651600792.949775535,4.39331,-0,-0,-0.00187731
1651600792.954684520,4.39331,-0,-0,-0.00359673
1651600792.959644338,4.39331,-0,-0,-0.0031935
1651600792.964849627,4.39331,-0,-0,-0.00280911
1651600792.970053197,4.39357,-0,-0,-0.00213187
1651600792.974580097,4.39357,-0,-0,-0.00418589
1651600792.979641166,4.39357,-0,-0,-0.00373023
1651600792.985875731,4.39357,-0,-0,-0.00326793
1651600792.989663825,4.39357,-0,-0,-0.00248845
1651600792.995031146,4.39357,-0,-0,-0.00214032
1651600792.999609296,4.3953,-0,-0,-0.00339152
1651600793.004657344,4.3953,-0,-0,-0.00316419
1651600793.009631121,4.3953,-0,-0,-0.00243695
1651600793.014656148,4.3953,-0,-0,-0.00210238
1651600793.019693051,4.39348,-0,-0,-0.00158467
1651600793.024569223,4.39348,-0,-0,-0.00297941
1651600793.029720970,4.39348,-0,-0,-0.00264244
1651600793.034502454,4.39348,-0,-0,-0.0023248
1651600793.039728472,4.39348,-0,-0,-0.00175807
1651600793.044808760,4.39529,-0,-0,-0.00134807
1651600793.049711964,4.39529,-0,-0,-0.00107787
1651600793.054681626,4.39529,-0,-0,-0.00198158
1651600793.059657279,4.39529,-0,-0,-0.00174864
1651600793.064712566,4.39459,-0,-0,-0.00153963
1651600793.069976814,4.39459,-0,-0,-0.0018527
1651600793.074658454,4.39459,-0,-0,-0.0014764
1651600793.079556814,4.39459,-0,-0,-0.0010826
1651600793.084787207,4.39459,-0,-0,-0.000925287
1651600793.089950881,4.39709,-0,-0,-0.000694473
1651600793.094721271,4.39709,-0,-0,-0.000594865
1651600793.099694059,4.39709,-0,-0,-0.000670746
1651600793.104603512,4.39709,-0,-0,-0.000607339
1651600793.110132813,4.40133,-0,-0,-0.00046397
1651600793.114649557,4.40133,-0,-0,-0.000399484
1651600793.120317921,4.40133,-0,-0,-0.000375722
1651600793.124634715,4.40133,-0,-0,-0.000333394
1651600793.129813389,4.40202,-0,-0,-0.000250578
1651600793.134663728,4.40202,-0,-0,-0.000215194
1651600793.139728495,4.40202,-0,-0,0.000384967
1651600793.144439823,4.40202,-0,-0,0.000407829
1651600793.149795060,4.40202,-0,-0,0.000325535
1651600793.154726858,4.40202,-0,-0,0.00028237
1651600793.159654124,4.40323,-0,-0,0.000742209
1651600793.164555505,4.40323,-0,-0,0.000712514
1651600793.169689283,4.40323,-0,-0,0.000553038
1651600793.174658477,4.40323,-0,-0,0.000477433
1651600793.179495274,4.40323,-0,-0,0.000358591
1651600793.184419311,4.40323,-0,-0,0.000308466
1651600793.189969914,4.40393,-0,-0,0.000232115
1651600793.194652856,4.40393,-0,-0,0.000198706
1651600793.199593300,4.40393,-0,-0,0.00118024
1651600793.204674734,4.40303,-0,-0,0.00115926
1651600793.209770334,4.40303,-0,-0,0.00190644
1651600793.214682184,4.40303,-0,-0,0.0017834
1651600793.219512210,4.40303,-0,-0,0.00137651
1651600793.224712655,4.40303,-0,-0,0.00118542
1651600793.229810912,4.40204,-0,-0,0.00089333
1651600793.235084795,4.40204,-0,-0,0.000672295
1651600793.239658622,4.40204,-0,-0,0.00195083
1651600793.245073912,4.40204,-0,-0,0.00188064
1651600793.250003730,4.40204,-0,-0,0.00145901
1651600793.254655162,4.40243,-0,-0,0.00126161
1651600793.259742637,4.40243,-0,-0,0.000948951
1651600793.265041937,4.40243,-0,-0,0.00192278
1651600793.269719619,4.40243,-0,-0,0.00171955
1651600793.274684594,4.40243,-0,-0,0.00149412
1651600793.279650558,4.40102,-0,-0,0.00114646
1651600793.284459595,4.40102,-0,-0,0.0009871
1651600793.289698946,4.40102,-0,-0,0.000743677
1651600793.294984600,4.40102,-0,-0,0.00196924
1651600793.299883116,4.40102,-0,-0,0.00188898
1651600793.304792309,4.40369,-0,-0,0.00167556
1651600793.310118380,4.40369,-0,-0,0.00148073
1651600793.315007365,4.40369,-0,-0,0.00105177
1651600793.319602129,4.40369,-0,-0,0.00166344
1651600793.325418463,4.40256,-0,-0,0.00137618
1651600793.329594944,4.40256,-0,-0,0.00119746
1651600793.334695180,4.40256,-0,-0,0.00215352
1651600793.339565623,4.40256,-0,-0,0.00189859
1651600793.344583984,4.40256,-0,-0,0.00167335
1651600793.350552350,4.4033,-0,-0,0.00126585
1651600793.355337063,4.4033,-0,-0,0.00107793
1651600793.359487867,4.4033,-0,-0,0.00151631
1651600793.364620655,4.4033,-0,-0,0.00140286
1651600793.370458500,4.4033,-0,-0,0.0010781
1651600793.374722325,4.4033,-0,-0,0.00152166
1651600793.379484330,4.4033,-0,-0,0.00125835
1651600793.384695140,4.40368,-0,-0,0.00109836
1651600793.389650114,4.40368,-0,-0,0.000828572
1651600793.394464412,4.40368,-0,-0,0.00071185
1651600793.399588554,4.40368,-0,-0,0.000534734
1651600793.404637696,4.40451,-0,-0,0.000458956
1651600793.409700588,4.40451,-0,-0,0.000767564
1651600793.414707594,4.40451,-0,-0,0.000718777
1651600793.419504756,4.40451,-0,-0,0.000637559
1651600793.424661919,4.40335,-0,-0,0.000478157
1651600793.430004344,4.40335,-0,-0,0.000341994
1651600793.434821402,4.40335,-0,-0,0.000432445
1651600793.439793095,4.40335,-0,-0,0.000358857
1651600793.444817446,4.40359,-0,-0,0.000312822
1651600793.449695441,4.40359,-0,-0,0.000232797
1651600793.454600051,4.40359,-0,-0,0.000223429
1651600793.459545130,4.40359,-0,-0,0.000174973
1651600793.464534949,4.40359,-0,-0,0.000151052
1651600793.469787998,4.40359,-0,-0,0.000113759
1651600793.474717973,4.40359,-0,-0,9.76516e-05
1651600793.479637635,4.40396,-0,-0,7.33778e-05
1651600793.484654069,4.40396,-0,-0,6.30577e-05
1651600793.490129150,4.40396,-0,-0,-0.000242994
1651600793.494763707,4.40396,-0,-0,-0.000249736
1651600793.499474826,4.40396,-0,-0,-0.000197987
1651600793.504634021,4.40396,-0,-0,-0.000171329
1651600793.509768788,4.40396,-0,-0,-0.000129178
1651600793.514827931,4.40427,-0,-0,-0.000431102
1651600793.520271346,4.40427,-0,-0,-0.00040337
1651600793.524984705,4.40313,-0,-0,-0.000989583
1651600793.529635771,4.40313,-0,-0,-0.000946858
1651600793.534605903,4.40313,-0,-0,-0.000841952
1651600793.539701816,4.40313,-0,-0,-0.000741814
1651600793.544931323,4.40483,-0,-0,-0.000549134
1651600793.549749579,4.40483,-0,-0,-0.000391746
1651600793.554696481,4.40483,-0,-0,-0.000333026
1651600793.559547601,4.40483,-0,-0,-0.000716986
1651600793.565183361,4.40483,-0,-0,-0.000681869
1651600793.569771406,4.40568,-0,-0,-0.000528705
1651600793.574539974,4.40568,-0,-0,-0.000455582
1651600793.579730679,4.40568,-0,-0,-0.000343026
1651600793.584843936,4.40568,-0,-0,-0.000979215
1651600793.589611306,4.40568,-0,-0,-0.000908439
1651600793.594711177,4.4062,-0,-0,-0.000804998
1651600793.599529381,4.4062,-0,-0,-0.000609929
1651600793.604549148,4.4062,-0,-0,-0.00111025
1651600793.609696832,4.4062,-0,-0,-0.000980917
1651600793.614661390,4.4062,-0,-0,-0.000862007
1651600793.619581677,4.4062,-0,-0,-0.000758896
1651600793.624643944,4.40571,-0,-0,-0.000560827
1651600793.629749233,4.40571,-0,-0,-0.00108636
1651600793.634404310,4.40571,-0,-0,-0.00102669
1651600793.639832933,4.40571,-0,-0,-0.0007954
1651600793.644551032,4.40571,-0,-0,-0.000685784
1651600793.649857831,4.40571,-0,-0,-0.000496474
1651600793.654685722,4.40589,-0,-0,-0.000440401
1651600793.659929917,4.40589,-0,-0,-0.000334157
1651600793.664617703,4.40589,-0,-0,-0.000820509
1651600793.669738877,4.40589,-0,-0,-0.000749202
1651600793.674729217,4.40589,-0,-0,-0.000661737
1651600793.679764869,4.40549,-0,-0,-0.00101948
1651600793.684668281,4.40549,-0,-0,-0.000950687
1651600793.689713152,4.40549,-0,-0,-0.000732772
1651600793.694684794,4.40549,-0,-0,-0.000631242
1651600793.700165136,4.40549,-0,-0,-0.000474895
1651600793.704907766,4.40716,-0,-0,-0.000406599
1651600793.709935398,4.40716,-0,-0,-0.000636624
1651600793.714650840,4.40716,-0,-0,-0.000593225
1651600793.719615242,4.40716,-0,-0,-0.000456791
1651600793.724886989,4.40715,-0,-0,-0.000394097
1651600793.729795714,4.40715,-0,-0,-0.000558299
1651600793.734741626,4.40715,-0,-0,-0.0005157
1651600793.739879936,4.40715,-0,-0,-0.00039712
1651600793.744751264,4.40715,-0,-0,-0.000342242
1651600793.749845615,4.40845,-0,-0,-0.000257693
1651600793.754699756,4.40845,-0,-0,-0.000220513
1651600793.759800981,4.40845,-0,-0,-0.000330152
1651600793.764739862,4.4078,-0,-0,-0.000306456
1651600793.769734785,4.4078,-0,-0,-0.000249296
1651600793.774903511,4.4078,-0,-0,-0.000216768
1651600793.779757965,4.4078,-0,-0,-0.00016329
1651600793.784506011,4.4078,-0,-0,-0.000140294
1651600793.789849634,4.4086,-0,-0,-0.000105385
1651600793.794681692,4.4086,-0,-0,-6.98039e-05
1651600793.799598333,4.4086,-0,-0,-4.72743e-05
1651600793.806333266,4.4086,-0,-0,-3.99265e-05
1651600793.810121151,4.4086,-0,-0,-2.98132e-05
1651600793.815840401,4.41072,-0,-0,-2.24229e-05
1651600793.819561463,4.41072,-0,-0,3.94091e-06
1651600793.824998732,4.41072,-0,-0,5.91503e-06
1651600793.829776466,4.41072,-0,-0,5.49292e-06
1651600793.834702118,4.41072,-0,-0,4.85806e-06
1651600793.839663968,4.41072,-0,-0,3.68448e-06
1651600793.844651651,4.41072,-0,-0,3.16636e-06
1651600793.849958086,4.40978,-0,-0,2.78054e-06
1651600793.854654674,4.40978,-0,-0,0.000220954
1651600793.859690587,4.40978,-0,-0,0.000220358
1651600793.864809729,4.40777,-0,-0,0.000196836
1651600793.869639651,4.40777,-0,-0,0.000173585
1651600793.874536189,4.40777,-0,-0,0.000492367
1651600793.879596737,4.40777,-0,-0,0.000455489
1651600793.884648171,4.40777,-0,-0,0.000402531
1651600793.889730750,4.40777,-0,-0,0.000305895
1651600793.894646402,4.40803,-0,-0,0.000262657
1651600793.899956952,4.40803,-0,-0,0.000197155
1651600793.904838124,4.40803,-0,-0,0.000429304
1651600793.909683255,4.40803,-0,-0,0.000387237
1651600793.914604740,4.40803,-0,-0,0.000341379
1651600793.919565548,4.40803,-0,-0,0.000258798
1651600793.924553440,4.40818,-0,-0,0.000570572
1651600793.929741020,4.40818,-0,-0,0.000515488
1651600793.934678755,4.40818,-0,-0,0.000454388
1651600793.940017899,4.40784,-0,-0,0.00034424
1651600793.945116208,4.40784,-0,-0,0.000259148
1651600793.950259777,4.40784,-0,-0,0.000222406
1651600793.954651155,4.40784,-0,-0,0.00049654
1651600793.960788168,4.40758,-0,-0,0.000448995
1651600793.964602876,4.40758,-0,-0,0.000396379
1651600793.969677070,4.40758,-0,-0,0.000606955
1651600793.975068662,4.40758,-0,-0,0.000573239
1651600793.979957387,4.40758,-0,-0,0.000443427
1651600793.985375229,4.40758,-0,-0,0.000382329
1651600793.989682388,4.40758,-0,-0,0.000288185
1651600793.994720644,4.4075,-0,-0,0.000247182
1651600793.999541347,4.4075,-0,-0,0.000185511
1651600794.004758147,4.4075,-0,-0,0.000413067
1651600794.009649631,4.4075,-0,-0,0.000373121
1651600794.014765857,4.40736,-0,-0,0.000329451
1651600794.019900989,4.40736,-0,-0,0.000249952
1651600794.025151851,4.40736,-0,-0,0.000188607
1651600794.029678386,4.40736,-0,-0,0.000388972
1651600794.034816435,4.40801,-0,-0,0.00036875
1651600794.040299642,4.40801,-0,-0,0.000285989
1651600794.044718416,4.40801,-0,-0,0.000402174
1651600794.049665995,4.40801,-0,-0,0.000332335
1651600794.054595813,4.40801,-0,-0,0.000289741
1651600794.059579486,4.40801,-0,-0,0.000218051
1651600794.064689878,4.4083,-0,-0,0.000187793
1651600794.069886938,4.4083,-0,-0,0.000236265
1651600794.074468890,4.4083,-0,-0,0.000216255
1651600794.079823971,4.4083,-0,-0,0.000165701
1651600794.084567226,4.4083,-0,-0,0.00014262
1651600794.089837463,4.40882,-0,-0,0.000107325
1651600794.094678322,4.40882,-0,-0,9.21156e-05
1651600794.099637724,4.40882,-0,-0,0.000127801
1651600794.104666970,4.40882,-0,-0,0.000117986
1651600794.109660435,4.40882,-0,-0,9.06684e-05
1651600794.114648274,4.40915,-0,-0,7.83343e-05
1651600794.119665593,4.40915,-0,-0,5.88493e-05
1651600794.125156300,4.40915,-0,-0,2.80161e-05
1651600794.129816794,4.40915,-0,-0,2.16567e-05
1651600794.134573539,4.40915,-0,-0,1.8692e-05
1651600794.140099246,4.40897,-0,-0,1.37692e-05
1651600794.144667031,4.40897,-0,-0,1.20324e-05
1651600794.149701642,4.40897,-0,-0,-2.81315e-05
1651600794.154543595,4.40897,-0,-0,-3.09271e-05
1651600794.159677217,4.40897,-0,-0,-2.49382e-05
1651600794.164563233,4.40897,-0,-0,-2.16004e-05
1651600794.170172013,4.40898,-0,-0,-1.63145e-05
1651600794.174817872,4.40898,-0,-0,-1.40129e-05
1651600794.180109567,4.40898,-0,-0,-0.000124271
1651600794.184748134,4.40898,-0,-0,-0.000120953
1651600794.189666234,4.40898,-0,-0,-9.43551e-05
1651600794.194712563,4.40898,-0,-0,-8.14397e-05
1651600794.199673319,4.40898,-0,-0,-6.12732e-05
1651600794.205077203,4.40898,-0,-0,-0.000169217
1651600794.209707853,4.40898,-0,-0,-0.000156184
1651600794.214675640,4.40898,-0,-0,-0.000138018
1651600794.219673636,4.40937,-0,-0,-0.00010473
1651600794.225104291,4.40937,-0,-0,-0.000241186
1651600794.229621086,4.40937,-0,-0,-0.00022997
1651600794.235150387,4.40937,-0,-0,-0.000179926
1651600794.239444212,4.40937,-0,-0,-0.000154997
1651600794.244758772,4.40937,-0,-0,-0.000135835
1651600794.249725518,4.40937,-0,-0,-0.000102976
1651600794.254569346,4.41022,-0,-0,-0.000219008
1651600794.259568384,4.41022,-0,-0,-0.000196978
1651600794.264473150,4.41022,-0,-0,-0.000173532
1651600794.270214900,4.41072,-0,-0,-0.000130482
1651600794.274623934,4.41072,-0,-0,-0.000112822
1651600794.279646878,4.41072,-0,-0,-0.000247919
1651600794.284947376,4.41072,-0,-0,-0.000235902
1651600794.289741933,4.41072,-0,-0,-0.000183149
1651600794.294823315,4.41102,-0,-0,-0.000158125
1651600794.299843655,4.41102,-0,-0,-0.000118954
1651600794.304733577,4.41102,-0,-0,-0.000234854
1651600794.309679541,4.41102,-0,-0,-0.000209479
1651600794.314549984,4.41102,-0,-0,-0.000184625
1651600794.319651158,4.41126,-0,-0,-0.000139719
1651600794.324519414,4.41126,-0,-0,-0.000240573
1651600794.329639702,4.41126,-0,-0,-0.00021926
1651600794.334526707,4.41126,-0,-0,-0.000193538
1651600794.339356838,4.41126,-0,-0,-0.000146696
1651600794.344782284,4.41167,-0,-0,-0.000126455
1651600794.349831426,4.41167,-0,-0,-0.000192528
1651600794.354612962,4.41167,-0,-0,-0.000178953
1651600794.359538770,4.41167,-0,-0,-0.00013805
1651600794.364665829,4.41167,-0,-0,-0.000119069
1651600794.369714294,4.41167,-0,-0,-8.95274e-05
1651600794.374561925,4.41167,-0,-0,-7.67786e-05
1651600794.379721380,4.41167,-0,-0,-5.77156e-05
1651600794.385096826,4.41127,-0,-0,-0.000130253
1651600794.390180655,4.41127,-0,-0,-0.000124024
1651600794.395581726,4.4114,-0,-0,-0.000155367
1651600794.399617321,4.4114,-0,-0,-0.000142308
1651600794.404747089,4.4114,-0,-0,-0.000125795
1651600794.409999617,4.4114,-0,-0,-9.55171e-05
1651600794.414594538,4.4114,-0,-0,-8.20289e-05
1651600794.419559252,4.4114,-0,-0,-6.16403e-05
1651600794.431849579,4.41215,-0,-0,-5.29369e-05
1651600794.435104701,4.41215,-0,-0,-6.733e-05
1651600794.440252958,4.41248,-0,-0,-5.50603e-05
1651600794.445263767,4.41248,-0,-0,-5.24505e-05
1651600794.450191502,4.41248,-0,-0,-4.65837e-05
1651600794.455170123,4.41248,-0,-0,-4.10238e-05
1651600794.460040514,4.41248,-0,-0,-3.10508e-05
1651600794.465257365,4.41248,-0,-0,-2.34465e-05
1651600794.470322861,4.41104,-0,-0,1.23165e-05
1651600794.475104554,4.41104,-0,-0,1.73145e-05
1651600794.480125935,4.41104,-0,-0,1.59981e-05
1651600794.485178931,4.41104,-0,-0,1.24104e-05
1651600794.490235782,4.41104,-0,-0,1.07272e-05
1651600794.495334091,4.41166,-0,-0,8.25709e-06
1651600794.500048179,4.41166,-0,-0,7.12775e-06
1651600794.505225342,4.41166,-0,-0,5.49814e-06
1651600794.510247765,4.41166,-0,-0,2.60795e-05
1651600794.515281855,4.41166,-0,-0,2.26356e-05
1651600794.520178132,4.411,-0,-0,1.99057e-05
1651600794.525323003,4.411,-0,-0,8.06471e-05
1651600794.530486990,4.411,-0,-0,7.85738e-05
1651600794.536049833,4.411,-0,-0,6.12546e-05
1651600794.540712045,4.41092,-0,-0,5.29088e-05
1651600794.545582593,4.41092,-0,-0,9.26621e-05
1651600794.550589755,4.41092,-0,-0,8.7083e-05
1651600794.555268999,4.41092,-0,-0,7.72373e-05
1651600794.560974812,4.41079,-0,-0,5.80686e-05
1651600794.565668275,4.41079,-0,-0,4.15595e-05
1651600794.570360279,4.41079,-0,-0,0.000111529
1651600794.575249004,4.41079,-0,-0,0.000102687
1651600794.580206270,4.41079,-0,-0,9.07156e-05
1651600794.585537914,4.41099,-0,-0,6.96589e-05
1651600794.590346065,4.41099,-0,-0,0.000120008
1651600794.595250883,4.41099,-0,-0,0.00011272
1651600794.600090024,4.41099,-0,-0,9.23887e-05
1651600794.605678231,4.41099,-0,-0,7.09105e-05
1651600794.610169558,4.4119,-0,-0,6.10268e-05
1651600794.615391305,4.4119,-0,-0,5.34257e-05
1651600794.620210966,4.4119,-0,-0,4.04388e-05
1651600794.625317192,4.4119,-0,-0,7.18145e-05
1651600794.630284250,4.4119,-0,-0,6.7447e-05
1651600794.635444695,4.41168,-0,-0,5.98718e-05
1651600794.640098991,4.41168,-0,-0,4.53683e-05
1651600794.645326467,4.41168,-0,-0,0.000100075
1651600794.650206285,4.41168,-0,-0,9.50178e-05
1651600794.655058603,4.41169,-0,-0,7.4651e-05
1651600794.660239361,4.41169,-0,-0,6.47289e-05
1651600794.665188711,4.41169,-0,-0,9.66213e-05
1651600794.670620303,4.41169,-0,-0,8.96482e-05
1651600794.675450433,4.41169,-0,-0,7.93788e-05
1651600794.680415564,4.41169,-0,-0,5.93752e-05
1651600794.685361997,4.41169,-0,-0,4.18397e-05
1651600794.690077752,4.41169,-0,-0,8.84407e-05
1651600794.695154134,4.41169,-0,-0,6.79246e-05
1651600794.700516246,4.41169,-0,-0,5.83526e-05
1651600794.705570909,4.41169,-0,-0,4.38704e-05
1651600794.710270674,4.41169,-0,-0,3.76176e-05
1651600794.715210701,4.41146,-0,-0,2.88982e-05
1651600794.719961091,4.41146,-0,-0,6.01484e-05
1651600794.725302110,4.41146,-0,-0,5.30194e-05
1651600794.730186928,4.41146,-0,-0,4.64874e-05
1651600794.735278987,4.41175,-0,-0,6.60628e-05
1651600794.740130055,4.41175,-0,-0,5.60739e-05
1651600794.745083832,4.41175,-0,-0,4.91507e-05
1651600794.750988551,4.41175,-0,-0,3.61232e-05
1651600794.755387533,4.41175,-0,-0,3.09202e-05
1651600794.760274279,4.41052,-0,-0,2.17848e-05
1651600794.765208681,4.41052,-0,-0,1.51229e-05
1651600794.770322042,4.41052,-0,-0,1.28464e-05
1651600794.775214620,4.41052,-0,-0,2.30915e-05
1651600794.780193501,4.41052,-0,-0,2.00942e-05
1651600794.785340717,4.41038,-0,-0,1.91543e-05
1651600794.790719704,4.41038,-0,-0,1.70074e-05
1651600794.795594991,4.41038,-0,-0,1.49419e-05
1651600794.800103349,4.41038,-0,-0,1.1104e-05
1651600794.805320148,4.41119,-0,-0,8.34513e-06
1651600794.810306165,4.41119,-0,-0,7.14477e-06
1651600794.814954888,4.41119,-0,-0,5.92651e-06
1651600794.820137156,4.41119,-0,-0,5.19297e-06
1651600794.825099474,4.41119,-0,-0,4.56207e-06
1651600794.830199554,4.41119,-0,-0,3.36652e-06
1651600794.835370311,4.41119,-0,-0,-1.21899e-05
1651600794.840156275,4.41157,-0,-0,-1.26528e-05
1651600794.845965629,4.41157,-0,-0,-1.04291e-05
1651600794.850298622,4.41172,-0,-0,-9.10091e-06
1651600794.855154690,4.41172,-0,-0,-7.00385e-06
1651600794.860179404,4.41172,-0,-0,-2.18446e-05
1651600794.865144796,4.41172,-0,-0,-2.03541e-05
1651600794.870345293,4.41172,-0,-0,-1.80108e-05
1651600794.875359747,4.41175,-0,-0,-1.58585e-05
1651600794.880168888,4.41175,-0,-0,-1.17095e-05
1651600794.885266207,4.41175,-0,-0,-3.96113e-05
1651600794.890363943,4.41194,-0,-0,-3.54192e-05
1651600794.895203657,4.41194,-0,-0,-4.93801e-05
1651600794.900051965,4.41194,-0,-0,-4.57566e-05
1651600794.905231264,4.41194,-0,-0,-3.55025e-05
1651600794.910965618,4.4115,-0,-0,-3.05869e-05
1651600794.915235172,4.4115,-0,-0,-2.68701e-05
1651600794.920745254,4.4115,-0,-0,-5.60176e-05
1651600794.927918001,4.4115,-0,-0,-5.0311e-05
1651600794.932086045,4.41175,-0,-0,-4.43858e-05
1651600794.935638147,4.41175,-0,-0,-3.83148e-05
1651600794.940094630,4.41175,-0,-0,-5.20989e-05
1651600794.946107006,4.41175,-0,-0,-4.80784e-05
1651600794.950156247,4.41175,-0,-0,-3.83264e-05
1651600794.955399348,4.41175,-0,-0,-2.91335e-05
1651600794.960227343,4.41239,-0,-0,-2.50559e-05
1651600794.965259923,4.41239,-0,-0,-1.87905e-05
1651600794.970665942,4.41239,-0,-0,-3.32288e-05
1651600794.975654406,4.41239,-0,-0,-3.12269e-05
1651600794.980051201,4.41239,-0,-0,-2.56565e-05
1651600794.985934931,4.41239,-0,-0,-1.95419e-05
1651600794.989751045,4.41202,-0,-0,-1.68403e-05
1651600794.993989922,4.41202,-0,-0,-4.292e-05
1651600794.999061825,4.41192,-0,-0,-3.80626e-05
1651600795.003854611,4.41192,-0,-0,-5.08151e-05
1651600795.009141775,4.41178,-0,-0,-6.43877e-05
1651600795.014013573,4.41178,-0,-0,-5.21054e-05
1651600795.019011621,4.41228,-0,-0,-5.75543e-05
1651600795.023948835,4.41228,-0,-0,-4.58948e-05
1651600795.029166259,4.41293,-0,-0,-4.80214e-05
1651600795.034015504,4.41349,-0,-0,-3.79767e-05
1651600795.039266522,4.41349,-0,-0,-3.91391e-05
1651600795.043968631,4.41335,-0,-0,-3.09886e-05
1651600795.049088971,4.41335,-0,-0,-3.18966e-05
1651600795.053813215,4.41335,-0,-0,-2.52415e-05
1651600795.059094286,4.41327,-0,-0,-2.55582e-05
1651600795.063858374,4.41326,-0,-0,-2.00868e-05
1651600795.069097882,4.41326,-0,-0,-1.97173e-05
1651600795.073927074,4.41333,-0,-0,-1.56879e-05
1651600795.079055540,4.41333,-0,-0,-1.50656e-05
1651600795.083870930,4.41345,-0,-0,-1.17833e-05
1651600795.089160490,4.41345,-0,-0,-1.10883e-05
1651600795.095364066,4.41307,-0,-0,-8.60304e-06
1651600795.100057945,4.41307,-0,-0,-7.42798e-06
1651600795.105298963,4.41307,-0,-0,-5.24415e-07
1651600795.110245292,4.41307,-0,-0,1.05977e-06
1651600795.115834124,4.41282,-0,-0,1.00234e-06
1651600795.120165189,4.41282,-0,-0,5.59233e-06
1651600795.125632198,4.41282,-0,-0,4.90691e-06
1651600795.130221234,4.41282,-0,-0,4.29606e-06
1651600795.135224854,4.41277,-0,-0,3.76981e-06
1651600795.140938062,4.41277,-0,-0,2.85361e-06
1651600795.145384493,4.41277,-0,-0,5.73899e-06
1651600795.150556604,4.41277,-0,-0,5.0348e-06
1651600795.155512360,4.41277,-0,-0,3.80602e-06
1651600795.160101083,4.41181,-0,-0,3.2664e-06
1651600795.165099495,4.41181,-0,-0,2.52206e-06
1651600795.170237961,4.41181,-0,-0,1.44467e-05
1651600795.175611323,4.41181,-0,-0,1.26313e-05
1651600795.180161504,4.41109,-0,-0,1.10912e-05
1651600795.185303147,4.41109,-0,-0,8.38948e-06
1651600795.190322132,4.41109,-0,-0,1.7706e-05
1651600795.195144606,4.41109,-0,-0,1.49241e-05
1651600795.200093018,4.41109,-0,-0,1.30329e-05
1651600795.205393412,4.4113,-0,-0,1.00734e-05
1651600795.210225261,4.4113,-0,-0,8.66459e-06
1651600795.214976693,4.4113,-0,-0,1.31604e-05
1651600795.220538546,4.4113,-0,-0,1.22338e-05
1651600795.225150081,4.4113,-0,-0,9.41822e-06
1651600795.230295838,4.4113,-0,-0,8.11711e-06
1651600795.235290188,4.41129,-0,-0,6.11465e-06
1651600795.240041204,4.41129,-0,-0,1.76255e-05
1651600795.245948684,4.41129,-0,-0,1.5113e-05
1651600795.250322978,4.41129,-0,-0,1.32025e-05
1651600795.255233265,4.41129,-0,-0,1.16037e-05
1651600795.260116937,4.41129,-0,-0,8.56684e-06
1651600795.265595873,4.41119,-0,-0,1.81262e-05
1651600795.270311888,4.41119,-0,-0,1.72455e-05
1651600795.274940716,4.41092,-0,-0,1.53105e-05
1651600795.280232671,4.41092,-0,-0,1.15639e-05
1651600795.287689274,4.41092,-0,-0,8.29446e-06
1651600795.291114189,4.41092,-0,-0,2.15873e-05
1651600795.295835256,4.41092,-0,-0,2.04069e-05
1651600795.300157206,4.41092,-0,-0,1.72146e-05
1651600795.305333328,4.41092,-0,-0,1.50385e-05
1651600795.310499085,4.41141,-0,-0,1.98441e-05
1651600795.315555467,4.41141,-0,-0,1.66653e-05
1651600795.320075179,4.41141,-0,-0,1.45272e-05
1651600795.325697970,4.41143,-0,-0,1.27659e-05
1651600795.330312057,4.41143,-0,-0,2.09661e-05
1651600795.335560940,4.41143,-0,-0,1.72568e-05
1651600795.340053621,4.41143,-0,-0,1.51195e-05
1651600795.345211565,4.41143,-0,-0,1.33061e-05
1651600795.350822689,4.41174,-0,-0,1.00769e-05
1651600795.355577767,4.41174,-0,-0,1.64731e-05
1651600795.359971072,4.41174,-0,-0,1.39817e-05
1651600795.365249382,4.41174,-0,-0,1.07541e-05
1651600795.370187586,4.41174,-0,-0,9.23439e-06
1651600795.375385114,4.41191,-0,-0,8.0927e-06
1651600795.380146963,4.41191,-0,-0,1.24019e-05
1651600795.385232199,4.41191,-0,-0,1.01853e-05
1651600795.390271549,4.41191,-0,-0,8.89319e-06
1651600795.396021320,4.41225,-0,-0,6.84334e-06
1651600795.400254884,4.41225,-0,-0,1.02231e-05
1651600795.405334131,4.41225,-0,-0,8.76479e-06
1651600795.410239990,4.41225,-0,-0,7.66645e-06
1651600795.415709499,4.41225,-0,-0,5.93314e-06
1651600795.420172544,4.41234,-0,-0,5.09614e-06
1651600795.425994451,4.41234,-0,-0,3.92367e-06
1651600795.430355308,4.41234,-0,-0,4.62943e-06
1651600795.435195334,4.41234,-0,-0,4.21522e-06
1651600795.440461717,4.41271,-0,-0,3.22174e-06
1651600795.445162367,4.41271,-0,-0,2.83418e-06
1651600795.450136352,4.41271,-0,-0,2.49203e-06
1651600795.455251068,4.41271,-0,-0,1.92741e-06
1651600795.460050885,4.41271,-0,-0,1.65662e-06
1651600795.465352164,4.41278,-0,-0,1.27865e-06
1651600795.470225368,4.41278,-0,-0,1.09931e-06
1651600795.475062060,4.41278,-0,-0,9.63356e-07
1651600795.480016879,4.41278,-0,-0,7.27454e-07
1651600795.485358210,4.41278,-0,-0,5.49227e-07
1651600795.490276310,4.41298,-0,-0,-5.1008e-06
1651600795.495266441,4.41298,-0,-0,-4.61884e-06
1651600795.500038810,4.41298,-0,-0,-4.05938e-06
1651600795.505460298,4.41298,-0,-0,-3.09966e-06
1651600795.510259959,4.41315,-0,-0,-5.82239e-06
1651600795.515093111,4.41315,-0,-0,-4.87791e-06
1651600795.520098138,4.41315,-0,-0,-4.24766e-06
1651600795.525941086,4.41315,-0,-0,-3.27331e-06
1651600795.530512257,4.4135,-0,-0,-2.83196e-06
1651600795.535138271,4.4135,-0,-0,-2.48191e-06
1651600795.540211893,4.4135,-0,-0,-6.49608e-06
1651600795.545436713,4.4135,-0,-0,-6.22879e-06
1651600795.550242937,4.4135,-0,-0,-5.96061e-06
1651600795.555236141,4.41365,-0,-0,-4.54874e-06
1651600795.560165022,4.41365,-0,-0,-3.31752e-06
1651600795.566707140,4.41365,-0,-0,-7.09855e-06
1651600795.570330910,4.41365,-0,-0,-6.74764e-06
1651600795.575215311,4.41354,-0,-0,-5.24729e-06
1651600795.580254193,4.41354,-0,-0,-4.55339e-06
1651600795.585128542,4.41354,-0,-0,-1.10172e-05
1651600795.590324664,4.41354,-0,-0,-9.97478e-06
1651600795.594918647,4.41354,-0,-0,-7.6278e-06
1651600795.600245655,4.41354,-0,-0,-6.54594e-06
1651600795.605723289,4.41359,-0,-0,-5.15984e-06
1651600795.610587014,4.41359,-0,-0,-4.26639e-06
1651600795.615361414,4.41359,-0,-0,-9.0374e-06
1651600795.620065242,4.41359,-0,-0,-8.12988e-06
1651600795.625325791,4.41341,-0,-0,-6.19997e-06
1651600795.630149255,4.41341,-0,-0,-1.20956e-05
1651600795.635069177,4.41341,-0,-0,-1.02361e-05
1651600795.640077225,4.41341,-0,-0,-8.90545e-06
1651600795.645178659,4.41341,-0,-0,-6.88411e-06
1651600795.650746242,4.41358,-0,-0,-5.92251e-06
1651600795.655132724,4.41358,-0,-0,-5.18348e-06
1651600795.660133792,4.41358,-0,-0,-8.31084e-06
1651600795.665173351,4.41358,-0,-0,-6.85063e-06
1651600795.670358744,4.41346,-0,-0,-5.97447e-06
1651600795.675239343,4.41346,-0,-0,-5.19309e-06
1651600795.680069682,4.41346,-0,-0,-3.971e-06
1651600795.686343205,4.41346,-0,-0,-3.00015e-06
1651600795.690144007,4.41346,-0,-0,-7.76498e-06
1651600795.695047159,4.41346,-0,-0,-7.76498e-06
1651600795.700183332,4.41356,-0,-0,-6.30322e-06
1651600795.705174089,4.41356,-0,-0,-4.77814e-06
1651600795.710320002,4.41356,-0,-0,-7.5844e-06
1651600795.715102476,4.41356,-0,-0,-7.07801e-06
1651600795.720212608,4.41356,-0,-0,-5.78426e-06
1651600795.725336594,4.41346,-0,-0,-7.03552e-06
1651600795.730114172,4.41346,-0,-0,-6.40697e-06
1651600795.735180866,4.41346,-0,-0,-4.96134e-06
1651600795.740118809,4.41346,-0,-0,-4.29059e-06
1651600795.745215712,4.41346,-0,-0,-3.23384e-06
1651600795.750287145,4.41346,-0,-0,-2.77467e-06
1651600795.755239724,4.41346,-0,-0,-2.43113e-06
1651600795.760099647,4.41358,-0,-0,-1.83795e-06
1651600795.765536343,4.41358,-0,-0,-3.06773e-06
1651600795.770253920,4.41358,-0,-0,-2.67738e-06
1651600795.775660616,4.41358,-0,-0,-2.06815e-06
1651600795.780151161,4.41356,-0,-0,-1.77715e-06
1651600795.785223376,4.41356,-0,-0,-1.37034e-06
1651600795.791045543,4.41356,-0,-0,-1.53733e-06
1651600795.796324999,4.41356,-0,-0,-1.3928e-06
1651600795.800108822,4.41356,-0,-0,-1.0824e-06
1651600795.805614685,4.41356,-0,-0,-8.06064e-07
1651600795.810232002,4.41356,-0,-0,-4.55549e-07
1651600795.815273852,4.41356,-0,-0,-3.20961e-07
1651600795.820085284,4.41356,-0,-0,-2.72495e-07
1651600795.825374688,4.41356,-0,-0,-2.08993e-07
1651600795.830800967,4.41356,-0,-0,-1.80651e-07
1651600795.835654066,4.41364,-0,-0,1.521e-06
1651600795.840119299,4.41364,-0,-0,1.56259e-06
1651600795.847301629,4.41364,-0,-0,1.23818e-06
1651600795.850540241,4.41364,-0,-0,1.07255e-06
1651600795.855266516,4.41369,-0,-0,7.73378e-07
1651600795.860637848,4.41369,-0,-0,6.60061e-07
1651600795.865290008,4.41369,-0,-0,2.36289e-06
1651600795.870163524,4.41369,-0,-0,2.2106e-06
1651600795.875321000,4.41371,-0,-0,1.72526e-06
1651600795.880740561,4.41371,-0,-0,4.53654e-06
1651600795.885247721,4.41371,-0,-0,4.35396e-06
1651600795.890274362,4.41371,-0,-0,3.68945e-06
1651600795.895271525,4.41371,-0,-0,2.75831e-06
1651600795.900091968,4.4139,-0,-0,5.02363e-06
1651600795.905246318,4.4139,-0,-0,4.14325e-06
1651600795.910203168,4.4139,-0,-0,3.60375e-06
1651600795.915503197,4.4139,-0,-0,3.16234e-06
1651600795.920580985,4.4139,-0,-0,2.39132e-06
1651600795.925230229,4.4139,-0,-0,2.0561e-06
1651600795.930263798,4.41411,-0,-0,3.35288e-06
1651600795.935235283,4.41411,-0,-0,3.12259e-06
1651600795.940230727,4.41411,-0,-0,2.31959e-06
1651600795.945610808,4.41421,-0,-0,2.08757e-06
1651600795.950309115,4.41421,-0,-0,1.5917e-06
1651600795.955560810,4.41421,-0,-0,1.1957e-06
1651600795.960812088,4.41421,-0,-0,3.94954e-06
1651600795.965618260,4.41421,-0,-0,3.82247e-06
1651600795.970609433,4.41385,-0,-0,3.27354e-06
1651600795.975230969,4.41385,-0,-0,2.8675e-06
1651600795.980240579,4.41385,-0,-0,2.10285e-06
1651600795.985174720,4.41385,-0,-0,5.31357e-06
1651600795.990645479,4.41385,-0,-0,5.08786e-06
1651600795.995936706,4.41385,-0,-0,3.84533e-06
1651600796.000156468,4.41385,-0,-0,5.83188e-06
1651600796.005242746,4.41385,-0,-0,5.42183e-06
1651600796.010255481,4.41385,-0,-0,4.17863e-06
1651600796.015192695,4.41385,-0,-0,3.6027e-06
1651600796.019963554,4.41374,-0,-0,2.57632e-06
1651600796.025198791,4.41374,-0,-0,1.92026e-06
1651600796.030230225,4.41374,-0,-0,1.64217e-06
1651600796.035169522,4.41374,-0,-0,3.85393e-06
1651600796.041013720,4.41374,-0,-0,3.47506e-06
1651600796.045699527,4.41374,-0,-0,3.06771e-06
1651600796.050229187,4.41378,-0,-0,2.26998e-06
1651600796.055335412,4.41378,-0,-0,1.95526e-06
1651600796.060617785,4.41378,-0,-0,1.30205e-06
1651600796.065363279,4.41378,-0,-0,2.94127e-06
1651600796.070969872,4.41361,-0,-0,2.59161e-06
1651600796.075601355,4.41361,-0,-0,3.5935e-06
1651600796.080647841,4.41361,-0,-0,3.00325e-06
1651600796.085585316,4.41361,-0,-0,2.62239e-06
1651600796.090633364,4.41375,-0,-0,1.91829e-06
1651600796.095181566,4.41375,-0,-0,2.1237e-06
1651600796.100607637,4.41375,-0,-0,1.91628e-06
1651600796.105220214,4.41375,-0,-0,1.46743e-06
1651600796.110345189,4.41375,-0,-0,1.26367e-06
1651600796.115178132,4.41375,-0,-0,1.09712e-06
1651600796.120657068,4.41373,-0,-0,8.35496e-07
1651600796.125271103,4.41373,-0,-0,7.80011e-07
1651600796.130295610,4.41373,-0,-0,5.74151e-07
1651600796.135131365,4.41373,-0,-0,4.07136e-07
1651600796.140149621,4.41378,-0,-0,3.45249e-07
1651600796.145231211,4.41378,-0,-0,2.65001e-07
1651600796.150156967,4.41378,-0,-0,2.28967e-07
1651600796.155432308,4.41378,-0,-0,1.37482e-07
1651600796.160102646,4.41378,-0,-0,9.2212e-08
1651600796.165395227,4.41378,-0,-0,6.71278e-08
1651600796.170222701,4.41365,-0,-0,5.76085e-08
1651600796.175635178,4.41365,-0,-0,-1.00633e-06
1651600796.180179109,4.41365,-0,-0,-1.01252e-06
1651600796.185689243,4.41365,-0,-0,-7.95013e-07
1651600796.190333695,4.41375,-0,-0,-6.89004e-07
1651600796.195192731,4.41375,-0,-0,-5.19662e-07
1651600796.200187811,4.41375,-0,-0,-1.23163e-06
1651600796.205820029,4.41375,-0,-0,-1.04184e-06
1651600796.210215886,4.41375,-0,-0,-9.13802e-07
1651600796.215420393,4.41393,-0,-0,-7.06457e-07
1651600796.220036251,4.41393,-0,-0,-1.29533e-06
1651600796.225504823,4.41393,-0,-0,-1.08412e-06
1651600796.230318234,4.41393,-0,-0,-9.44067e-07
1651600796.235203000,4.414,-0,-0,-2.22401e-06
1651600796.240218444,4.414,-0,-0,-2.00733e-06
1651600796.245622536,4.414,-0,-0,-1.52883e-06
1651600796.250323498,4.414,-0,-0,-1.31824e-06
1651600796.255289671,4.414,-0,-0,-1.01003e-06
1651600796.259911311,4.414,-0,-0,-8.72827e-07
1651600796.265504518,4.414,-0,-0,-6.73171e-07
1651600796.270393503,4.41398,-0,-0,-5.78824e-07
1651600796.275094622,4.41398,-0,-0,-4.46528e-07
1651600796.280083087,4.41398,-0,-0,-3.83648e-07
1651600796.285813743,4.41398,-0,-0,-1.60149e-06
1651600796.290716686,4.41398,-0,-0,-1.56009e-06
1651600796.295233950,4.41398,-0,-0,-1.38933e-06
1651600796.300200695,4.41396,-0,-0,-1.0508e-06
1651600796.305351557,4.41396,-0,-0,-2.40151e-06
1651600796.310257260,4.41396,-0,-0,-2.28946e-06
1651600796.315071245,4.41396,-0,-0,-1.79064e-06
1651600796.320116480,4.41396,-0,-0,-1.54236e-06
1651600796.325404113,4.41372,-0,-0,-1.18475e-06
1651600796.330176795,4.41372,-0,-0,-1.02436e-06
1651600796.335229843,4.41372,-0,-0,-2.78549e-06
1651600796.340072838,4.41372,-0,-0,-2.67437e-06
1651600796.345226043,4.41372,-0,-0,-2.09892e-06
1651600796.350354717,4.41376,-0,-0,-1.80643e-06
1651600796.355143753,4.41376,-0,-0,-2.63583e-06
1651600796.360061488,4.41376,-0,-0,-2.44423e-06
1651600796.365210005,4.41376,-0,-0,-1.90582e-06
1651600796.370256335,4.41389,-0,-0,-1.56168e-06
1651600796.375280997,4.41389,-0,-0,-2.34531e-06
1651600796.380600818,4.41389,-0,-0,-1.96839e-06
1651600796.385998243,4.41389,-0,-0,-1.46729e-06
1651600796.391322907,4.41389,-0,-0,-1.25836e-06
1651600796.395400325,4.41402,-0,-0,-1.10191e-06
1651600796.400594259,4.41402,-0,-0,-1.75268e-06
1651600796.405817465,4.41402,-0,-0,-1.63748e-06
1651600796.410807023,4.41402,-0,-0,-1.33106e-06
1651600796.417812946,4.41402,-0,-0,-1.15714e-06
1651600796.421153485,4.41385,-0,-0,-1.70757e-06
1651600796.425359654,4.41385,-0,-0,-1.56483e-06
1651600796.430353639,4.41385,-0,-0,-1.26241e-06
1651600796.435334395,4.41385,-0,-0,-9.26443e-07
1651600796.440148692,4.41385,-0,-0,-7.93125e-07
1651600796.445733410,4.41388,-0,-0,-6.11166e-07
1651600796.450248799,4.41388,-0,-0,-1.01165e-06
1651600796.455200180,4.41388,-0,-0,-8.39036e-07
1651600796.460999378,4.41388,-0,-0,-7.27994e-07
1651600796.466080082,4.41401,-0,-0,-6.41249e-07
1651600796.470370053,4.41401,-0,-0,-4.86299e-07
1651600796.475155496,4.41401,-0,-0,-7.02452e-07
1651600796.480460733,4.41401,-0,-0,-5.80022e-07
1651600796.485260290,4.41401,-0,-0,-4.29919e-07
1651600796.490327609,4.41401,-0,-0,-3.68236e-07
1651600796.495502481,4.41402,-0,-0,-2.48908e-07
1651600796.500045787,4.41402,-0,-0,-2.09595e-07
1651600796.505638057,4.41402,-0,-0,-1.83068e-07
1651600796.510220686,4.41402,-0,-0,-1.38348e-07
1651600796.515246129,4.41402,-0,-0,-1.03924e-07
1651600796.520251625,4.41402,-0,-0,4.07216e-08
1651600796.525625873,4.41402,-0,-0,6.28832e-08
1651600796.530746213,4.41397,-0,-0,5.85352e-08
1651600796.535426864,4.41397,-0,-0,5.18104e-08
1651600796.540250900,4.41397,-0,-0,5.44696e-07
1651600796.545212177,4.41397,-0,-0,5.33664e-07
1651600796.550298819,4.41397,-0,-0,4.75571e-07
1651600796.555919422,4.41397,-0,-0,3.67287e-07
1651600796.563678996,4.41399,-0,-0,7.24612e-07
1651600796.567200577,4.41399,-0,-0,6.85427e-07
1651600796.570498512,4.41399,-0,-0,6.45812e-07
1651600796.575203902,4.41399,-0,-0,4.95274e-07
1651600796.580094761,4.41391,-0,-0,4.26042e-07
1651600796.585379946,4.41391,-0,-0,3.74347e-07
1651600796.590317838,4.41391,-0,-0,1.1388e-06
1651600796.595290208,4.41391,-0,-0,1.09889e-06
1651600796.600185183,4.41391,-0,-0,8.53008e-07
1651600796.605307502,4.41394,-0,-0,1.28097e-06
1651600796.610186539,4.41394,-0,-0,1.19213e-06
1651600796.615147816,4.41394,-0,-0,9.26723e-07
1651600796.620040550,4.41394,-0,-0,8.01627e-07
1651600796.625180943,4.41394,-0,-0,6.08499e-07
1651600796.630384408,4.41395,-0,-0,5.21677e-07
1651600796.635270060,4.41395,-0,-0,3.90717e-07
1651600796.640034148,4.41395,-0,-0,1.19419e-06
1651600796.645453969,4.41395,-0,-0,1.15279e-06
1651600796.650199984,4.41395,-0,-0,8.97659e-07
1651600796.655231314,4.41391,-0,-0,7.74572e-07
1651600796.660179049,4.41391,-0,-0,5.83523e-07
1651600796.665260326,4.41391,-0,-0,4.36651e-07
1651600796.670257957,4.41391,-0,-0,3.76074e-07
1651600796.676161635,4.41391,-0,-0,2.70596e-07
1651600796.680114209,4.41391,-0,-0,2.70596e-07
1651600796.685296476,4.41391,-0,-0,2.02208e-07
1651600796.690535567,4.41391,-0,-0,1.49613e-07
1651600796.695694970,4.41391,-0,-0,1.25719e-07
1651600796.700227026,4.41391,-0,-0,9.00657e-08
1651600796.705852004,4.41391,-0,-0,6.33923e-08
1651600796.710976824,4.41391,-0,-0,5.37606e-08
1651600796.716427322,4.41391,-0,-0,4.02659e-08
1651600796.722190790,4.41391,-0,-0,3.44076e-08
1651600796.725647163,4.41391,-0,-0,2.82094e-08
1651600796.731562768,4.41391,-0,-0,2.13325e-08
1651600796.735200757,4.41391,-0,-0,1.93811e-08
1651600796.740928496,4.41391,-0,-0,1.40385e-08
1651600796.747442698,4.41391,-0,-0,9.9148e-09
1651600796.751261000,4.41391,-0,-0,8.43001e-09
1651600796.759056563,4.41391,-0,-0,5.84828e-09
1651600796.762741114,4.41391,-0,-0,4.05438e-09
1651600796.766245195,4.41391,-0,-0,4.05438e-09
1651600796.771210274,4.41391,-0,-0,3.00541e-09
1651600796.775395818,4.41391,-0,-0,2.54684e-09
1651600796.781340850,4.41391,-0,-0,1.80248e-09
1651600796.785399726,4.41391,-0,-0,1.54596e-09
1651600796.790326992,4.41391,-0,-0,1.03659e-09
1651600796.795470926,4.41391,-0,-0,7.07897e-10
1651600796.800384286,4.41391,-0,-0,5.97549e-10
1651600796.805331553,4.41391,-0,-0,5.22434e-10
1651600796.810294444,4.41391,-0,-0,3.82274e-10
1651600796.815205929,4.41391,-0,-0,3.25647e-10
1651600796.820087778,4.41391,-0,-0,2.44376e-10
1651600796.825294629,4.41391,-0,-0,1.84353e-10
1651600796.830210177,4.41391,-0,-0,1.57792e-10
1651600796.835077703,4.41391,-0,-0,1.2178e-10
1651600796.840665494,4.41391,-0,-0,1.04581e-10
1651600796.845314529,4.41391,-0,-0,9.17301e-11
1651600796.849871898,4.41391,-0,-0,6.94377e-11
1651600796.854753278,4.41391,-0,-0,5.24027e-11
1651600796.859752316,4.41391,-0,-0,4.49282e-11
1651600796.864797239,4.41391,-0,-0,3.45972e-11
1651600796.869878881,4.41391,-0,-0,2.97866e-11
1651600796.874723334,4.41391,-0,-0,2.29319e-11
1651600796.879738309,4.41391,-0,-0,1.9737e-11
1651600796.884836045,4.41391,-0,-0,1.52084e-11
1651600796.889832322,4.41391,-0,-0,1.3087e-11
1651600796.894718494,4.41391,-0,-0,1.00801e-11
1651600796.899844824,4.41391,-0,-0,8.6709e-12
1651600796.904769799,4.41391,-0,-0,6.67818e-12
1651600796.909820607,4.41391,-0,-0,5.74845e-12
1651600796.914872770,4.41391,-0,-0,4.42574e-12
1651600796.919725869,4.41391,-0,-0,3.80985e-12
1651600796.924750688,4.41391,-0,-0,2.93465e-12
1651600796.929957123,4.41391,-0,-0,2.52745e-12
1651600796.934835795,4.41391,-0,-0,1.94563e-12
1651600796.939732957,4.41391,-0,-0,1.67414e-12
1651600796.944800067,4.41391,-0,-0,1.28945e-12
1651600796.949858428,4.41391,-0,-0,1.11076e-12
1651600796.954702048,4.41391,-0,-0,8.55092e-13
1651600796.959755200,4.41391,-0,-0,7.35899e-13
1651600796.964737519,4.41391,-0,-0,5.67019e-13
1651600796.969813536,4.41391,-0,-0,4.88186e-13
1651600796.974802001,4.41391,-0,-0,3.75854e-13
1651600796.979689267,4.41391,-0,-0,3.2336e-13
1651600796.984842159,4.41391,-0,-0,2.49068e-13
1651600796.989846301,4.41391,-0,-0,2.14473e-13
1651600796.994742577,4.41391,-0,-0,1.65225e-13
1651600796.999840001,4.41391,-0,-0,1.4216e-13
1651600797.004763048,4.41391,-0,-0,1.0946e-13
1651600797.009865732,4.41391,-0,-0,9.42648e-14
1651600797.014735966,4.41391,-0,-0,7.26427e-14
1651600797.019804067,4.41391,-0,-0,6.24886e-14
1651600797.024776542,4.41391,-0,-0,4.81075e-14
1651600797.029851569,4.41391,-0,-0,4.14301e-14
1651600797.034749200,4.41391,-0,-0,3.19085e-14
1651600797.039721310,4.41391,-0,-0,2.7458e-14
1651600797.044772743,4.41391,-0,-0,2.11471e-14
1651600797.049848448,4.41391,-0,-0,1.82168e-14
1651600797.054714203,4.41391,-0,-0,1.40205e-14
1651600797.059758137,4.41391,-0,-0,1.20661e-14
1651600797.064754049,4.41391,-0,-0,9.29422e-15
1651600797.069852097,4.41391,-0,-0,8.00266e-15
1651600797.074728634,4.41391,-0,-0,6.16196e-15
1651600797.079737567,4.41391,-0,-0,5.3053e-15
1651600797.084849053,4.41391,-0,-0,4.08107e-15
1651600797.089940383,4.41391,-0,-0,3.50263e-15
1651600797.094878222,4.41391,-0,-0,2.70653e-15
1651600797.099622987,4.41391,-0,-0,2.70653e-15
1651600797.104605618,4.41391,-0,-0,2.70653e-15
1651600797.109438561,4.41391,-0,-0,2.70653e-15
1651600797.114422182,4.41391,-0,-0,2.70653e-15
1651600797.119375438,4.41391,-0,-0,2.70653e-15
1651600797.124419007,4.41391,-0,-0,2.70653e-15
1651600797.129523357,4.41391,-0,-0,2.70653e-15
1651600797.134445050,4.41391,-0,-0,2.70653e-15
1651600797.139483150,4.41391,-0,-0,2.70653e-15
1651600797.144771825,4.41391,-0,-0,2.70653e-15
1651600797.149565809,4.41391,-0,-0,2.70653e-15
1651600797.154449481,4.41391,-0,-0,2.70653e-15
1651600797.159441800,4.41391,-0,-0,2.70653e-15
1651600797.164422868,4.41391,-0,-0,2.70653e-15
1651600797.169465604,4.41391,-0,-0,2.70653e-15
1651600797.174770268,4.41391,-0,-0,2.70653e-15
1651600797.179398522,4.41391,-0,-0,2.70653e-15
1651600797.184629696,4.41391,-0,-0,2.70653e-15
1651600797.189627744,4.41391,-0,-0,2.70653e-15
1651600797.194642771,4.41391,-0,-0,2.70653e-15
1651600797.199412745,4.41391,-0,-0,2.70653e-15
1651600797.204598502,4.41391,-0,-0,2.70653e-15
1651600797.209501341,4.41391,-0,-0,2.70653e-15
1651600797.214407670,4.41391,-0,-0,2.70653e-15
1651600797.219369207,4.41391,-0,-0,2.70653e-15
1651600797.224435640,4.41391,-0,-0,2.70653e-15
1651600797.229485095,4.41391,-0,-0,2.70653e-15
1651600797.234520434,4.41391,-0,-0,2.70653e-15
1651600797.239406555,4.41391,-0,-0,2.70653e-15
1651600797.244433457,4.41391,-0,-0,2.70653e-15
1651600797.249483484,4.41391,-0,-0,2.70653e-15
1651600797.254411636,4.41391,-0,-0,2.70653e-15
1651600797.259672706,4.41391,-0,-0,2.70653e-15
1651600797.265053360,4.41391,-0,-0,2.70653e-15
1651600797.270043751,4.41391,-0,-0,2.70653e-15
1651600797.275007684,4.41391,-0,-0,2.70653e-15
1651600797.280241515,4.41391,-0,-0,2.70653e-15
1651600797.286030088,4.41391,-0,-0,2.70653e-15
1651600797.290145995,4.41391,-0,-0,2.70653e-15
1651600797.295096491,4.41391,-0,-0,2.70653e-15
1651600797.300127351,4.41391,-0,-0,2.70653e-15
1651600797.305163003,4.41391,-0,-0,2.70653e-15
1651600797.310302667,4.41391,-0,-0,2.70653e-15
1651600797.315984208,4.41391,-0,-0,2.70653e-15
1651600797.320961214,4.41391,-0,-0,2.70653e-15
1651600797.325536811,4.41391,-0,-0,2.70653e-15
1651600797.330295170,4.41391,-0,-0,2.70653e-15
1651600797.335038633,4.41391,-0,-0,2.70653e-15
1651600797.340069077,4.41391,-0,-0,2.70653e-15
1651600797.345250407,4.41391,-0,-0,2.70653e-15
1651600797.351012834,4.41391,-0,-0,2.70653e-15
1651600797.357452765,4.41391,-0,-0,2.70653e-15
1651600797.360285957,4.41391,-0,-0,2.70653e-15
1651600797.365349318,4.41391,-0,-0,2.70653e-15
1651600797.372079302,4.41391,-0,-0,2.70653e-15
1651600797.377057558,4.41391,-0,-0,2.70653e-15
1651600797.379693614,4.41391,-0,-0,2.70653e-15
1651600797.385320155,4.41391,-0,-0,2.70653e-15
1651600797.390193567,4.41391,-0,-0,2.70653e-15
1651600797.394878540,4.41391,-0,-0,2.70653e-15
1651600797.399876327,4.41391,-0,-0,2.70653e-15
1651600797.404962969,4.41391,-0,-0,2.70653e-15
1651600797.409950392,4.41391,-0,-0,2.70653e-15
1651600797.414966148,4.41391,-0,-0,2.70653e-15
1651600797.419950602,4.41391,-0,-0,2.70653e-15
1651600797.425052088,4.41391,-0,-0,2.70653e-15
1651600797.430025813,4.41391,-0,-0,2.70653e-15
1651600797.434917767,4.41391,-0,-0,2.70653e-15
1651600797.439833887,4.41391,-0,-0,2.70653e-15
1651600797.444976779,4.41391,-0,-0,2.70653e-15
1651600797.450086234,4.41391,-0,-0,2.70653e-15
1651600797.455030740,4.41391,-0,-0,2.70653e-15
1651600797.459813943,4.41391,-0,-0,2.70653e-15
1651600797.464940168,4.41391,-0,-0,2.70653e-15
1651600797.470233791,4.41391,-0,-0,2.70653e-15
1651600797.475196005,4.41391,-0,-0,2.70653e-15
1651600797.479839988,4.41391,-0,-0,2.70653e-15
1651600797.485106319,4.41391,-0,-0,2.70653e-15
1651600797.492637245,4.41391,-0,-0,2.70653e-15
1651600797.495174759,4.41391,-0,-0,2.70653e-15
1651600797.499791971,4.41391,-0,-0,2.70653e-15
1651600797.505061270,4.41391,-0,-0,2.70653e-15
1651600797.510065308,4.41391,-0,-0,2.70653e-15
1651600797.515034449,4.41391,-0,-0,2.70653e-15
1651600797.519804735,4.41391,-0,-0,2.70653e-15
1651600797.525564662,4.41391,-0,-0,2.70653e-15
1651600797.529933019,4.41391,-0,-0,2.70653e-15
1651600797.534844296,4.41391,-0,-0,2.70653e-15
1651600797.539874531,4.41391,-0,-0,2.70653e-15
1651600797.544919923,4.41391,-0,-0,2.70653e-15
1651600797.550086201,4.41391,-0,-0,2.70653e-15
1651600797.554905446,4.41391,-0,-0,2.70653e-15
1651600797.559834535,4.41391,-0,-0,2.70653e-15
1651600797.564931646,4.41391,-0,-0,2.70653e-15
1651600797.569876985,4.41391,-0,-0,2.70653e-15
1651600797.574797532,4.41391,-0,-0,2.70653e-15
1651600797.579787455,4.41391,-0,-0,2.70653e-15
1651600797.584848576,4.41391,-0,-0,2.70653e-15
1651600797.590276210,4.41391,-0,-0,2.70653e-15
1651600797.594991860,4.41391,-0,-0,2.70653e-15
1651600797.599863761,4.41391,-0,-0,2.70653e-15
1651600797.605084675,4.41391,-0,-0,2.70653e-15
1651600797.609929909,4.41391,-0,-0,2.70653e-15
1651600797.614861290,4.41391,-0,-0,2.70653e-15
1651600797.619755483,4.41391,-0,-0,2.70653e-15
1651600797.624927959,4.41391,-0,-0,2.70653e-15
1651600797.630067258,4.41391,-0,-0,2.70653e-15
1651600797.634865096,4.41391,-0,-0,2.70653e-15
1651600797.639831008,4.41391,-0,-0,2.70653e-15
1651600797.645070880,4.41391,-0,-0,2.70653e-15
1651600797.650097991,4.41391,-0,-0,2.70653e-15
1651600797.654944423,4.41391,-0,-0,2.70653e-15
1651600797.660011274,4.41391,-0,-0,2.70653e-15
1651600797.665079166,4.41391,-0,-0,2.70653e-15
1651600797.669926536,4.41391,-0,-0,2.70653e-15
1651600797.675156460,4.41391,-0,-0,2.70653e-15
1651600797.745957727,4.41391,-0,-0,2.70653e-15
1651600797.750818379,4.41391,-0,-0,2.70653e-15
1651600797.755551217,4.41391,-0,-0,2.70653e-15
1651600797.760900100,4.41391,-0,-0,2.70653e-15
1651600797.765843199,4.41391,-0,-0,2.70653e-15
1651600797.770729319,4.41391,-0,-0,2.70653e-15
1651600797.775565596,4.41391,-0,-0,2.70653e-15
1651600797.780630675,4.41391,-0,-0,2.70653e-15
1651600797.785682004,4.41391,-0,-0,2.70653e-15
1651600797.791059533,4.41391,-0,-0,2.70653e-15
1651600797.795582631,4.41391,-0,-0,2.70653e-15
1651600797.803074911,4.41391,-0,-0,2.70653e-15
1651600797.805557580,4.41391,-0,-0,2.70653e-15
1651600797.810209585,4.41391,-0,-0,2.70653e-15
1651600797.815247164,4.41391,-0,-0,2.70653e-15
1651600797.820041669,4.41391,-0,-0,2.70653e-15
1651600797.825278729,4.41391,-0,-0,2.70653e-15
1651600797.830498132,4.41391,-0,-0,2.70653e-15
1651600797.835048938,4.41391,-0,-0,2.70653e-15
1651600797.839840578,4.41391,-0,-0,2.70653e-15
1651600797.844911022,4.41391,-0,-0,2.70653e-15
1651600797.849947872,4.41391,-0,-0,2.70653e-15
1651600797.854862326,4.41391,-0,-0,2.70653e-15
1651600797.859824384,4.41391,-0,-0,2.70653e-15
1651600797.864882328,4.41391,-0,-0,2.70653e-15
1651600797.869869699,4.41391,-0,-0,2.70653e-15
1651600797.874841027,4.41391,-0,-0,2.70653e-15
1651600797.879907774,4.41391,-0,-0,2.70653e-15
