1651655595.921491146,0,0,0,0,0,0
1651655595.932419300,0,0,0,0,0,0
1651655595.932419300,0,0,0,0,0,0
1651655595.932419300,0,0,0,0,0,0
1651655595.932419300,0,0,0,0,0,0
1651655595.932419300,0,0,0,0,0,0
1651655595.932419300,0,0,0,0,0,0
1651655595.953701972,0,0,0,0,0,0
1651655595.953701972,0,0,0,0,0,0
1651655595.953701972,0,0,0,0,0,0
1651655595.953701972,0,0,0,0,0,0
1651655595.953701972,0,0,0,0,0,0
1651655595.953701972,0,0,0,0,0,0
1651655595.987273216,0,0,0,0,0,0
1651655595.987273216,0,0,0,0,0,0
1651655595.987273216,0,0,0,0,0,0
1651655595.987273216,0,0,0,0,0,0
1651655595.987273216,0,0,0,0,0,0.805521
1651655596.009259700,0,0,0.0194771,0,0,0.805521
1651655596.009259700,0,0,0.0194771,0,0,0.805521
1651655596.009259700,0,0,0.0194771,0,0,0.805521
1651655596.031697750,0,0,0.0506425,0,0,1.48361
1651655596.031697750,0,0,0.0506425,0,0,1.48361
1651655596.031697750,0,0,0.0506425,0,0,1.48361
1651655596.031697750,0,0,0.0506425,0,0,1.48361
1651655596.031697750,0,0,0.0506425,0,0,1.48361
1651655596.054052352,0,0,0.0717484,0,0,1.48361
1651655596.054052352,0,0,0.0717484,0,0,1.82231
1651655596.054052352,0,0,0.0717484,0,0,1.82231
1651655596.054052352,0,0,0.0717484,0,0,1.82231
1651655596.054052352,0,0,0.0717484,0,0,1.82231
1651655596.054052352,0,0,0.0717484,0,0,1.82231
1651655596.054052352,0,0,0.0717484,0,0,1.82231
1651655596.088479757,0,0,0.106688,0,0,2.06551
1651655596.088479757,0,0,0.106688,0,0,2.06551
1651655596.088479757,0,0,0.106688,0,0,2.06551
1651655596.088479757,0,0,0.106688,0,0,2.06551
1651655596.109271764,0,0,0.156243,0,0,2.06551
1651655596.109271764,0,0,0.156243,0,0,2.06551
1651655596.109271764,0,0,0.156243,0,0,2.30167
1651655596.109271764,0,0,0.156243,0,0,2.30167
1651655596.132753849,0,0,0.206703,0,0,2.30167
1651655596.132753849,0,0,0.206703,0,0,2.45587
1651655596.132753849,0,0,0.206703,0,0,2.45587
1651655596.132753849,0,0,0.206703,0,0,2.45587
1651655596.132753849,0,0,0.206703,0,0,2.45587
1651655596.154139757,0,0,0.239615,0,0,2.49766
1651655596.154139757,0,0,0.239615,0,0,2.49766
1651655596.154139757,0,0,0.239615,0,0,2.49766
1651655596.154139757,0,0,0.239615,0,0,2.49766
1651655596.154139757,0,0,0.239615,0,0,2.49766
1651655596.183006763,0,0,0.297915,0,0,2.49766
1651655596.183006763,0,0,0.297915,0,0,2.30603
1651655596.183006763,0,0,0.297915,0,0,2.30603
1651655596.183006763,0,0,0.297915,0,0,2.30603
1651655596.183006763,0,0,0.297915,0,0,2.30603
1651655596.183006763,0,0,0.297915,0,0,2.30603
1651655596.183006763,0,0,0.297915,0,0,2.09374
1651655596.208318710,0,0,0.331005,0,0,2.09374
1651655596.208318710,0,0,0.331005,0,0,2.09374
1651655596.208318710,0,0,0.331005,0,0,2.09374
1651655596.208318710,0,0,0.331005,0,0,2.09374
1651655596.230566978,0,0,0.355314,0,0,1.86187
1651655596.230566978,0,0,0.355314,0,0,1.86187
1651655596.230566978,0,0,0.355314,0,0,1.86187
1651655596.250027179,0,0,0.391682,0,0,1.86187
1651655596.250027179,0,0,0.391682,0,0,1.86187
1651655596.250027179,0,0,0.391682,0,0,1.71852
1651655596.250027179,0,0,0.391682,0,0,1.71852
1651655596.250027179,0,0,0.391682,0,0,1.71852
1651655596.250027179,0,0,0.391682,0,0,1.71852
1651655596.278289556,0,0,0.438459,0,0,1.71852
1651655596.278289556,0,0,0.438459,0,0,1.62345
1651655596.278289556,0,0,0.438459,0,0,1.62345
1651655596.278289556,0,0,0.438459,0,0,1.62345
1651655596.278289556,0,0,0.438459,0,0,1.62345
1651655596.301483869,0,0,0.474107,0,0,1.50775
1651655596.301483869,0,0,0.474107,0,0,1.50775
1651655596.301483869,0,0,0.474107,0,0,1.50775
1651655596.301483869,0,0,0.474107,0,0,1.50775
1651655596.301483869,0,0,0.474107,0,0,1.50775
1651655596.301483869,0,0,0.474107,0,0,1.44173
1651655596.326688528,0,0,0.50803,0,0,1.44173
1651655596.326688528,0,0,0.50803,0,0,1.44173
1651655596.346417427,0,0,0.541044,0,0,1.32924
1651655596.346417427,0,0,0.541044,0,0,1.32924
1651655596.346417427,0,0,0.541044,0,0,1.32924
1651655596.346417427,0,0,0.541044,0,0,1.32924
1651655596.366625070,0,0,0.555184,0,0,1.32924
1651655596.375502586,0,0,0.583181,0,0,1.16252
1651655596.375502586,0,0,0.583181,0,0,1.16252
1651655596.383959293,0,0,0.594669,0,0,1.11843
1651655596.383959293,0,0,0.594669,0,0,1.11843
1651655596.392512321,0,0,0.599612,0,0,1.08756
1651655596.392512321,0,0,0.599612,0,0,1.08756
1651655596.400775671,0,0,0.603265,0,0,1.05815
1651655596.400775671,0,0,0.603265,0,0,1.05815
1651655596.410788774,0,0,0.605332,0,0,1.03198
1651655596.420108079,0,0,0.618888,0,0,1.03198
1651655596.420108079,0,0,0.618888,0,0,1.01251
1651655596.430453777,0,0,0.628527,0,0,1.01251
1651655596.430453777,0,0,0.628527,0,0,0.994317
1651655596.440272808,0,0,0.636168,0,0,0.973047
1651655596.440272808,0,0,0.636168,0,0,0.973047
1651655596.450166463,0,0,0.642542,0,0,0.948809
1651655596.450166463,0,0,0.642542,0,0,0.948809
1651655596.460746049,0,0,0.646856,0,0,0.948809
1651655596.460746049,0,0,0.646856,0,0,0.925528
1651655596.460746049,0,0,0.646856,0,0,0.925528
1651655596.460746049,0,0,0.646856,0,0,0.925528
1651655596.460746049,0,0,0.646856,0,0,0.925528
1651655596.477283239,0,0,0.659386,0,0,0.925528
1651655596.477283239,0,0,0.659386,0,0,0.908967
1651655596.477283239,0,0,0.659386,0,0,0.908967
1651655596.477283239,0,0,0.659386,0,0,0.908967
1651655596.477283239,0,0,0.659386,0,0,0.908967
1651655596.477283239,0,0,0.659386,0,0,0.892661
1651655596.508143186,0,0,0.668749,0,0,0.892661
1651655596.508143186,0,0,0.668749,0,0,0.892661
1651655596.508143186,0,0,0.668749,0,0,0.892661
1651655596.508143186,0,0,0.668749,0,0,0.892661
1651655596.528965234,0,0,0.695147,0,0,0.84872
1651655596.528965234,0,0,0.695147,0,0,0.84872
1651655596.528965234,0,0,0.695147,0,0,0.84872
1651655596.528965234,0,0,0.695147,0,0,0.84872
1651655596.551847934,0,0,0.714401,0,0,0.84872
1651655596.551847934,0,0,0.714401,0,0,0.798417
1651655596.551847934,0,0,0.714401,0,0,0.798417
1651655596.551847934,0,0,0.714401,0,0,0.798417
1651655596.551847934,0,0,0.714401,0,0,0.798417
1651655596.576089859,0,0,0.724518,0,0,0.755639
1651655596.576089859,0,0,0.724518,0,0,0.755639
1651655596.576089859,0,0,0.724518,0,0,0.755639
1651655596.576089859,0,0,0.724518,0,0,0.755639
1651655596.598720073,0,0,0.738637,0,0,0.755639
1651655596.598720073,0,0,0.738637,0,0,0.723029
1651655596.598720073,0,0,0.738637,0,0,0.723029
1651655596.598720073,0,0,0.738637,0,0,0.723029
1651655596.598720073,0,0,0.738637,0,0,0.723029
1651655596.621792316,0,0,0.754652,0,0,0.723029
1651655596.621792316,0,0,0.754652,0,0,0.723029
1651655596.621792316,0,0,0.754652,0,0,0.669263
1651655596.621792316,0,0,0.754652,0,0,0.669263
1651655596.621792316,0,0,0.754652,0,0,0.669263
1651655596.621792316,0,0,0.754652,0,0,0.669263
1651655596.649020910,0,0,0.766574,0,0,0.642696
1651655596.649020910,0,0,0.766574,0,0,0.642696
1651655596.649020910,0,0,0.766574,0,0,0.642696
1651655596.649020910,0,0,0.766574,0,0,0.642696
1651655596.649020910,0,0,0.766574,0,0,0.642696
1651655596.672817468,0,0,0.78236,0,0,0.589809
1651655596.672817468,0,0,0.78236,0,0,0.589809
1651655596.672817468,0,0,0.78236,0,0,0.589809
1651655596.672817468,0,0,0.78236,0,0,0.589809
1651655596.695424318,0,0,0.793539,0,0,0.561519
1651655596.695424318,0,0,0.793539,0,0,0.561519
1651655596.695424318,0,0,0.793539,0,0,0.561519
1651655596.695424318,0,0,0.793539,0,0,0.561519
1651655596.695424318,0,0,0.793539,0,0,0.561519
1651655596.719083070,0,0,0.80475,0,0,0.522549
1651655596.719083070,0,0,0.80475,0,0,0.522549
1651655596.719083070,0,0,0.80475,0,0,0.522549
1651655596.738952398,0,0,0.813852,0,0,0.522549
1651655596.738952398,0,0,0.813852,0,0,0.500891
1651655596.738952398,0,0,0.813852,0,0,0.500891
1651655596.738952398,0,0,0.813852,0,0,0.500891
1651655596.738952398,0,0,0.813852,0,0,0.500891
1651655596.758459329,0,0,0.822451,0,0,0.472857
1651655596.758459329,0,0,0.822451,0,0,0.472857
1651655596.758459329,0,0,0.822451,0,0,0.472857
1651655596.758459329,0,0,0.822451,0,0,0.472857
1651655596.758459329,0,0,0.822451,0,0,0.472857
1651655596.788891077,0,0,0.831036,0,0,0.472857
1651655596.788891077,0,0,0.831036,0,0,0.453685
1651655596.788891077,0,0,0.831036,0,0,0.453685
1651655596.788891077,0,0,0.831036,0,0,0.453685
1651655596.788891077,0,0,0.831036,0,0,0.453685
1651655596.788891077,0,0,0.831036,0,0,0.453685
1651655596.813368082,0,0,0.840077,0,0,0.42443
1651655596.813368082,0,0,0.840077,0,0,0.42443
1651655596.813368082,0,0,0.840077,0,0,0.42443
1651655596.833877801,0,0,0.849974,0,0,0.42443
1651655596.833877801,0,0,0.849974,0,0,0.42443
1651655596.833877801,0,0,0.849974,0,0,0.42443
1651655596.833877801,0,0,0.849974,0,0,0.397493
1651655596.833877801,0,0,0.849974,0,0,0.397493
1651655596.833877801,0,0,0.849974,0,0,0.397493
1651655596.857973337,0,0,0.855273,0,0,0.397493
1651655596.857973337,0,0,0.855273,0,0,0.376689
1651655596.857973337,0,0,0.855273,0,0,0.376689
1651655596.857973337,0,0,0.855273,0,0,0.376689
1651655596.877008676,0,0,0.861883,0,0,0.359532
1651655596.877008676,0,0,0.861883,0,0,0.359532
1651655596.877008676,0,0,0.861883,0,0,0.359532
1651655596.877008676,0,0,0.861883,0,0,0.359532
1651655596.901342153,0,0,0.867168,0,0,0.341056
1651655596.901342153,0,0,0.867168,0,0,0.341056
1651655596.901342153,0,0,0.867168,0,0,0.341056
1651655596.901342153,0,0,0.867168,0,0,0.341056
1651655596.901342153,0,0,0.867168,0,0,0.341056
1651655596.923995018,0,0,0.87349,0,0,0.324659
1651655596.923995018,0,0,0.87349,0,0,0.324659
1651655596.923995018,0,0,0.87349,0,0,0.324659
1651655596.923995018,0,0,0.87349,0,0,0.324659
1651655596.948020696,0,0,0.877985,0,0,0.324659
1651655596.948020696,0,0,0.877985,0,0,0.308372
1651655596.948020696,0,0,0.877985,0,0,0.308372
1651655596.948020696,0,0,0.877985,0,0,0.308372
1651655596.948020696,0,0,0.877985,0,0,0.308372
1651655596.948020696,0,0,0.877985,0,0,0.308372
1651655596.972493410,0,0,0.882255,0,0,0.288741
1651655596.972493410,0,0,0.882255,0,0,0.288741
1651655596.972493410,0,0,0.882255,0,0,0.288741
1651655596.972493410,0,0,0.882255,0,0,0.288741
1651655596.991957664,0,0,0.885716,0,0,0.288741
1651655596.991957664,0,0,0.885716,0,0,0.27653
1651655596.991957664,0,0,0.885716,0,0,0.27653
1651655596.991957664,0,0,0.885716,0,0,0.27653
1651655597.012679100,0,0,0.888917,0,0,0.263841
1651655597.012679100,0,0,0.888917,0,0,0.263841
1651655597.012679100,0,0,0.888917,0,0,0.263841
1651655597.012679100,0,0,0.888917,0,0,0.263841
1651655597.038562536,0,0,0.891733,0,0,0.255981
1651655597.038562536,0,0,0.891733,0,0,0.255981
1651655597.038562536,0,0,0.891733,0,0,0.255981
1651655597.038562536,0,0,0.891733,0,0,0.255981
1651655597.038562536,0,0,0.891733,0,0,0.255981
1651655597.038562536,0,0,0.891733,0,0,0.255981
1651655597.058669328,0,0,0.895875,0,0,0.243859
1651655597.058669328,0,0,0.895875,0,0,0.243859
1651655597.058669328,0,0,0.895875,0,0,0.243859
1651655597.082453966,0,0,0.900187,0,0,0.243859
1651655597.082453966,0,0,0.900187,0,0,0.23369
1651655597.082453966,0,0,0.900187,0,0,0.23369
1651655597.082453966,0,0,0.900187,0,0,0.23369
1651655597.082453966,0,0,0.900187,0,0,0.23369
1651655597.105418205,0,0,0.901427,0,0,0.23369
1651655597.105418205,0,0,0.901427,0,0,0.22693
1651655597.105418205,0,0,0.901427,0,0,0.22693
1651655597.105418205,0,0,0.901427,0,0,0.22693
1651655597.128177642,0,0,0.904608,0,0,0.215782
1651655597.128177642,0,0,0.904608,0,0,0.215782
1651655597.128177642,0,0,0.904608,0,0,0.215782
1651655597.128177642,0,0,0.904608,0,0,0.215782
1651655597.128177642,0,0,0.904608,0,0,0.215782
1651655597.150961637,0,0,0.906713,0,0,0.215782
1651655597.150961637,0,0,0.906713,0,0,0.209114
1651655597.150961637,0,0,0.906713,0,0,0.209114
1651655597.150961637,0,0,0.906713,0,0,0.209114
1651655597.150961637,0,0,0.906713,0,0,0.209114
1651655597.150961637,0,0,0.906713,0,0,0.209114
1651655597.150961637,0,0,0.906713,0,0,0.203218
1651655597.172379493,0,0,0.90993,0,0,0.203218
1651655597.172379493,0,0,0.90993,0,0,0.203218
1651655597.194159269,0,0,0.913064,0,0,0.196008
1651655597.194159269,0,0,0.913064,0,0,0.196008
1651655597.194159269,0,0,0.913064,0,0,0.196008
1651655597.194159269,0,0,0.913064,0,0,0.196008
1651655597.194159269,0,0,0.913064,0,0,0.196008
1651655597.218245983,0,0,0.914332,0,0,0.189586
1651655597.218245983,0,0,0.914332,0,0,0.189586
1651655597.218245983,0,0,0.914332,0,0,0.189586
1651655597.218245983,0,0,0.914332,0,0,0.189586
1651655597.218245983,0,0,0.914332,0,0,0.189586
1651655597.247797489,0,0,0.916795,0,0,0.189586
1651655597.247797489,0,0,0.916795,0,0,0.189586
1651655597.247797489,0,0,0.916795,0,0,0.183526
1651655597.247797489,0,0,0.916795,0,0,0.183526
1651655597.247797489,0,0,0.916795,0,0,0.183526
1651655597.247797489,0,0,0.916795,0,0,0.183526
1651655597.247797489,0,0,0.916795,0,0,0.183526
1651655597.247797489,0,0,0.916795,0,0,0.183526
1651655597.273425102,0,0,0.91936,0,0,0.178857
1651655597.273425102,0,0,0.91936,0,0,0.178857
1651655597.296371459,0,0,0.923146,0,0,0.171455
1651655597.296371459,0,0,0.923146,0,0,0.171455
1651655597.296371459,0,0,0.923146,0,0,0.171455
1651655597.314825773,0,0,0.923492,0,0,0.171455
1651655597.314825773,0,0,0.923492,0,0,0.166432
1651655597.314825773,0,0,0.923492,0,0,0.166432
1651655597.314825773,0,0,0.923492,0,0,0.166432
1651655597.314825773,0,0,0.923492,0,0,0.166432
1651655597.314825773,0,0,0.923492,0,0,0.166432
1651655597.314825773,0,0,0.923492,0,0,0.166432
1651655597.314825773,0,0,0.923492,0,0,0.166432
1651655597.347577333,0,0,0.925659,0,0,0.160918
1651655597.347577333,0,0,0.925659,0,0,0.160918
1651655597.347577333,0,0,0.925659,0,0,0.160918
1651655597.363396883,0,0,0.926686,0,0,0.156364
1651655597.363396883,0,0,0.926686,0,0,0.156364
1651655597.363396883,0,0,0.926686,0,0,0.156364
1651655597.363396883,0,0,0.926686,0,0,0.156364
1651655597.363396883,0,0,0.926686,0,0,0.156364
1651655597.389419317,0,0,0.929176,0,0,0.156364
1651655597.389419317,0,0,0.929176,0,0,0.151768
1651655597.389419317,0,0,0.929176,0,0,0.151768
1651655597.389419317,0,0,0.929176,0,0,0.151768
1651655597.389419317,0,0,0.929176,0,0,0.151768
1651655597.416804552,0,0,0.930055,0,0,0.147978
1651655597.416804552,0,0,0.930055,0,0,0.147978
1651655597.416804552,0,0,0.930055,0,0,0.147978
1651655597.416804552,0,0,0.930055,0,0,0.147978
1651655597.416804552,0,0,0.930055,0,0,0.147978
1651655597.440883159,0,0,0.932703,0,0,0.143539
1651655597.440883159,0,0,0.932703,0,0,0.143539
1651655597.440883159,0,0,0.932703,0,0,0.143539
1651655597.440883159,0,0,0.932703,0,0,0.143539
1651655597.462985754,0,0,0.934123,0,0,0.143539
1651655597.462985754,0,0,0.934123,0,0,0.139606
1651655597.462985754,0,0,0.934123,0,0,0.139606
1651655597.462985754,0,0,0.934123,0,0,0.139606
1651655597.462985754,0,0,0.934123,0,0,0.139606
1651655597.482520341,0,0,0.935367,0,0,0.139606
1651655597.482520341,0,0,0.935367,0,0,0.139606
1651655597.482520341,0,0,0.935367,0,0,0.1365
1651655597.482520341,0,0,0.935367,0,0,0.1365
1651655597.482520341,0,0,0.935367,0,0,0.1365
1651655597.508806467,0,0,0.936684,0,0,0.1365
1651655597.508806467,0,0,0.936684,0,0,0.133036
1651655597.508806467,0,0,0.936684,0,0,0.133036
1651655597.508806467,0,0,0.936684,0,0,0.133036
1651655597.508806467,0,0,0.936684,0,0,0.133036
1651655597.533584117,0,0,0.937961,0,0,0.130443
1651655597.533584117,0,0,0.937961,0,0,0.130443
1651655597.533584117,0,0,0.937961,0,0,0.130443
1651655597.533584117,0,0,0.937961,0,0,0.130443
1651655597.533584117,0,0,0.937961,0,0,0.130443
1651655597.563431262,0,0,0.939403,0,0,0.130443
1651655597.563431262,0,0,0.939403,0,0,0.127238
1651655597.563431262,0,0,0.939403,0,0,0.127238
1651655597.563431262,0,0,0.939403,0,0,0.127238
1651655597.584378719,0,0,0.9415,0,0,0.127238
1651655597.584378719,0,0,0.9415,0,0,0.124154
1651655597.584378719,0,0,0.9415,0,0,0.124154
1651655597.584378719,0,0,0.9415,0,0,0.124154
1651655597.584378719,0,0,0.9415,0,0,0.124154
1651655597.584378719,0,0,0.9415,0,0,0.124154
1651655597.607858419,0,0,0.942727,0,0,0.121068
1651655597.607858419,0,0,0.942727,0,0,0.121068
1651655597.607858419,0,0,0.942727,0,0,0.121068
1651655597.607858419,0,0,0.942727,0,0,0.121068
1651655597.607858419,0,0,0.942727,0,0,0.121068
1651655597.634837388,0,0,0.943724,0,0,0.121068
1651655597.634837388,0,0,0.943724,0,0,0.11857
1651655597.634837388,0,0,0.943724,0,0,0.11857
1651655597.634837388,0,0,0.943724,0,0,0.11857
1651655597.658453226,0,0,0.945413,0,0,0.11857
1651655597.658453226,0,0,0.945413,0,0,0.115206
1651655597.658453226,0,0,0.945413,0,0,0.115206
1651655597.658453226,0,0,0.945413,0,0,0.115206
1651655597.658453226,0,0,0.945413,0,0,0.115206
1651655597.682778596,0,0,0.946512,0,0,0.115206
1651655597.682778596,0,0,0.946512,0,0,0.112852
1651655597.682778596,0,0,0.946512,0,0,0.112852
1651655597.682778596,0,0,0.946512,0,0,0.112852
1651655597.682778596,0,0,0.946512,0,0,0.112852
1651655597.682778596,0,0,0.946512,0,0,0.112852
1651655597.707379341,0,0,0.947753,0,0,0.109943
1651655597.707379341,0,0,0.947753,0,0,0.109943
1651655597.707379341,0,0,0.947753,0,0,0.109943
1651655597.707379341,0,0,0.947753,0,0,0.109943
1651655597.731556653,0,0,0.948973,0,0,0.109943
1651655597.731556653,0,0,0.948973,0,0,0.107611
1651655597.731556653,0,0,0.948973,0,0,0.107611
1651655597.731556653,0,0,0.948973,0,0,0.107611
1651655597.750432014,0,0,0.950228,0,0,0.10484
1651655597.750432014,0,0,0.950228,0,0,0.10484
1651655597.750432014,0,0,0.950228,0,0,0.10484
1651655597.750432014,0,0,0.950228,0,0,0.10484
1651655597.750432014,0,0,0.950228,0,0,0.10484
1651655597.775647163,0,0,0.95149,0,0,0.102632
1651655597.775647163,0,0,0.95149,0,0,0.102632
1651655597.775647163,0,0,0.95149,0,0,0.102632
1651655597.775647163,0,0,0.95149,0,0,0.102632
1651655597.775647163,0,0,0.95149,0,0,0.102632
1651655597.799772500,0,0,0.951914,0,0,0.102632
1651655597.799772500,0,0,0.951914,0,0,0.100599
1651655597.799772500,0,0,0.951914,0,0,0.100599
1651655597.799772500,0,0,0.951914,0,0,0.100599
1651655597.825711250,0,0,0.953483,0,0,0.100599
1651655597.825711250,0,0,0.953483,0,0,0.0983298
1651655597.825711250,0,0,0.953483,0,0,0.0983298
1651655597.825711250,0,0,0.953483,0,0,0.0983298
1651655597.825711250,0,0,0.953483,0,0,0.0983298
1651655597.846637725,0,0,0.95456,0,0,0.096081
1651655597.846637725,0,0,0.95456,0,0,0.096081
1651655597.846637725,0,0,0.95456,0,0,0.096081
1651655597.846637725,0,0,0.95456,0,0,0.096081
1651655597.846637725,0,0,0.95456,0,0,0.096081
1651655597.869037866,0,0,0.955244,0,0,0.0936348
1651655597.869037866,0,0,0.955244,0,0,0.0936348
1651655597.869037866,0,0,0.955244,0,0,0.0936348
1651655597.869037866,0,0,0.955244,0,0,0.0936348
1651655597.869037866,0,0,0.955244,0,0,0.0936348
1651655597.896232128,0,0,0.95582,0,0,0.0919192
1651655597.896232128,0,0,0.95582,0,0,0.0919192
1651655597.896232128,0,0,0.95582,0,0,0.0919192
1651655597.896232128,0,0,0.95582,0,0,0.0919192
1651655597.896232128,0,0,0.95582,0,0,0.0919192
1651655597.896232128,0,0,0.95582,0,0,0.0919192
1651655597.918695926,0,0,0.956642,0,0,0.0899214
1651655597.918695926,0,0,0.956642,0,0,0.0899214
1651655597.918695926,0,0,0.956642,0,0,0.0899214
1651655597.942819118,0,0,0.957945,0,0,0.0899214
1651655597.942819118,0,0,0.957945,0,0,0.0882152
1651655597.942819118,0,0,0.957945,0,0,0.0882152
1651655597.942819118,0,0,0.957945,0,0,0.0882152
1651655597.942819118,0,0,0.957945,0,0,0.0882152
1651655597.966742038,0,0,0.958568,0,0,0.0865129
1651655597.966742038,0,0,0.958568,0,0,0.0865129
1651655597.966742038,0,0,0.958568,0,0,0.0865129
1651655597.966742038,0,0,0.958568,0,0,0.0865129
1651655597.966742038,0,0,0.958568,0,0,0.0865129
1651655597.991226434,0,0,0.959913,0,0,0.0865129
1651655597.991226434,0,0,0.959913,0,0,0.0846729
1651655597.991226434,0,0,0.959913,0,0,0.0846729
1651655597.991226434,0,0,0.959913,0,0,0.0846729
1651655597.991226434,0,0,0.959913,0,0,0.0846729
1651655597.991226434,0,0,0.959913,0,0,0.0846729
1651655597.991226434,0,0,0.959913,0,0,0.0846729
1651655598.023460149,0,0,0.960804,0,0,0.0827152
1651655598.023460149,0,0,0.960804,0,0,0.0827152
1651655598.023460149,0,0,0.960804,0,0,0.0827152
1651655598.023460149,0,0,0.960804,0,0,0.0827152
1651655598.023460149,0,0,0.960804,0,0,0.0827152
1651655598.023460149,0,0,0.960804,0,0,0.0807527
1651655598.023460149,0,0,0.960804,0,0,0.0807527
1651655598.044795274,0,0,0.962034,0,0,0.0807527
1651655598.044795274,0,0,0.962034,0,0,0.0807527
1651655598.070917606,0,0,0.962937,0,0,0.0807527
1651655598.070917606,0,0,0.962937,0,0,0.0786591
1651655598.070917606,0,0,0.962937,0,0,0.0786591
1651655598.070917606,0,0,0.962937,0,0,0.0786591
1651655598.070917606,0,0,0.962937,0,0,0.0786591
1651655598.093528270,0,0,0.963584,0,0,0.0786591
1651655598.093528270,0,0,0.963584,0,0,0.0786591
1651655598.093528270,0,0,0.963584,0,0,0.0770709
1651655598.093528270,0,0,0.963584,0,0,0.0770709
1651655598.116938591,0,0,0.964717,0,0,0.0770709
1651655598.116938591,0,0,0.964717,0,0,0.0770709
1651655598.116938591,0,0,0.964717,0,0,0.0770709
1651655598.131138086,0,0,0.965445,0,0,0.0733952
1651655598.131138086,0,0,0.965445,0,0,0.0733952
1651655598.131138086,0,0,0.965445,0,0,0.0733952
1651655598.131138086,0,0,0.965445,0,0,0.0733952
1651655598.152007102,0,0,0.965996,0,0,0.0718885
1651655598.152007102,0,0,0.965996,0,0,0.0718885
1651655598.152007102,0,0,0.965996,0,0,0.0718885
1651655598.152007102,0,0,0.965996,0,0,0.0718885
1651655598.152007102,0,0,0.965996,0,0,0.0718885
1651655598.174078464,0,0,0.965856,0,0,0.0718885
1651655598.174078464,0,0,0.965856,0,0,0.0718885
1651655598.174078464,0,0,0.965856,0,0,0.0707185
1651655598.174078464,0,0,0.965856,0,0,0.0707185
1651655598.174078464,0,0,0.965856,0,0,0.0707185
1651655598.202747106,0,0,0.96687,0,0,0.0707185
1651655598.202747106,0,0,0.96687,0,0,0.0692944
1651655598.202747106,0,0,0.96687,0,0,0.0692944
1651655598.202747106,0,0,0.96687,0,0,0.0692944
1651655598.202747106,0,0,0.96687,0,0,0.0692944
1651655598.227435111,0,0,0.968436,0,0,0.0692944
1651655598.227435111,0,0,0.968436,0,0,0.0680748
1651655598.227435111,0,0,0.968436,0,0,0.0680748
1651655598.227435111,0,0,0.968436,0,0,0.0680748
1651655598.227435111,0,0,0.968436,0,0,0.0680748
1651655598.248277664,0,0,0.969075,0,0,0.0667852
1651655598.248277664,0,0,0.969075,0,0,0.0667852
1651655598.248277664,0,0,0.969075,0,0,0.0667852
1651655598.248277664,0,0,0.969075,0,0,0.0667852
1651655598.248277664,0,0,0.969075,0,0,0.0667852
1651655598.272378206,0,0,0.969695,0,0,0.0649217
1651655598.272378206,0,0,0.969695,0,0,0.0649217
1651655598.272378206,0,0,0.969695,0,0,0.0649217
1651655598.272378206,0,0,0.969695,0,0,0.0635229
1651655598.288494825,0,0,0.970307,0,0,0.0635229
1651655598.288494825,0,0,0.970307,0,0,0.0635229
1651655598.288494825,0,0,0.970307,0,0,0.0635229
1651655598.288494825,0,0,0.970307,0,0,0.0635229
1651655598.316913604,0,0,0.97075,0,0,0.0635229
1651655598.316913604,0,0,0.97075,0,0,0.0635229
1651655598.316913604,0,0,0.97075,0,0,0.0621086
1651655598.316913604,0,0,0.97075,0,0,0.0621086
1651655598.316913604,0,0,0.97075,0,0,0.0607489
1651655598.337767362,0,0,0.971656,0,0,0.0607489
1651655598.337767362,0,0,0.971656,0,0,0.0607489
1651655598.337767362,0,0,0.971656,0,0,0.0607489
1651655598.337767362,0,0,0.971656,0,0,0.0607489
1651655598.358558177,0,0,0.972174,0,0,0.0607489
1651655598.358558177,0,0,0.972174,0,0,0.0607489
1651655598.358558177,0,0,0.972174,0,0,0.0607489
1651655598.358558177,0,0,0.972174,0,0,0.0594685
1651655598.358558177,0,0,0.972174,0,0,0.0594685
1651655598.388003587,0,0,0.97296,0,0,0.0594685
1651655598.388003587,0,0,0.97296,0,0,0.0594685
1651655598.388003587,0,0,0.97296,0,0,0.0582364
1651655598.388003587,0,0,0.97296,0,0,0.0582364
1651655598.388003587,0,0,0.97296,0,0,0.0582364
1651655598.388003587,0,0,0.97296,0,0,0.0582364
1651655598.413796901,0,0,0.973609,0,0,0.0582364
1651655598.413796901,0,0,0.973609,0,0,0.0567846
1651655598.413796901,0,0,0.973609,0,0,0.0567846
1651655598.413796901,0,0,0.973609,0,0,0.0567846
1651655598.413796901,0,0,0.973609,0,0,0.0567846
1651655598.413796901,0,0,0.973609,0,0,0.0567846
1651655598.438539981,0,0,0.974746,0,0,0.0551023
1651655598.438539981,0,0,0.974746,0,0,0.0551023
1651655598.438539981,0,0,0.974746,0,0,0.0551023
1651655598.438539981,0,0,0.974746,0,0,0.0551023
1651655598.468191862,0,0,0.97524,0,0,0.0536535
1651655598.468191862,0,0,0.97524,0,0,0.0536535
1651655598.468191862,0,0,0.97524,0,0,0.0536535
1651655598.468191862,0,0,0.97524,0,0,0.0536535
1651655598.468191862,0,0,0.97524,0,0,0.0536535
1651655598.468191862,0,0,0.97524,0,0,0.0525122
1651655598.491501808,0,0,0.975647,0,0,0.0525122
1651655598.491501808,0,0,0.975647,0,0,0.0525122
1651655598.491501808,0,0,0.975647,0,0,0.0525122
1651655598.491501808,0,0,0.975647,0,0,0.0525122
1651655598.491501808,0,0,0.975647,0,0,0.0506893
1651655598.491501808,0,0,0.975647,0,0,0.0506893
1651655598.511922359,0,0,0.97658,0,0,0.0506893
1651655598.511922359,0,0,0.97658,0,0,0.0506893
1651655598.511922359,0,0,0.97658,0,0,0.0506893
1651655598.534893989,0,0,0.977074,0,0,0.0506893
1651655598.534893989,0,0,0.977074,0,0,0.0506893
1651655598.534893989,0,0,0.977074,0,0,0.0495605
1651655598.534893989,0,0,0.977074,0,0,0.0495605
1651655598.534893989,0,0,0.977074,0,0,0.0495605
1651655598.566221237,0,0,0.97741,0,0,0.0483149
1651655598.566221237,0,0,0.97741,0,0,0.0483149
1651655598.566221237,0,0,0.97741,0,0,0.0483149
1651655598.566221237,0,0,0.97741,0,0,0.0483149
1651655598.566221237,0,0,0.97741,0,0,0.0483149
1651655598.589562177,0,0,0.978345,0,0,0.0483149
1651655598.589562177,0,0,0.978345,0,0,0.0468341
1651655598.589562177,0,0,0.978345,0,0,0.0468341
1651655598.589562177,0,0,0.978345,0,0,0.0468341
1651655598.589562177,0,0,0.978345,0,0,0.0468341
1651655598.610288858,0,0,0.978738,0,0,0.0468341
1651655598.610288858,0,0,0.978738,0,0,0.0468341
1651655598.610288858,0,0,0.978738,0,0,0.0456137
1651655598.610288858,0,0,0.978738,0,0,0.0456137
1651655598.610288858,0,0,0.978738,0,0,0.0456137
1651655598.638073205,0,0,0.979306,0,0,0.0444525
1651655598.638073205,0,0,0.979306,0,0,0.0444525
1651655598.638073205,0,0,0.979306,0,0,0.0444525
1651655598.658737421,0,0,0.979707,0,0,0.0444525
1651655598.658737421,0,0,0.979707,0,0,0.0432878
1651655598.658737421,0,0,0.979707,0,0,0.0432878
1651655598.658737421,0,0,0.979707,0,0,0.0432878
1651655598.658737421,0,0,0.979707,0,0,0.0432878
1651655598.658737421,0,0,0.979707,0,0,0.0432878
1651655598.679599046,0,0,0.98003,0,0,0.0420627
1651655598.679599046,0,0,0.98003,0,0,0.0420627
1651655598.679599046,0,0,0.98003,0,0,0.0420627
1651655598.699580430,0,0,0.980299,0,0,0.0412416
1651655598.699580430,0,0,0.980299,0,0,0.0412416
1651655598.699580430,0,0,0.980299,0,0,0.0412416
1651655598.699580430,0,0,0.980299,0,0,0.0412416
1651655598.699580430,0,0,0.980299,0,0,0.0412416
1651655598.726175308,0,0,0.980844,0,0,0.0412416
1651655598.726175308,0,0,0.980844,0,0,0.0405369
1651655598.726175308,0,0,0.980844,0,0,0.0405369
1651655598.726175308,0,0,0.980844,0,0,0.0405369
1651655598.726175308,0,0,0.980844,0,0,0.0405369
1651655598.751632928,0,0,0.98142,0,0,0.0405369
1651655598.751632928,0,0,0.98142,0,0,0.0396578
1651655598.751632928,0,0,0.98142,0,0,0.0396578
1651655598.751632928,0,0,0.98142,0,0,0.0396578
1651655598.751632928,0,0,0.98142,0,0,0.0396578
1651655598.778117656,0,0,0.981966,0,0,0.0396578
1651655598.778117656,0,0,0.981966,0,0,0.0396578
1651655598.778117656,0,0,0.981966,0,0,0.038857
1651655598.778117656,0,0,0.981966,0,0,0.038857
1651655598.798863887,0,0,0.982414,0,0,0.0378649
1651655598.798863887,0,0,0.982414,0,0,0.0378649
1651655598.798863887,0,0,0.982414,0,0,0.0378649
1651655598.798863887,0,0,0.982414,0,0,0.0378649
1651655598.798863887,0,0,0.982414,0,0,0.0378649
1651655598.798863887,0,0,0.982414,0,0,0.0378649
1651655598.820107221,0,0,0.982701,0,0,0.0367952
1651655598.820107221,0,0,0.982701,0,0,0.0367952
1651655598.820107221,0,0,0.982701,0,0,0.0367952
1651655598.838930368,0,0,0.983004,0,0,0.035983
1651655598.838930368,0,0,0.983004,0,0,0.035983
1651655598.838930368,0,0,0.983004,0,0,0.035983
1651655598.838930368,0,0,0.983004,0,0,0.035983
1651655598.862278699,0,0,0.983267,0,0,0.035983
1651655598.862278699,0,0,0.983267,0,0,0.035983
1651655598.862278699,0,0,0.983267,0,0,0.0351623
1651655598.862278699,0,0,0.983267,0,0,0.0351623
1651655598.862278699,0,0,0.983267,0,0,0.0351623
1651655598.887330770,0,0,0.983689,0,0,0.0351623
1651655598.887330770,0,0,0.983689,0,0,0.0351623
1651655598.887330770,0,0,0.983689,0,0,0.034485
1651655598.887330770,0,0,0.983689,0,0,0.034485
1651655598.887330770,0,0,0.983689,0,0,0.034485
1651655598.887330770,0,0,0.983689,0,0,0.034485
1651655598.917477607,0,0,0.983843,0,0,0.034485
1651655598.917477607,0,0,0.983843,0,0,0.0338915
1651655598.917477607,0,0,0.983843,0,0,0.0338915
1651655598.917477607,0,0,0.983843,0,0,0.0338915
1651655598.917477607,0,0,0.983843,0,0,0.0338915
1651655598.917477607,0,0,0.983843,0,0,0.0338915
1651655598.946316480,0,0,0.984377,0,0,0.0338915
1651655598.946316480,0,0,0.984377,0,0,0.0338915
1651655598.946316480,0,0,0.984377,0,0,0.0331802
1651655598.946316480,0,0,0.984377,0,0,0.0331802
1651655598.967470884,0,0,0.984936,0,0,0.0331802
1651655598.967470884,0,0,0.984936,0,0,0.0322949
1651655598.967470884,0,0,0.984936,0,0,0.0322949
1651655598.967470884,0,0,0.984936,0,0,0.0322949
1651655598.988689661,0,0,0.98538,0,0,0.0322949
1651655598.988689661,0,0,0.98538,0,0,0.0315045
1651655598.988689661,0,0,0.98538,0,0,0.0315045
1651655598.988689661,0,0,0.98538,0,0,0.0315045
1651655598.988689661,0,0,0.98538,0,0,0.0315045
1651655598.988689661,0,0,0.98538,0,0,0.0315045
1651655599.012889385,0,0,0.985671,0,0,0.0306359
1651655599.012889385,0,0,0.985671,0,0,0.0306359
1651655599.012889385,0,0,0.985671,0,0,0.0306359
1651655599.012889385,0,0,0.985671,0,0,0.0299439
1651655599.034887075,0,0,0.985955,0,0,0.0299439
1651655599.034887075,0,0,0.985955,0,0,0.0299439
1651655599.034887075,0,0,0.985955,0,0,0.0299439
1651655599.034887075,0,0,0.985955,0,0,0.0299439
1651655599.034887075,0,0,0.985955,0,0,0.0299439
1651655599.058508634,0,0,0.986257,0,0,0.0291923
1651655599.058508634,0,0,0.986257,0,0,0.0291923
1651655599.058508634,0,0,0.986257,0,0,0.0291923
1651655599.058508634,0,0,0.986257,0,0,0.0291923
1651655599.082351207,0,0,0.986437,0,0,0.028701
1651655599.082351207,0,0,0.986437,0,0,0.028701
1651655599.082351207,0,0,0.986437,0,0,0.028701
1651655599.082351207,0,0,0.986437,0,0,0.028701
1651655599.082351207,0,0,0.986437,0,0,0.028701
1651655599.103843927,0,0,0.986885,0,0,0.027927
1651655599.103843927,0,0,0.986885,0,0,0.027927
1651655599.103843927,0,0,0.986885,0,0,0.027927
1651655599.103843927,0,0,0.986885,0,0,0.027927
1651655599.127632617,0,0,0.98719,0,0,0.0273853
1651655599.127632617,0,0,0.98719,0,0,0.0273853
1651655599.127632617,0,0,0.98719,0,0,0.0273853
1651655599.127632617,0,0,0.98719,0,0,0.0273853
1651655599.148458480,0,0,0.987434,0,0,0.0273853
1651655599.148458480,0,0,0.987434,0,0,0.0273853
1651655599.148458480,0,0,0.987434,0,0,0.0267614
1651655599.148458480,0,0,0.987434,0,0,0.0267614
1651655599.148458480,0,0,0.987434,0,0,0.0267614
1651655599.169847488,0,0,0.987579,0,0,0.0261242
1651655599.169847488,0,0,0.987579,0,0,0.0261242
1651655599.169847488,0,0,0.987579,0,0,0.0261242
1651655599.169847488,0,0,0.987579,0,0,0.0261242
1651655599.192771673,0,0,0.987805,0,0,0.0261242
1651655599.192771673,0,0,0.987805,0,0,0.025604
1651655599.192771673,0,0,0.987805,0,0,0.025604
1651655599.192771673,0,0,0.987805,0,0,0.025604
1651655599.192771673,0,0,0.987805,0,0,0.025604
1651655599.192771673,0,0,0.987805,0,0,0.025604
1651655599.192771673,0,0,0.987805,0,0,0.025604
1651655599.225200414,0,0,0.988134,0,0,0.024987
1651655599.225200414,0,0,0.988134,0,0,0.024987
1651655599.225200414,0,0,0.988134,0,0,0.024987
1651655599.225200414,0,0,0.988134,0,0,0.024987
1651655599.247105360,0,0,0.988347,0,0,0.024987
1651655599.247105360,0,0,0.988347,0,0,0.0245402
1651655599.247105360,0,0,0.988347,0,0,0.0245402
1651655599.247105360,0,0,0.988347,0,0,0.0245402
1651655599.247105360,0,0,0.988347,0,0,0.0245402
1651655599.247105360,0,0,0.988347,0,0,0.0245402
1651655599.274101972,0,0,0.988745,0,0,0.0238433
1651655599.274101972,0,0,0.988745,0,0,0.0238433
1651655599.274101972,0,0,0.988745,0,0,0.0238433
1651655599.274101972,0,0,0.988745,0,0,0.0238433
1651655599.274101972,0,0,0.988745,0,0,0.0238433
1651655599.301900148,0,0,0.98909,0,0,0.0238433
1651655599.301900148,0,0,0.98909,0,0,0.0232697
1651655599.301900148,0,0,0.98909,0,0,0.0232697
1651655599.301900148,0,0,0.98909,0,0,0.0232697
1651655599.301900148,0,0,0.98909,0,0,0.0232697
1651655599.327350616,0,0,0.989372,0,0,0.0232697
1651655599.327350616,0,0,0.989372,0,0,0.0228011
1651655599.327350616,0,0,0.989372,0,0,0.0228011
1651655599.327350616,0,0,0.989372,0,0,0.0228011
1651655599.327350616,0,0,0.989372,0,0,0.0228011
1651655599.349836349,0,0,0.989684,0,0,0.0221712
1651655599.349836349,0,0,0.989684,0,0,0.0221712
1651655599.349836349,0,0,0.989684,0,0,0.0221712
1651655599.349836349,0,0,0.989684,0,0,0.0221712
1651655599.373194932,0,0,0.989811,0,0,0.0221712
1651655599.373194932,0,0,0.989811,0,0,0.0221712
1651655599.373194932,0,0,0.989811,0,0,0.0215703
1651655599.373194932,0,0,0.989811,0,0,0.0215703
1651655599.373194932,0,0,0.989811,0,0,0.0210601
1651655599.392805099,0,0,0.99002,0,0,0.0210601
1651655599.392805099,0,0,0.99002,0,0,0.0210601
1651655599.392805099,0,0,0.99002,0,0,0.0210601
1651655599.392805099,0,0,0.99002,0,0,0.0210601
1651655599.392805099,0,0,0.99002,0,0,0.0210601
1651655599.413185596,0,0,0.990162,0,0,0.0210601
1651655599.413185596,0,0,0.990162,0,0,0.0205853
1651655599.413185596,0,0,0.990162,0,0,0.0205853
1651655599.437333106,0,0,0.990292,0,0,0.0205853
1651655599.437333106,0,0,0.990292,0,0,0.0205853
1651655599.437333106,0,0,0.990292,0,0,0.0200909
1651655599.437333106,0,0,0.990292,0,0,0.0200909
1651655599.437333106,0,0,0.990292,0,0,0.0200909
1651655599.437333106,0,0,0.990292,0,0,0.0200909
1651655599.437333106,0,0,0.990292,0,0,0.0200909
1651655599.437333106,0,0,0.990292,0,0,0.0197369
1651655599.437333106,0,0,0.990292,0,0,0.0197369
1651655599.437333106,0,0,0.990292,0,0,0.019449
1651655599.481325387,0,0,0.990727,0,0,0.019449
1651655599.481325387,0,0,0.990727,0,0,0.019449
1651655599.481325387,0,0,0.990727,0,0,0.019449
1651655599.481325387,0,0,0.990727,0,0,0.019449
1651655599.481325387,0,0,0.990727,0,0,0.019449
1651655599.503706693,0,0,0.990919,0,0,0.0191357
1651655599.503706693,0,0,0.990919,0,0,0.0191357
1651655599.503706693,0,0,0.990919,0,0,0.0191357
1651655599.527582406,0,0,0.991137,0,0,0.0191357
1651655599.527582406,0,0,0.991137,0,0,0.0188371
1651655599.527582406,0,0,0.991137,0,0,0.0188371
1651655599.527582406,0,0,0.991137,0,0,0.0188371
1651655599.527582406,0,0,0.991137,0,0,0.0188371
1651655599.549740076,0,0,0.991415,0,0,0.0184048
1651655599.549740076,0,0,0.991415,0,0,0.0184048
1651655599.549740076,0,0,0.991415,0,0,0.0184048
1651655599.549740076,0,0,0.991415,0,0,0.0184048
1651655599.549740076,0,0,0.991415,0,0,0.0184048
1651655599.549740076,0,0,0.991415,0,0,0.0184048
1651655599.549740076,0,0,0.991415,0,0,0.0184048
1651655599.584009885,0,0,0.991602,0,0,0.0180678
1651655599.584009885,0,0,0.991602,0,0,0.0180678
1651655599.584009885,0,0,0.991602,0,0,0.0180678
1651655599.584009885,0,0,0.991602,0,0,0.0180678
1651655599.584009885,0,0,0.991602,0,0,0.0180678
1651655599.584009885,0,0,0.991602,0,0,0.0175223
1651655599.608865499,0,0,0.991887,0,0,0.0175223
1651655599.608865499,0,0,0.991887,0,0,0.0175223
1651655599.608865499,0,0,0.991887,0,0,0.0175223
1651655599.608865499,0,0,0.991887,0,0,0.0175223
1651655599.634318113,0,0,0.992165,0,0,0.0175223
1651655599.634318113,0,0,0.992165,0,0,0.0170189
1651655599.634318113,0,0,0.992165,0,0,0.0170189
1651655599.634318113,0,0,0.992165,0,0,0.0170189
1651655599.634318113,0,0,0.992165,0,0,0.0170189
1651655599.634318113,0,0,0.992165,0,0,0.0170189
1651655599.663860797,0,0,0.992392,0,0,0.0170189
1651655599.663860797,0,0,0.992392,0,0,0.0170189
1651655599.663860797,0,0,0.992392,0,0,0.0164424
1651655599.663860797,0,0,0.992392,0,0,0.0164424
1651655599.663860797,0,0,0.992392,0,0,0.0164424
1651655599.691398143,0,0,0.992537,0,0,0.0164424
1651655599.691398143,0,0,0.992537,0,0,0.0160122
1651655599.691398143,0,0,0.992537,0,0,0.0160122
1651655599.691398143,0,0,0.992537,0,0,0.0160122
1651655599.691398143,0,0,0.992537,0,0,0.0160122
1651655599.712217330,0,0,0.992717,0,0,0.0160122
1651655599.712217330,0,0,0.992717,0,0,0.0155067
1651655599.712217330,0,0,0.992717,0,0,0.0155067
1651655599.712217330,0,0,0.992717,0,0,0.0155067
1651655599.734064102,0,0,0.992855,0,0,0.0155067
1651655599.734064102,0,0,0.992855,0,0,0.0151507
1651655599.734064102,0,0,0.992855,0,0,0.0151507
1651655599.734064102,0,0,0.992855,0,0,0.0151507
1651655599.758810997,0,0,0.992984,0,0,0.0151507
1651655599.758810997,0,0,0.992984,0,0,0.0151507
1651655599.758810997,0,0,0.992984,0,0,0.0151507
1651655599.758810997,0,0,0.992984,0,0,0.0147745
1651655599.758810997,0,0,0.992984,0,0,0.0147745
1651655599.781815528,0,0,0.993137,0,0,0.0147745
1651655599.781815528,0,0,0.993137,0,0,0.0144707
1651655599.781815528,0,0,0.993137,0,0,0.0144707
1651655599.781815528,0,0,0.993137,0,0,0.0144707
1651655599.802149534,0,0,0.99331,0,0,0.0144707
1651655599.802149534,0,0,0.99331,0,0,0.0141166
1651655599.814367532,0,0,0.993389,0,0,0.0137864
1651655599.814367532,0,0,0.993389,0,0,0.0137864
1651655599.822131633,0,0,0.993447,0,0,0.0135765
1651655599.822131633,0,0,0.993447,0,0,0.0135765
1651655599.832653522,0,0,0.993456,0,0,0.0134139
1651655599.832653522,0,0,0.993456,0,0,0.0134139
1651655599.842532396,0,0,0.993444,0,0,0.0132782
1651655599.842532396,0,0,0.993444,0,0,0.0132782
1651655599.852724075,0,0,0.993432,0,0,0.0131638
1651655599.852724075,0,0,0.993432,0,0,0.0131638
1651655599.862611770,0,0,0.99349,0,0,0.0131078
1651655599.862611770,0,0,0.99349,0,0,0.0131078
1651655599.871711015,0,0,0.993535,0,0,0.0130583
1651655599.871711015,0,0,0.993535,0,0,0.0130583
1651655599.882724761,0,0,0.99357,0,0,0.0130008
1651655599.882724761,0,0,0.99357,0,0,0.0130008
1651655599.892658710,0,0,0.993598,0,0,0.0129376
1651655599.892658710,0,0,0.993598,0,0,0.0129376
1651655599.902560472,0,0,0.993621,0,0,0.0128714
1651655599.902560472,0,0,0.993621,0,0,0.0128714
1651655599.902560472,0,0,0.993621,0,0,0.0128714
1651655599.902560472,0,0,0.993621,0,0,0.0128714
1651655599.919031143,0,0,0.993704,0,0,0.0128714
1651655599.919031143,0,0,0.993704,0,0,0.0128714
1651655599.919031143,0,0,0.993704,0,0,0.012837
1651655599.919031143,0,0,0.993704,0,0,0.012837
1651655599.939458847,0,0,0.993779,0,0,0.0127891
1651655599.939458847,0,0,0.993779,0,0,0.0127891
1651655599.939458847,0,0,0.993779,0,0,0.0127891
1651655599.939458847,0,0,0.993779,0,0,0.0127891
1651655599.939458847,0,0,0.993779,0,0,0.0127891
1651655599.965496540,0,0,0.9939,0,0,0.0127891
1651655599.965496540,0,0,0.9939,0,0,0.0127891
1651655599.965496540,0,0,0.9939,0,0,0.0127891
1651655599.965496540,0,0,0.9939,0,0,0.0126902
1651655599.965496540,0,0,0.9939,0,0,0.0126902
1651655599.965496540,0,0,0.9939,0,0,0.0126902
1651655599.965496540,0,0,0.9939,0,0,0.0126902
1651655599.999661207,0,0,0.994096,0,0,0.0125744
1651655599.999661207,0,0,0.994096,0,0,0.0125744
1651655599.999661207,0,0,0.994096,0,0,0.0125744
1651655599.999661207,0,0,0.994096,0,0,0.0125744
1651655599.999661207,0,0,0.994096,0,0,0.0125744
1651655600.024042844,0,0,0.994456,0,0,0.0123551
1651655600.024042844,0,0,0.994456,0,0,0.0123551
1651655600.024042844,0,0,0.994456,0,0,0.0123551
1651655600.024042844,0,0,0.994456,0,0,0.0123551
1651655600.024042844,0,0,0.994456,0,0,0.0123551
1651655600.047584533,0,0,0.994674,0,0,0.0123551
1651655600.047584533,0,0,0.994674,0,0,0.0123551
1651655600.047584533,0,0,0.994674,0,0,0.0123551
1651655600.047584533,0,0,0.994674,0,0,0.0120359
1651655600.047584533,0,0,0.994674,0,0,0.0120359
1651655600.077070236,0,0,0.994824,0,0,0.0120359
1651655600.077070236,0,0,0.994824,0,0,0.0117157
1651655600.077070236,0,0,0.994824,0,0,0.0117157
1651655600.077070236,0,0,0.994824,0,0,0.0117157
1651655600.077070236,0,0,0.994824,0,0,0.0117157
1651655600.099822521,0,0,0.994977,0,0,0.0117157
1651655600.099822521,0,0,0.994977,0,0,0.0117157
1651655600.099822521,0,0,0.994977,0,0,0.0112726
1651655600.099822521,0,0,0.994977,0,0,0.0112726
1651655600.099822521,0,0,0.994977,0,0,0.0112726
1651655600.099822521,0,0,0.994977,0,0,0.0112726
1651655600.122990131,0,0,0.995097,0,0,0.0112726
1651655600.122990131,0,0,0.995097,0,0,0.0107962
1651655600.122990131,0,0,0.995097,0,0,0.0107962
1651655600.122990131,0,0,0.995097,0,0,0.0107962
1651655600.147851943,0,0,0.995175,0,0,0.0104848
1651655600.147851943,0,0,0.995175,0,0,0.0104848
1651655600.147851943,0,0,0.995175,0,0,0.0104848
1651655600.147851943,0,0,0.995175,0,0,0.0104848
1651655600.147851943,0,0,0.995175,0,0,0.0104848
1651655600.147851943,0,0,0.995175,0,0,0.0104848
1651655600.168888092,0,0,0.99525,0,0,0.0101662
1651655600.168888092,0,0,0.99525,0,0,0.0101662
1651655600.168888092,0,0,0.99525,0,0,0.0101662
1651655600.190936803,0,0,0.995386,0,0,0.00988386
1651655600.190936803,0,0,0.995386,0,0,0.00988386
1651655600.190936803,0,0,0.995386,0,0,0.00988386
1651655600.190936803,0,0,0.995386,0,0,0.00988386
1651655600.190936803,0,0,0.995386,0,0,0.00988386
1651655600.190936803,0,0,0.995386,0,0,0.00962896
1651655600.190936803,0,0,0.995386,0,0,0.00962896
1651655600.221060752,0,0,0.995462,0,0,0.00962896
1651655600.221060752,0,0,0.995462,0,0,0.00962896
1651655600.221060752,0,0,0.995462,0,0,0.00962896
1651655600.240284681,0,0,0.995591,0,0,0.00938318
1651655600.240284681,0,0,0.995591,0,0,0.00938318
1651655600.240284681,0,0,0.995591,0,0,0.00938318
1651655600.240284681,0,0,0.995591,0,0,0.00938318
1651655600.263494729,0,0,0.995699,0,0,0.00938318
1651655600.263494729,0,0,0.995699,0,0,0.00938318
1651655600.263494729,0,0,0.995699,0,0,0.00912748
1651655600.263494729,0,0,0.995699,0,0,0.00912748
1651655600.287616729,0,0,0.99577,0,0,0.00912748
1651655600.287616729,0,0,0.99577,0,0,0.00894524
1651655600.287616729,0,0,0.99577,0,0,0.00894524
1651655600.287616729,0,0,0.99577,0,0,0.00894524
1651655600.287616729,0,0,0.99577,0,0,0.00894524
1651655600.287616729,0,0,0.99577,0,0,0.00894524
1651655600.313918113,0,0,0.99585,0,0,0.00894524
1651655600.313918113,0,0,0.99585,0,0,0.00873263
1651655600.313918113,0,0,0.99585,0,0,0.00873263
1651655600.313918113,0,0,0.99585,0,0,0.00873263
1651655600.338028192,0,0,0.995942,0,0,0.00855895
1651655600.338028192,0,0,0.995942,0,0,0.00855895
1651655600.338028192,0,0,0.995942,0,0,0.00855895
1651655600.338028192,0,0,0.995942,0,0,0.00855895
1651655600.338028192,0,0,0.995942,0,0,0.0083337
1651655600.338028192,0,0,0.995942,0,0,0.0083337
1651655600.358000278,0,0,0.996064,0,0,0.0083337
1651655600.358000278,0,0,0.996064,0,0,0.0083337
1651655600.358000278,0,0,0.996064,0,0,0.0083337
1651655600.382403850,0,0,0.996152,0,0,0.00816448
1651655600.382403850,0,0,0.996152,0,0,0.00816448
1651655600.382403850,0,0,0.996152,0,0,0.00816448
1651655600.382403850,0,0,0.996152,0,0,0.00816448
1651655600.382403850,0,0,0.996152,0,0,0.00816448
1651655600.406220912,0,0,0.996204,0,0,0.00798022
1651655600.406220912,0,0,0.996204,0,0,0.00798022
1651655600.406220912,0,0,0.996204,0,0,0.00798022
1651655600.406220912,0,0,0.996204,0,0,0.00798022
1651655600.406220912,0,0,0.996204,0,0,0.0077822
1651655600.427505970,0,0,0.996334,0,0,0.0077822
1651655600.427505970,0,0,0.996334,0,0,0.0077822
1651655600.427505970,0,0,0.996334,0,0,0.0077822
1651655600.427505970,0,0,0.996334,0,0,0.0077822
1651655600.449263811,0,0,0.996388,0,0,0.00761057
1651655600.449263811,0,0,0.996388,0,0,0.00761057
1651655600.449263811,0,0,0.996388,0,0,0.00761057
1651655600.449263811,0,0,0.996388,0,0,0.00761057
1651655600.449263811,0,0,0.996388,0,0,0.00761057
1651655600.477976560,0,0,0.99644,0,0,0.00761057
1651655600.477976560,0,0,0.99644,0,0,0.00740886
1651655600.477976560,0,0,0.99644,0,0,0.00740886
1651655600.477976560,0,0,0.99644,0,0,0.00740886
1651655600.498450756,0,0,0.996504,0,0,0.00740886
1651655600.498450756,0,0,0.996504,0,0,0.00740886
1651655600.498450756,0,0,0.996504,0,0,0.00725155
1651655600.498450756,0,0,0.996504,0,0,0.00725155
1651655600.498450756,0,0,0.996504,0,0,0.00725155
1651655600.498450756,0,0,0.996504,0,0,0.00725155
1651655600.523457288,0,0,0.99663,0,0,0.00710416
1651655600.523457288,0,0,0.99663,0,0,0.00710416
1651655600.523457288,0,0,0.99663,0,0,0.00710416
1651655600.523457288,0,0,0.99663,0,0,0.00710416
1651655600.523457288,0,0,0.99663,0,0,0.00710416
1651655600.547324180,0,0,0.996703,0,0,0.00710416
1651655600.547324180,0,0,0.996703,0,0,0.00695535
1651655600.547324180,0,0,0.996703,0,0,0.00695535
1651655600.567918062,0,0,0.996739,0,0,0.00695535
1651655600.567918062,0,0,0.996739,0,0,0.00695535
1651655600.567918062,0,0,0.996739,0,0,0.00679211
1651655600.567918062,0,0,0.996739,0,0,0.00679211
1651655600.567918062,0,0,0.996739,0,0,0.00679211
1651655600.567918062,0,0,0.996739,0,0,0.00679211
1651655600.567918062,0,0,0.996739,0,0,0.00679211
1651655600.597159385,0,0,0.996785,0,0,0.00679211
1651655600.597159385,0,0,0.996785,0,0,0.00679211
1651655600.597159385,0,0,0.996785,0,0,0.00666169
1651655600.597159385,0,0,0.996785,0,0,0.00666169
1651655600.597159385,0,0,0.996785,0,0,0.00649477
1651655600.620230674,0,0,0.996879,0,0,0.00649477
1651655600.620230674,0,0,0.996879,0,0,0.00649477
1651655600.620230674,0,0,0.996879,0,0,0.00649477
1651655600.638574600,0,0,0.996948,0,0,0.00637867
1651655600.638574600,0,0,0.996948,0,0,0.00637867
1651655600.638574600,0,0,0.996948,0,0,0.00637867
1651655600.638574600,0,0,0.996948,0,0,0.00637867
1651655600.663599967,0,0,0.996975,0,0,0.00637867
1651655600.663599967,0,0,0.996975,0,0,0.00625982
1651655600.663599967,0,0,0.996975,0,0,0.00625982
1651655600.663599967,0,0,0.996975,0,0,0.00625982
1651655600.663599967,0,0,0.996975,0,0,0.00625982
1651655600.663599967,0,0,0.996975,0,0,0.00625982
1651655600.691536426,0,0,0.997059,0,0,0.00625982
1651655600.691536426,0,0,0.997059,0,0,0.00613923
1651655600.691536426,0,0,0.997059,0,0,0.00613923
1651655600.691536426,0,0,0.997059,0,0,0.00613923
1651655600.691536426,0,0,0.997059,0,0,0.00613923
1651655600.717662811,0,0,0.997132,0,0,0.00613923
1651655600.717662811,0,0,0.997132,0,0,0.00600953
1651655600.717662811,0,0,0.997132,0,0,0.00600953
1651655600.717662811,0,0,0.997132,0,0,0.00600953
1651655600.717662811,0,0,0.997132,0,0,0.00600953
1651655600.741262435,0,0,0.997196,0,0,0.00589731
1651655600.741262435,0,0,0.997196,0,0,0.00589731
1651655600.741262435,0,0,0.997196,0,0,0.00589731
1651655600.741262435,0,0,0.997196,0,0,0.00589731
1651655600.741262435,0,0,0.997196,0,0,0.00589731
1651655600.763923168,0,0,0.997281,0,0,0.00589731
1651655600.763923168,0,0,0.997281,0,0,0.00574495
1651655600.763923168,0,0,0.997281,0,0,0.00574495
1651655600.763923168,0,0,0.997281,0,0,0.00574495
1651655600.763923168,0,0,0.997281,0,0,0.00563414
1651655600.788859844,0,0,0.99733,0,0,0.00563414
1651655600.788859844,0,0,0.99733,0,0,0.00563414
1651655600.788859844,0,0,0.99733,0,0,0.00563414
1651655600.788859844,0,0,0.99733,0,0,0.00563414
1651655600.788859844,0,0,0.99733,0,0,0.00563414
1651655600.788859844,0,0,0.99733,0,0,0.00563414
1651655600.788859844,0,0,0.99733,0,0,0.00563414
1651655600.816466331,0,0,0.997397,0,0,0.00548536
1651655600.816466331,0,0,0.997397,0,0,0.00548536
1651655600.838333129,0,0,0.997466,0,0,0.00548536
1651655600.838333129,0,0,0.997466,0,0,0.00536429
1651655600.838333129,0,0,0.997466,0,0,0.00536429
1651655600.838333129,0,0,0.997466,0,0,0.00536429
1651655600.858699083,0,0,0.997506,0,0,0.00536429
1651655600.858699083,0,0,0.997506,0,0,0.00524219
1651655600.858699083,0,0,0.997506,0,0,0.00524219
1651655600.858699083,0,0,0.997506,0,0,0.00524219
1651655600.858699083,0,0,0.997506,0,0,0.00524219
1651655600.858699083,0,0,0.997506,0,0,0.00524219
1651655600.858699083,0,0,0.997506,0,0,0.00524219
1651655600.858699083,0,0,0.997506,0,0,0.0051289
1651655600.883722066,0,0,0.997574,0,0,0.0051289
1651655600.883722066,0,0,0.997574,0,0,0.0051289
1651655600.883722066,0,0,0.997574,0,0,0.0051289
1651655600.883722066,0,0,0.997574,0,0,0.0051289
1651655600.913182497,0,0,0.997611,0,0,0.00501938
1651655600.913182497,0,0,0.997611,0,0,0.00501938
1651655600.913182497,0,0,0.997611,0,0,0.00501938
1651655600.913182497,0,0,0.997611,0,0,0.00501938
1651655600.933943033,0,0,0.997689,0,0,0.00490267
1651655600.933943033,0,0,0.997689,0,0,0.00490267
1651655600.933943033,0,0,0.997689,0,0,0.00490267
1651655600.933943033,0,0,0.997689,0,0,0.00490267
1651655600.933943033,0,0,0.997689,0,0,0.00490267
1651655600.933943033,0,0,0.997689,0,0,0.00490267
1651655600.933943033,0,0,0.997689,0,0,0.00478038
1651655600.933943033,0,0,0.997689,0,0,0.00478038
1651655600.966432571,0,0,0.997748,0,0,0.00478038
1651655600.966432571,0,0,0.997748,0,0,0.00478038
1651655600.988068819,0,0,0.997793,0,0,0.00478038
1651655600.988068819,0,0,0.997793,0,0,0.00478038
1651655600.988068819,0,0,0.997793,0,0,0.00478038
1651655600.988068819,0,0,0.997793,0,0,0.00468143
1651655600.988068819,0,0,0.997793,0,0,0.00468143
1651655601.008702754,0,0,0.997857,0,0,0.00468143
1651655601.008702754,0,0,0.997857,0,0,0.00454961
1651655601.008702754,0,0,0.997857,0,0,0.00454961
1651655601.008702754,0,0,0.997857,0,0,0.00454961
1651655601.008702754,0,0,0.997857,0,0,0.00454961
1651655601.034196138,0,0,0.9979,0,0,0.00445618
1651655601.034196138,0,0,0.9979,0,0,0.00445618
1651655601.034196138,0,0,0.9979,0,0,0.00445618
1651655601.034196138,0,0,0.9979,0,0,0.00445618
1651655601.057326793,0,0,0.99794,0,0,0.00445618
1651655601.057326793,0,0,0.99794,0,0,0.0043476
1651655601.057326793,0,0,0.99794,0,0,0.0043476
1651655601.057326793,0,0,0.99794,0,0,0.0043476
1651655601.057326793,0,0,0.99794,0,0,0.0043476
1651655601.079721212,0,0,0.998002,0,0,0.00424645
1651655601.079721212,0,0,0.998002,0,0,0.00424645
1651655601.079721212,0,0,0.998002,0,0,0.00424645
1651655601.079721212,0,0,0.998002,0,0,0.00424645
1651655601.079721212,0,0,0.998002,0,0,0.00424645
1651655601.102935552,0,0,0.998049,0,0,0.00424645
1651655601.102935552,0,0,0.998049,0,0,0.00414285
1651655601.102935552,0,0,0.998049,0,0,0.00414285
1651655601.102935552,0,0,0.998049,0,0,0.00414285
1651655601.102935552,0,0,0.998049,0,0,0.00414285
1651655601.127580642,0,0,0.998074,0,0,0.00407176
1651655601.127580642,0,0,0.998074,0,0,0.00407176
1651655601.127580642,0,0,0.998074,0,0,0.00407176
1651655601.127580642,0,0,0.998074,0,0,0.00407176
1651655601.148747682,0,0,0.998136,0,0,0.00407176
1651655601.148747682,0,0,0.998136,0,0,0.00396062
1651655601.148747682,0,0,0.998136,0,0,0.00396062
1651655601.148747682,0,0,0.998136,0,0,0.00396062
1651655601.148747682,0,0,0.998136,0,0,0.00396062
1651655601.167020082,0,0,0.998154,0,0,0.00387185
1651655601.167020082,0,0,0.998154,0,0,0.00387185
1651655601.167020082,0,0,0.998154,0,0,0.00387185
1651655601.167020082,0,0,0.998154,0,0,0.00387185
1651655601.193337440,0,0,0.998169,0,0,0.00380793
1651655601.193337440,0,0,0.998169,0,0,0.00380793
1651655601.193337440,0,0,0.998169,0,0,0.00380793
1651655601.193337440,0,0,0.998169,0,0,0.00380793
1651655601.193337440,0,0,0.998169,0,0,0.00380793
1651655601.221314907,0,0,0.998225,0,0,0.00371523
1651655601.221314907,0,0,0.998225,0,0,0.00371523
1651655601.221314907,0,0,0.998225,0,0,0.00371523
1651655601.221314907,0,0,0.998225,0,0,0.00371523
1651655601.239827632,0,0,0.998267,0,0,0.00365013
1651655601.239827632,0,0,0.998267,0,0,0.00365013
1651655601.239827632,0,0,0.998267,0,0,0.00365013
1651655601.239827632,0,0,0.998267,0,0,0.00365013
1651655601.239827632,0,0,0.998267,0,0,0.00365013
1651655601.267220497,0,0,0.998305,0,0,0.00365013
1651655601.267220497,0,0,0.998305,0,0,0.00365013
1651655601.267220497,0,0,0.998305,0,0,0.00365013
1651655601.267220497,0,0,0.998305,0,0,0.00357075
1651655601.267220497,0,0,0.998305,0,0,0.00357075
1651655601.267220497,0,0,0.998305,0,0,0.00350464
1651655601.288830041,0,0,0.998342,0,0,0.00350464
1651655601.288830041,0,0,0.998342,0,0,0.00350464
1651655601.288830041,0,0,0.998342,0,0,0.00350464
1651655601.307005643,0,0,0.998384,0,0,0.00342532
1651655601.307005643,0,0,0.998384,0,0,0.00342532
1651655601.307005643,0,0,0.998384,0,0,0.00342532
1651655601.307005643,0,0,0.998384,0,0,0.00342532
1651655601.307005643,0,0,0.998384,0,0,0.00342532
1651655601.335723638,0,0,0.998404,0,0,0.00342532
1651655601.335723638,0,0,0.998404,0,0,0.00342532
1651655601.335723638,0,0,0.998404,0,0,0.00337554
1651655601.335723638,0,0,0.998404,0,0,0.00337554
1651655601.335723638,0,0,0.998404,0,0,0.00337554
1651655601.335723638,0,0,0.998404,0,0,0.00337554
1651655601.362044572,0,0,0.998451,0,0,0.00329252
1651655601.362044572,0,0,0.998451,0,0,0.00329252
1651655601.362044572,0,0,0.998451,0,0,0.00329252
1651655601.382580041,0,0,0.9985,0,0,0.00329252
1651655601.382580041,0,0,0.9985,0,0,0.00322286
1651655601.382580041,0,0,0.9985,0,0,0.00322286
1651655601.382580041,0,0,0.9985,0,0,0.00322286
1651655601.382580041,0,0,0.9985,0,0,0.00322286
1651655601.405074357,0,0,0.998536,0,0,0.00314292
1651655601.405074357,0,0,0.998536,0,0,0.00314292
1651655601.405074357,0,0,0.998536,0,0,0.00314292
1651655601.405074357,0,0,0.998536,0,0,0.00314292
1651655601.405074357,0,0,0.998536,0,0,0.00314292
1651655601.428191184,0,0,0.99857,0,0,0.00307763
1651655601.428191184,0,0,0.99857,0,0,0.00307763
1651655601.428191184,0,0,0.99857,0,0,0.00307763
1651655601.428191184,0,0,0.99857,0,0,0.00307763
1651655601.451056718,0,0,0.998591,0,0,0.00307763
1651655601.451056718,0,0,0.998591,0,0,0.00300921
1651655601.451056718,0,0,0.998591,0,0,0.00300921
1651655601.451056718,0,0,0.998591,0,0,0.00300921
1651655601.451056718,0,0,0.998591,0,0,0.00300921
1651655601.451056718,0,0,0.998591,0,0,0.00293269
1651655601.477619647,0,0,0.998642,0,0,0.00293269
1651655601.477619647,0,0,0.998642,0,0,0.00293269
1651655601.477619647,0,0,0.998642,0,0,0.00293269
1651655601.477619647,0,0,0.998642,0,0,0.00293269
1651655601.502040147,0,0,0.99867,0,0,0.00293269
1651655601.502040147,0,0,0.99867,0,0,0.00293269
1651655601.502040147,0,0,0.99867,0,0,0.00293269
1651655601.502040147,0,0,0.99867,0,0,0.00286109
1651655601.502040147,0,0,0.99867,0,0,0.00286109
1651655601.525704383,0,0,0.998708,0,0,0.00279125
1651655601.525704383,0,0,0.998708,0,0,0.00279125
1651655601.525704383,0,0,0.998708,0,0,0.00279125
1651655601.525704383,0,0,0.998708,0,0,0.00279125
1651655601.525704383,0,0,0.998708,0,0,0.00279125
1651655601.552463293,0,0,0.998739,0,0,0.00279125
1651655601.552463293,0,0,0.998739,0,0,0.00279125
1651655601.552463293,0,0,0.998739,0,0,0.00271342
1651655601.552463293,0,0,0.998739,0,0,0.00271342
1651655601.552463293,0,0,0.998739,0,0,0.00271342
1651655601.552463293,0,0,0.998739,0,0,0.00271342
1651655601.552463293,0,0,0.998739,0,0,0.00264377
1651655601.575462579,0,0,0.998776,0,0,0.00264377
1651655601.575462579,0,0,0.998776,0,0,0.00264377
1651655601.575462579,0,0,0.998776,0,0,0.00264377
1651655601.597362756,0,0,0.998798,0,0,0.00264377
1651655601.597362756,0,0,0.998798,0,0,0.00257617
1651655601.597362756,0,0,0.998798,0,0,0.00257617
1651655601.597362756,0,0,0.998798,0,0,0.00257617
1651655601.597362756,0,0,0.998798,0,0,0.00257617
1651655601.623855113,0,0,0.998811,0,0,0.00257617
1651655601.623855113,0,0,0.998811,0,0,0.00250607
1651655601.623855113,0,0,0.998811,0,0,0.00250607
1651655601.623855113,0,0,0.998811,0,0,0.00250607
1651655601.623855113,0,0,0.998811,0,0,0.00250607
1651655601.651511192,0,0,0.998842,0,0,0.00250607
1651655601.651511192,0,0,0.998842,0,0,0.00244198
1651655601.651511192,0,0,0.998842,0,0,0.00244198
1651655601.651511192,0,0,0.998842,0,0,0.00244198
1651655601.651511192,0,0,0.998842,0,0,0.00244198
1651655601.674301147,0,0,0.998875,0,0,0.00237342
1651655601.674301147,0,0,0.998875,0,0,0.00237342
1651655601.674301147,0,0,0.998875,0,0,0.00237342
1651655601.674301147,0,0,0.998875,0,0,0.00237342
1651655601.693965911,0,0,0.998896,0,0,0.00232315
1651655601.693965911,0,0,0.998896,0,0,0.00232315
1651655601.693965911,0,0,0.998896,0,0,0.00232315
1651655601.693965911,0,0,0.998896,0,0,0.00232315
1651655601.718125343,0,0,0.998916,0,0,0.00232315
1651655601.718125343,0,0,0.998916,0,0,0.00226774
1651655601.718125343,0,0,0.998916,0,0,0.00226774
1651655601.718125343,0,0,0.998916,0,0,0.00226774
1651655601.718125343,0,0,0.998916,0,0,0.00226774
1651655601.737109422,0,0,0.998933,0,0,0.00222881
1651655601.737109422,0,0,0.998933,0,0,0.00222881
1651655601.737109422,0,0,0.998933,0,0,0.00222881
1651655601.737109422,0,0,0.998933,0,0,0.00222881
1651655601.758542537,0,0,0.998953,0,0,0.00222881
1651655601.758542537,0,0,0.998953,0,0,0.00218402
1651655601.758542537,0,0,0.998953,0,0,0.00218402
1651655601.758542537,0,0,0.998953,0,0,0.00218402
1651655601.758542537,0,0,0.998953,0,0,0.00218402
1651655601.782352209,0,0,0.99898,0,0,0.00214634
1651655601.782352209,0,0,0.99898,0,0,0.00214634
1651655601.782352209,0,0,0.99898,0,0,0.00214634
1651655601.782352209,0,0,0.99898,0,0,0.00214634
1651655601.806030988,0,0,0.999002,0,0,0.00214634
1651655601.806030988,0,0,0.999002,0,0,0.00210457
1651655601.806030988,0,0,0.999002,0,0,0.00210457
1651655601.806030988,0,0,0.999002,0,0,0.00210457
1651655601.806030988,0,0,0.999002,0,0,0.00210457
1651655601.829581975,0,0,0.999021,0,0,0.00210457
1651655601.829581975,0,0,0.999021,0,0,0.00207083
1651655601.829581975,0,0,0.999021,0,0,0.00207083
1651655601.829581975,0,0,0.999021,0,0,0.00207083
1651655601.829581975,0,0,0.999021,0,0,0.00207083
1651655601.829581975,0,0,0.999021,0,0,0.00207083
1651655601.853000402,0,0,0.999047,0,0,0.00202528
1651655601.853000402,0,0,0.999047,0,0,0.00202528
1651655601.853000402,0,0,0.999047,0,0,0.00202528
1651655601.853000402,0,0,0.999047,0,0,0.00198905
1651655601.873657941,0,0,0.99907,0,0,0.00198905
1651655601.873657941,0,0,0.99907,0,0,0.00198905
1651655601.873657941,0,0,0.99907,0,0,0.00198905
1651655601.873657941,0,0,0.99907,0,0,0.0019432
1651655601.873657941,0,0,0.99907,0,0,0.0019432
1651655601.894966840,0,0,0.999091,0,0,0.0019432
1651655601.894966840,0,0,0.999091,0,0,0.0019432
1651655601.894966840,0,0,0.999091,0,0,0.0019432
1651655601.921210050,0,0,0.999109,0,0,0.0019432
1651655601.921210050,0,0,0.999109,0,0,0.0019432
1651655601.921210050,0,0,0.999109,0,0,0.00189225
1651655601.921210050,0,0,0.999109,0,0,0.00189225
1651655601.941957473,0,0,0.99912,0,0,0.00185796
1651655601.941957473,0,0,0.99912,0,0,0.00185796
1651655601.941957473,0,0,0.99912,0,0,0.00185796
1651655601.941957473,0,0,0.99912,0,0,0.00185796
1651655601.963615179,0,0,0.99914,0,0,0.00185796
1651655601.963615179,0,0,0.99914,0,0,0.00181342
1651655601.963615179,0,0,0.99914,0,0,0.00181342
1651655601.963615179,0,0,0.99914,0,0,0.00181342
1651655601.963615179,0,0,0.99914,0,0,0.00181342
1651655601.963615179,0,0,0.99914,0,0,0.00181342
1651655601.963615179,0,0,0.99914,0,0,0.00181342
1651655601.986099243,0,0,0.999163,0,0,0.00177743
1651655601.986099243,0,0,0.999163,0,0,0.00177743
1651655602.002235412,0,0,0.999177,0,0,0.00177743
1651655602.002235412,0,0,0.999177,0,0,0.00174201
1651655602.002235412,0,0,0.999177,0,0,0.00174201
1651655602.002235412,0,0,0.999177,0,0,0.00174201
1651655602.002235412,0,0,0.999177,0,0,0.00174201
1651655602.002235412,0,0,0.999177,0,0,0.00174201
1651655602.031462430,0,0,0.999184,0,0,0.00170546
1651655602.031462430,0,0,0.999184,0,0,0.00170546
1651655602.031462430,0,0,0.999184,0,0,0.00170546
1651655602.031462430,0,0,0.999184,0,0,0.00170546
1651655602.058610200,0,0,0.999199,0,0,0.00167357
1651655602.058610200,0,0,0.999199,0,0,0.00167357
1651655602.058610200,0,0,0.999199,0,0,0.00167357
1651655602.058610200,0,0,0.999199,0,0,0.00167357
1651655602.058610200,0,0,0.999199,0,0,0.00167357
1651655602.079725027,0,0,0.999233,0,0,0.00167357
1651655602.079725027,0,0,0.999233,0,0,0.00162692
1651655602.079725027,0,0,0.999233,0,0,0.00162692
1651655602.079725027,0,0,0.999233,0,0,0.00162692
1651655602.079725027,0,0,0.999233,0,0,0.00162692
1651655602.079725027,0,0,0.999233,0,0,0.00159773
1651655602.106506824,0,0,0.999245,0,0,0.00159773
1651655602.106506824,0,0,0.999245,0,0,0.00159773
1651655602.106506824,0,0,0.999245,0,0,0.00159773
1651655602.106506824,0,0,0.999245,0,0,0.00159773
1651655602.127933979,0,0,0.999271,0,0,0.00156454
1651655602.127933979,0,0,0.999271,0,0,0.00156454
1651655602.127933979,0,0,0.999271,0,0,0.00156454
1651655602.127933979,0,0,0.999271,0,0,0.00156454
1651655602.127933979,0,0,0.999271,0,0,0.00156454
1651655602.153639078,0,0,0.999287,0,0,0.00153029
1651655602.153639078,0,0,0.999287,0,0,0.00153029
1651655602.153639078,0,0,0.999287,0,0,0.00153029
1651655602.153639078,0,0,0.999287,0,0,0.00153029
1651655602.153639078,0,0,0.999287,0,0,0.00153029
1651655602.177724123,0,0,0.999304,0,0,0.0015003
1651655602.177724123,0,0,0.999304,0,0,0.0015003
1651655602.177724123,0,0,0.999304,0,0,0.0015003
1651655602.177724123,0,0,0.999304,0,0,0.0015003
1651655602.177724123,0,0,0.999304,0,0,0.0015003
1651655602.203539371,0,0,0.999323,0,0,0.0015003
1651655602.203539371,0,0,0.999323,0,0,0.00146102
1651655602.203539371,0,0,0.999323,0,0,0.00146102
1651655602.203539371,0,0,0.999323,0,0,0.00146102
1651655602.227520465,0,0,0.999345,0,0,0.001424
1651655602.227520465,0,0,0.999345,0,0,0.001424
1651655602.227520465,0,0,0.999345,0,0,0.001424
1651655602.227520465,0,0,0.999345,0,0,0.001424
1651655602.227520465,0,0,0.999345,0,0,0.001424
1651655602.247898817,0,0,0.999361,0,0,0.00138424
1651655602.247898817,0,0,0.999361,0,0,0.00138424
1651655602.247898817,0,0,0.999361,0,0,0.00138424
1651655602.247898817,0,0,0.999361,0,0,0.00138424
1651655602.247898817,0,0,0.999361,0,0,0.00138424
1651655602.267495155,0,0,0.999368,0,0,0.00134667
1651655602.267495155,0,0,0.999368,0,0,0.00134667
1651655602.288027763,0,0,0.999377,0,0,0.00134667
1651655602.288027763,0,0,0.999377,0,0,0.00131929
1651655602.288027763,0,0,0.999377,0,0,0.00131929
1651655602.288027763,0,0,0.999377,0,0,0.00131929
1651655602.288027763,0,0,0.999377,0,0,0.00131929
1651655602.310175180,0,0,0.999384,0,0,0.00131929
1651655602.310175180,0,0,0.999384,0,0,0.00129295
1651655602.310175180,0,0,0.999384,0,0,0.00129295
1651655602.310175180,0,0,0.999384,0,0,0.00129295
1651655602.310175180,0,0,0.999384,0,0,0.00129295
1651655602.332644462,0,0,0.9994,0,0,0.00126865
1651655602.332644462,0,0,0.9994,0,0,0.00126865
1651655602.332644462,0,0,0.9994,0,0,0.00126865
1651655602.332644462,0,0,0.9994,0,0,0.00126865
1651655602.332644462,0,0,0.9994,0,0,0.00126865
1651655602.360046148,0,0,0.999417,0,0,0.00123964
1651655602.360046148,0,0,0.999417,0,0,0.00123964
1651655602.360046148,0,0,0.999417,0,0,0.00123964
1651655602.360046148,0,0,0.999417,0,0,0.00123964
1651655602.360046148,0,0,0.999417,0,0,0.00123964
1651655602.360046148,0,0,0.999417,0,0,0.00123964
1651655602.386940002,0,0,0.999435,0,0,0.00123964
1651655602.386940002,0,0,0.999435,0,0,0.00121197
1651655602.386940002,0,0,0.999435,0,0,0.00121197
1651655602.386940002,0,0,0.999435,0,0,0.00121197
1651655602.386940002,0,0,0.999435,0,0,0.00121197
1651655602.386940002,0,0,0.999435,0,0,0.00121197
1651655602.418049573,0,0,0.999446,0,0,0.00121197
1651655602.418049573,0,0,0.999446,0,0,0.00118136
1651655602.418049573,0,0,0.999446,0,0,0.00118136
1651655602.418049573,0,0,0.999446,0,0,0.00118136
1651655602.418049573,0,0,0.999446,0,0,0.00118136
1651655602.440915822,0,0,0.999468,0,0,0.00114556
1651655602.440915822,0,0,0.999468,0,0,0.00114556
1651655602.440915822,0,0,0.999468,0,0,0.00114556
1651655602.462043046,0,0,0.999478,0,0,0.00114556
1651655602.462043046,0,0,0.999478,0,0,0.00111449
1651655602.462043046,0,0,0.999478,0,0,0.00111449
1651655602.462043046,0,0,0.999478,0,0,0.00111449
1651655602.462043046,0,0,0.999478,0,0,0.00111449
1651655602.483479022,0,0,0.999485,0,0,0.00109187
1651655602.483479022,0,0,0.999485,0,0,0.00109187
1651655602.483479022,0,0,0.999485,0,0,0.00109187
1651655602.483479022,0,0,0.999485,0,0,0.00109187
1651655602.503976106,0,0,0.999497,0,0,0.00106247
1651655602.503976106,0,0,0.999497,0,0,0.00106247
1651655602.503976106,0,0,0.999497,0,0,0.00106247
1651655602.503976106,0,0,0.999497,0,0,0.00106247
1651655602.526861906,0,0,0.999509,0,0,0.0010408
1651655602.526861906,0,0,0.999509,0,0,0.0010408
1651655602.526861906,0,0,0.999509,0,0,0.0010408
1651655602.526861906,0,0,0.999509,0,0,0.0010408
1651655602.547512769,0,0,0.999517,0,0,0.0010408
1651655602.547512769,0,0,0.999517,0,0,0.0010408
1651655602.547512769,0,0,0.999517,0,0,0.0010195
1651655602.547512769,0,0,0.999517,0,0,0.0010195
1651655602.569111585,0,0,0.999521,0,0,0.0010195
1651655602.569111585,0,0,0.999521,0,0,0.000997065
1651655602.569111585,0,0,0.999521,0,0,0.000997065
1651655602.569111585,0,0,0.999521,0,0,0.000997065
1651655602.569111585,0,0,0.999521,0,0,0.000997065
1651655602.569111585,0,0,0.999521,0,0,0.000997065
1651655602.594045400,0,0,0.999532,0,0,0.000977989
1651655602.594045400,0,0,0.999532,0,0,0.000977989
1651655602.594045400,0,0,0.999532,0,0,0.000977989
1651655602.594045400,0,0,0.999532,0,0,0.000977989
1651655602.594045400,0,0,0.999532,0,0,0.000977989
1651655602.618223190,0,0,0.99954,0,0,0.000958345
1651655602.618223190,0,0,0.99954,0,0,0.000958345
1651655602.618223190,0,0,0.99954,0,0,0.000958345
1651655602.618223190,0,0,0.99954,0,0,0.000958345
1651655602.638595581,0,0,0.999553,0,0,0.000940326
1651655602.638595581,0,0,0.999553,0,0,0.000940326
1651655602.638595581,0,0,0.999553,0,0,0.000940326
1651655602.638595581,0,0,0.999553,0,0,0.000940326
1651655602.638595581,0,0,0.999553,0,0,0.000940326
1651655602.667844295,0,0,0.999562,0,0,0.000940326
1651655602.667844295,0,0,0.999562,0,0,0.000920589
1651655602.667844295,0,0,0.999562,0,0,0.000920589
1651655602.667844295,0,0,0.999562,0,0,0.000920589
1651655602.687463998,0,0,0.999576,0,0,0.000920589
1651655602.687463998,0,0,0.999576,0,0,0.000920589
1651655602.687463998,0,0,0.999576,0,0,0.00090058
1651655602.687463998,0,0,0.999576,0,0,0.00090058
1651655602.687463998,0,0,0.999576,0,0,0.00090058
1651655602.708492755,0,0,0.999582,0,0,0.00090058
1651655602.708492755,0,0,0.999582,0,0,0.00090058
1651655602.708492755,0,0,0.999582,0,0,0.000881828
1651655602.708492755,0,0,0.999582,0,0,0.000881828
1651655602.708492755,0,0,0.999582,0,0,0.000881828
1651655602.708492755,0,0,0.999582,0,0,0.000881828
1651655602.739033699,0,0,0.999589,0,0,0.00086638
1651655602.739033699,0,0,0.999589,0,0,0.00086638
1651655602.739033699,0,0,0.999589,0,0,0.00086638
1651655602.739033699,0,0,0.999589,0,0,0.00086638
1651655602.739033699,0,0,0.999589,0,0,0.00086638
1651655602.739033699,0,0,0.999589,0,0,0.00086638
1651655602.761183738,0,0,0.999601,0,0,0.000844861
1651655602.761183738,0,0,0.999601,0,0,0.000844861
1651655602.761183738,0,0,0.999601,0,0,0.000844861
1651655602.783080816,0,0,0.999613,0,0,0.000826319
1651655602.783080816,0,0,0.999613,0,0,0.000826319
1651655602.783080816,0,0,0.999613,0,0,0.000826319
1651655602.783080816,0,0,0.999613,0,0,0.000826319
1651655602.783080816,0,0,0.999613,0,0,0.000826319
1651655602.806464195,0,0,0.99962,0,0,0.000807237
1651655602.806464195,0,0,0.99962,0,0,0.000807237
1651655602.806464195,0,0,0.99962,0,0,0.000807237
1651655602.806464195,0,0,0.99962,0,0,0.000807237
1651655602.831956624,0,0,0.999629,0,0,0.000807237
1651655602.831956624,0,0,0.999629,0,0,0.000789646
1651655602.831956624,0,0,0.999629,0,0,0.000789646
1651655602.831956624,0,0,0.999629,0,0,0.000789646
1651655602.831956624,0,0,0.999629,0,0,0.000789646
1651655602.831956624,0,0,0.999629,0,0,0.00076925
1651655602.858093738,0,0,0.999638,0,0,0.00076925
1651655602.858093738,0,0,0.999638,0,0,0.00076925
1651655602.858093738,0,0,0.999638,0,0,0.00076925
1651655602.879023790,0,0,0.999644,0,0,0.00076925
1651655602.879023790,0,0,0.999644,0,0,0.000748803
1651655602.879023790,0,0,0.999644,0,0,0.000748803
1651655602.879023790,0,0,0.999644,0,0,0.000748803
1651655602.879023790,0,0,0.999644,0,0,0.000748803
1651655602.903011798,0,0,0.99965,0,0,0.000748803
1651655602.903011798,0,0,0.99965,0,0,0.000732679
1651655602.903011798,0,0,0.99965,0,0,0.000732679
1651655602.903011798,0,0,0.99965,0,0,0.000732679
1651655602.903011798,0,0,0.99965,0,0,0.000732679
1651655602.903011798,0,0,0.99965,0,0,0.000718841
1651655602.928030967,0,0,0.999661,0,0,0.000718841
1651655602.928030967,0,0,0.999661,0,0,0.000718841
1651655602.928030967,0,0,0.999661,0,0,0.000718841
1651655602.928030967,0,0,0.999661,0,0,0.000718841
1651655602.950906991,0,0,0.999668,0,0,0.000704372
1651655602.950906991,0,0,0.999668,0,0,0.000704372
1651655602.950906991,0,0,0.999668,0,0,0.000704372
1651655602.950906991,0,0,0.999668,0,0,0.000704372
1651655602.972901105,0,0,0.999674,0,0,0.000704372
1651655602.972901105,0,0,0.999674,0,0,0.00068695
1651655602.972901105,0,0,0.999674,0,0,0.00068695
1651655602.972901105,0,0,0.999674,0,0,0.00068695
1651655602.972901105,0,0,0.999674,0,0,0.00068695
1651655602.992939949,0,0,0.99968,0,0,0.00068695
1651655602.992939949,0,0,0.99968,0,0,0.000672896
1651655602.992939949,0,0,0.99968,0,0,0.000672896
1651655602.992939949,0,0,0.99968,0,0,0.000672896
1651655602.992939949,0,0,0.99968,0,0,0.000672896
1651655603.020668983,0,0,0.999685,0,0,0.000672896
1651655603.020668983,0,0,0.999685,0,0,0.000659138
1651655603.020668983,0,0,0.999685,0,0,0.000659138
1651655603.020668983,0,0,0.999685,0,0,0.000659138
1651655603.020668983,0,0,0.999685,0,0,0.000659138
1651655603.044049501,0,0,0.999693,0,0,0.000646495
1651655603.044049501,0,0,0.999693,0,0,0.000646495
1651655603.044049501,0,0,0.999693,0,0,0.000646495
1651655603.044049501,0,0,0.999693,0,0,0.000646495
1651655603.044049501,0,0,0.999693,0,0,0.000646495
1651655603.070215940,0,0,0.999702,0,0,0.000630314
1651655603.070215940,0,0,0.999702,0,0,0.000630314
1651655603.070215940,0,0,0.999702,0,0,0.000630314
1651655603.070215940,0,0,0.999702,0,0,0.000630314
1651655603.070215940,0,0,0.999702,0,0,0.000630314
1651655603.070215940,0,0,0.999702,0,0,0.000630314
1651655603.097572565,0,0,0.999711,0,0,0.000616482
1651655603.097572565,0,0,0.999711,0,0,0.000616482
1651655603.097572565,0,0,0.999711,0,0,0.000616482
1651655603.097572565,0,0,0.999711,0,0,0.000616482
1651655603.123111724,0,0,0.999715,0,0,0.000616482
1651655603.123111724,0,0,0.999715,0,0,0.000602008
1651655603.123111724,0,0,0.999715,0,0,0.000602008
1651655603.123111724,0,0,0.999715,0,0,0.000602008
1651655603.123111724,0,0,0.999715,0,0,0.000602008
1651655603.144998311,0,0,0.999724,0,0,0.000602008
1651655603.144998311,0,0,0.999724,0,0,0.000602008
1651655603.144998311,0,0,0.999724,0,0,0.0005865
1651655603.164805412,0,0,0.999729,0,0,0.0005865
1651655603.164805412,0,0,0.999729,0,0,0.000572386
1651655603.164805412,0,0,0.999729,0,0,0.000572386
1651655603.164805412,0,0,0.999729,0,0,0.000572386
1651655603.164805412,0,0,0.999729,0,0,0.000572386
1651655603.164805412,0,0,0.999729,0,0,0.000572386
1651655603.188470125,0,0,0.999735,0,0,0.00056076
1651655603.188470125,0,0,0.999735,0,0,0.00056076
1651655603.188470125,0,0,0.999735,0,0,0.00056076
1651655603.188470125,0,0,0.999735,0,0,0.00056076
1651655603.188470125,0,0,0.999735,0,0,0.00056076
1651655603.213809251,0,0,0.99974,0,0,0.000548152
1651655603.213809251,0,0,0.99974,0,0,0.000548152
1651655603.213809251,0,0,0.99974,0,0,0.000548152
1651655603.213809251,0,0,0.99974,0,0,0.000537649
1651655603.213809251,0,0,0.99974,0,0,0.000537649
1651655603.234674692,0,0,0.999746,0,0,0.000537649
1651655603.234674692,0,0,0.999746,0,0,0.000525793
1651655603.249733686,0,0,0.999752,0,0,0.000525793
1651655603.258549451,0,0,0.999755,0,0,0.000513869
1651655603.258549451,0,0,0.999755,0,0,0.000513869
1651655603.265996456,0,0,0.999755,0,0,0.000508698
1651655603.274066686,0,0,0.999756,0,0,0.000508698
1651655603.274066686,0,0,0.999756,0,0,0.000503975
1651655603.281759500,0,0,0.999755,0,0,0.000500515
1651655603.281759500,0,0,0.999755,0,0,0.000500515
1651655603.291302204,0,0,0.999754,0,0,0.000497371
1651655603.291302204,0,0,0.999754,0,0,0.000497371
1651655603.302700281,0,0,0.999755,0,0,0.000494379
1651655603.310786485,0,0,0.999756,0,0,0.000494379
1651655603.310786485,0,0,0.999756,0,0,0.000491505
1651655603.310786485,0,0,0.999756,0,0,0.000491505
1651655603.310786485,0,0,0.999756,0,0,0.000491505
1651655603.310786485,0,0,0.999756,0,0,0.000491505
1651655603.310786485,0,0,0.999756,0,0,0.000491505
1651655603.310786485,0,0,0.999756,0,0,0.000491505
1651655603.310786485,0,0,0.999756,0,0,0.000491505
1651655603.310786485,0,0,0.999756,0,0,0.000491505
1651655603.310786485,0,0,0.999756,0,0,0.000491505
1651655603.310786485,0,0,0.999756,0,0,0.000491505
1651655603.310786485,0,0,0.999756,0,0,0.000491505
1651655603.310786485,0,0,0.999756,0,0,0.000491505
1651655603.310786485,0,0,0.999756,0,0,0.000491505
1651655603.310786485,0,0,0.999756,0,0,0.000491505
1651655603.310786485,0,0,0.999756,0,0,0.000491505
1651655603.310786485,0,0,0.999756,0,0,0.000491505
1651655603.310786485,0,0,0.999756,0,0,0.000491505
1651655603.310786485,0,0,0.999756,0,0,0.000491505
1651655603.310786485,0,0,0.999756,0,0,0.000491505
1651655603.310786485,0,0,0.999756,0,0,0.000491505
1651655603.310786485,0,0,0.999756,0,0,0.000491505
1651655603.310786485,0,0,0.999756,0,0,0.000491505
1651655603.310786485,0,0,0.999756,0,0,0.000491505
1651655603.310786485,0,0,0.999756,0,0,0.000491505
1651655603.310786485,0,0,0.999756,0,0,0.000491505
1651655603.310786485,0,0,0.999756,0,0,0.000491505
1651655603.310786485,0,0,0.999756,0,0,0.000491505
1651655603.310786485,0,0,0.999756,0,0,0.000491505
1651655603.310786485,0,0,0.999756,0,0,0.000491505
1651655603.310786485,0,0,0.999756,0,0,0.000491505
1651655603.310786485,0,0,0.999756,0,0,0.000491505
1651655603.310786485,0,0,0.999756,0,0,0.000491505
1651655603.310786485,0,0,0.999756,0,0,0.000491505
1651655603.310786485,0,0,0.999756,0,0,0.000491505
1651655603.310786485,0,0,0.999756,0,0,0.000491505
1651655603.310786485,0,0,0.999756,0,0,0.000491505
1651655603.310786485,0,0,0.999756,0,0,0.000491505
1651655603.310786485,0,0,0.999756,0,0,0.000491505
1651655603.310786485,0,0,0.999756,0,0,0.000491505
1651655603.310786485,0,0,0.999756,0,0,0.000491505
1651655603.310786485,0,0,0.999756,0,0,0.000491505
1651655603.310786485,0,0,0.999756,0,0,0.000491505
1651655603.310786485,0,0,0.999756,0,0,0.000491505
1651655603.310786485,0,0,0.999756,0,0,0.000491505
1651655603.310786485,0,0,0.999756,0,0,0.000491505
1651655603.310786485,0,0,0.999756,0,0,0.000491505
1651655603.310786485,0,0,0.999756,0,0,0.000491505
1651655603.310786485,0,0,0.999756,0,0,0.000491505
1651655603.310786485,0,0,0.999756,0,0,0.000491505
1651655603.310786485,0,0,0.999756,0,0,0.000491505
1651655603.310786485,0,0,0.999756,0,0,0.000491505
1651655603.310786485,0,0,0.999756,0,0,0.000491505
1651655603.310786485,0,0,0.999756,0,0,0.000491505
1651655603.310786485,0,0,0.999756,0,0,0.000491505
1651655603.310786485,0,0,0.999756,0,0,0.000491505
1651655603.310786485,0,0,0.999756,0,0,0.000491505
1651655603.310786485,0,0,0.999756,0,0,0.000491505
1651655603.310786485,0,0,0.999756,0,0,0.000491505
1651655603.310786485,0,0,0.999756,0,0,0.000491505
1651655603.310786485,0,0,0.999756,0,0,0.000491505
1651655603.310786485,0,0,0.999756,0,0,0.000491505
1651655603.310786485,0,0,0.999756,0,0,0.000491505
1651655603.310786485,0,0,0.999756,0,0,0.000491505
1651655603.310786485,0,0,0.999756,0,0,0.000491505
1651655603.310786485,0,0,0.999756,0,0,0.000491505
1651655603.310786485,0,0,0.999756,0,0,0.000491505
1651655603.310786485,0,0,0.999756,0,0,0.000491505
1651655603.310786485,0,0,0.999756,0,0,0.000491505
1651655603.310786485,0,0,0.999756,0,0,0.000491505
1651655603.310786485,0,0,0.999756,0,0,0.000491505
1651655603.310786485,0,0,0.999756,0,0,0.000491505
1651655603.310786485,0,0,0.999756,0,0,0.000491505
1651655603.310786485,0,0,0.999756,0,0,0.000491505
1651655603.310786485,0,0,0.999756,0,0,0.000491505
1651655603.310786485,0,0,0.999756,0,0,0.000491505
1651655603.310786485,0,0,0.999756,0,0,0.000491505
1651655603.310786485,0,0,0.999756,0,0,0.000491505
1651655603.310786485,0,0,0.999756,0,0,0.000491505
1651655603.310786485,0,0,0.999756,0,0,0.000491505
1651655603.310786485,0,0,0.999756,0,0,0.000491505
1651655603.310786485,0,0,0.999756,0,0,0.000491505
1651655603.310786485,0,0,0.999756,0,0,0.000491505
1651655603.310786485,0,0,0.999756,0,0,0.000491505
1651655603.310786485,0,0,0.999756,0,0,0.000491505
1651655603.310786485,0,0,0.999756,0,0,0.000491505
1651655603.310786485,0,0,0.999756,0,0,0.000491505
1651655603.310786485,0,0,0.999756,0,0,0.000491505
1651655603.310786485,0,0,0.999756,0,0,0.000491505
1651655603.310786485,0,0,0.999756,0,0,0.000491505
1651655603.310786485,0,0,0.999756,0,0,0.000491505
1651655603.310786485,0,0,0.999756,0,0,0.000491505
1651655603.310786485,0,0,0.999756,0,0,0.000491505
1651655603.310786485,0,0,0.999756,0,0,0.000491505
1651655603.310786485,0,0,0.999756,0,0,0.000491505
1651655603.310786485,0,0,0.999756,0,0,0.000491505
1651655603.310786485,0,0,0.999756,0,0,0.000491505
1651655603.310786485,0,0,0.999756,0,0,0.000491505
1651655603.310786485,0,0,0.999756,0,0,0.000491505
1651655603.310786485,0,0,0.999756,0,0,0.000491505
1651655603.310786485,0,0,0.999756,0,0,0.000491505
1651655603.310786485,0,0,0.999756,0,0,0.000491505
1651655603.310786485,0,0,0.999756,0,0,0.000491505
1651655603.310786485,0,0,0.999756,0,0,0.000491505
1651655603.310786485,0,0,0.999756,0,0,0.000491505
1651655603.310786485,0,0,0.999756,0,0,0.000491505
1651655603.310786485,0,0,0.999756,0,0,0.000491505
1651655603.310786485,0,0,0.999756,0,0,0.000491505
1651655603.310786485,0,0,0.999756,0,0,0.000491505
1651655603.310786485,0,0,0.999756,0,0,0.000491505
1651655603.310786485,0,0,0.999756,0,0,0.000491505
1651655603.310786485,0,0,0.999756,0,0,0.000491505
1651655603.310786485,0,0,0.999756,0,0,0.000491505
1651655603.310786485,0,0,0.999756,0,0,0.000491505
1651655603.310786485,0,0,0.999756,0,0,0.000491505
1651655603.310786485,0,0,0.999756,0,0,0.000491505
1651655603.310786485,0,0,0.999756,0,0,0.000491505
1651655603.310786485,0,0,0.999756,0,0,0.000491505
1651655603.310786485,0,0,0.999756,0,0,0.000491505
1651655603.310786485,0,0,0.999756,0,0,0.000491505
1651655603.310786485,0,0,0.999756,0,0,0.000491505
1651655603.310786485,0,0,0.999756,0,0,0.000491505
1651655603.310786485,0,0,0.999756,0,0,0.000491505
1651655603.310786485,0,0,0.999756,0,0,0.000491505
1651655603.310786485,0,0,0.999756,0,0,0.000491505
1651655603.310786485,0,0,0.999756,0,0,0.000491505
1651655603.310786485,0,0,0.999756,0,0,0.000491505
1651655603.310786485,0,0,0.999756,0,0,0.000491505
1651655603.310786485,0,0,0.999756,0,0,0.000491505
1651655603.310786485,0,0,0.999756,0,0,0.000491505
1651655603.310786485,0,0,0.999756,0,0,0.000491505
1651655603.310786485,0,0,0.999756,0,0,0.000491505
1651655603.310786485,0,0,0.999756,0,0,0.000491505
1651655603.310786485,0,0,0.999756,0,0,0.000491505
1651655603.310786485,0,0,0.999756,0,0,0.000491505
1651655603.310786485,0,0,0.999756,0,0,0.000491505
1651655603.310786485,0,0,0.999756,0,0,0.000491505
1651655603.310786485,0,0,0.999756,0,0,0.000491505
1651655603.310786485,0,0,0.999756,0,0,0.000491505
1651655603.310786485,0,0,0.999756,0,0,0.000491505
1651655603.310786485,0,0,0.999756,0,0,0.000491505
1651655603.310786485,0,0,0.999756,0,0,0.000491505
1651655603.310786485,0,0,0.999756,0,0,0.000491505
1651655603.310786485,0,0,0.999756,0,0,0.000491505
1651655603.310786485,0,0,0.999756,0,0,0.000491505
1651655603.310786485,0,0,0.999756,0,0,0.000491505
1651655603.310786485,0,0,0.999756,0,0,0.000491505
1651655603.310786485,0,0,0.999756,0,0,0.000491505
1651655603.310786485,0,0,0.999756,0,0,0.000491505
1651655603.310786485,0,0,0.999756,0,0,0.000491505
1651655603.310786485,0,0,0.999756,0,0,0.000491505
1651655603.310786485,0,0,0.999756,0,0,0.000491505
1651655603.310786485,0,0,0.999756,0,0,0.000491505
1651655603.310786485,0,0,0.999756,0,0,0.000491505
1651655603.310786485,0,0,0.999756,0,0,0.000491505
1651655603.310786485,0,0,0.999756,0,0,0.000491505
1651655603.310786485,0,0,0.999756,0,0,0.000491505
1651655603.310786485,0,0,0.999756,0,0,0.000491505
1651655603.310786485,0,0,0.999756,0,0,0.000491505
1651655603.310786485,0,0,0.999756,0,0,0.000491505
1651655603.310786485,0,0,0.999756,0,0,0.000491505
1651655603.310786485,0,0,0.999756,0,0,0.000491505
1651655603.310786485,0,0,0.999756,0,0,0.000491505
1651655603.310786485,0,0,0.999756,0,0,0.000491505
1651655603.310786485,0,0,0.999756,0,0,0.000491505
1651655603.310786485,0,0,0.999756,0,0,0.000491505
1651655603.310786485,0,0,0.999756,0,0,0.000491505
1651655603.310786485,0,0,0.999756,0,0,0.000491505
1651655603.310786485,0,0,0.999756,0,0,0.000491505
1651655603.310786485,0,0,0.999756,0,0,0.000491505
1651655603.310786485,0,0,0.999756,0,0,0.000491505
1651655603.310786485,0,0,0.999756,0,0,0.000491505
1651655603.310786485,0,0,0.999756,0,0,0.000491505
1651655603.310786485,0,0,0.999756,0,0,0.000491505
1651655603.310786485,0,0,0.999756,0,0,0.000491505
1651655603.310786485,0,0,0.999756,0,0,0.000491505
1651655603.310786485,0,0,0.999756,0,0,0.000491505
1651655603.310786485,0,0,0.999756,0,0,0.000491505
1651655603.310786485,0,0,0.999756,0,0,0.000491505
1651655603.310786485,0,0,0.999756,0,0,0.000491505
1651655603.310786485,0,0,0.999756,0,0,0.000491505
1651655603.310786485,0,0,0.999756,0,0,0.000491505
1651655603.310786485,0,0,0.999756,0,0,0.000491505
1651655603.310786485,0,0,0.999756,0,0,0.000491505
1651655603.310786485,0,0,0.999756,0,0,0.000491505
1651655603.310786485,0,0,0.999756,0,0,0.000491505
1651655603.310786485,0,0,0.999756,0,0,0.000491505
1651655603.310786485,0,0,0.999756,0,0,0.000491505
1651655603.310786485,0,0,0.999756,0,0,0.000491505
1651655603.310786485,0,0,0.999756,0,0,0.000491505
1651655603.310786485,0,0,0.999756,0,0,0.000491505
1651655603.310786485,0,0,0.999756,0,0,0.000491505
1651655603.310786485,0,0,0.999756,0,0,0.000491505
1651655603.310786485,0,0,0.999756,0,0,0.000491505
1651655603.310786485,0,0,0.999756,0,0,0.000491505
1651655603.310786485,0,0,0.999756,0,0,0.000491505
1651655603.310786485,0,0,0.999756,0,0,0.000491505
1651655603.310786485,0,0,0.999756,0,0,0.000491505
1651655603.310786485,0,0,0.999756,0,0,0.000491505
1651655603.310786485,0,0,0.999756,0,0,0.000491505
1651655603.310786485,0,0,0.999756,0,0,0.000491505
1651655603.310786485,0,0,0.999756,0,0,0.000491505
1651655603.310786485,0,0,0.999756,0,0,0.000491505
1651655603.310786485,0,0,0.999756,0,0,0.000491505
1651655603.310786485,0,0,0.999756,0,0,0.000491505
1651655603.310786485,0,0,0.999756,0,0,0.000491505
1651655603.310786485,0,0,0.999756,0,0,0.000491505
1651655603.310786485,0,0,0.999756,0,0,0.000491505
1651655603.310786485,0,0,0.999756,0,0,0.000491505
1651655603.310786485,0,0,0.999756,0,0,0.000491505
1651655603.310786485,0,0,0.999756,0,0,0.000491505
1651655603.310786485,0,0,0.999756,0,0,0.000491505
1651655603.310786485,0,0,0.999756,0,0,0.000491505
1651655603.310786485,0,0,0.999756,0,0,0.000491505
1651655603.310786485,0,0,0.999756,0,0,0.000491505
1651655603.310786485,0,0,0.999756,0,0,0.000491505
1651655603.310786485,0,0,0.999756,0,0,0.000491505
1651655603.310786485,0,0,0.999756,0,0,0.000491505
1651655603.310786485,0,0,0.999756,0,0,0.000491505
1651655603.310786485,0,0,0.999756,0,0,0.000491505
1651655603.310786485,0,0,0.999756,0,0,0.000491505
1651655603.310786485,0,0,0.999756,0,0,0.000491505
1651655603.310786485,0,0,0.999756,0,0,0.000491505
1651655603.310786485,0,0,0.999756,0,0,0.000491505
1651655603.310786485,0,0,0.999756,0,0,0.000491505
1651655603.310786485,0,0,0.999756,0,0,0.000491505
1651655603.310786485,0,0,0.999756,0,0,0.000491505
1651655603.310786485,0,0,0.999756,0,0,0.000491505
1651655603.310786485,0,0,0.999756,0,0,0.000491505
1651655603.310786485,0,0,0.999756,0,0,0.000491505
1651655603.310786485,0,0,0.999756,0,0,0.000491505
1651655603.310786485,0,0,0.999756,0,0,0.000491505
1651655603.310786485,0,0,0.999756,0,0,0.000491505
1651655603.310786485,0,0,0.999756,0,0,0.000491505
1651655603.310786485,0,0,0.999756,0,0,0.000491505
1651655603.310786485,0,0,0.999756,0,0,0.000491505
1651655603.310786485,0,0,0.999756,0,0,0.000491505
1651655603.310786485,0,0,0.999756,0,0,0.000491505
1651655603.310786485,0,0,0.999756,0,0,0.000491505
1651655603.310786485,0,0,0.999756,0,0,0.000491505
1651655603.310786485,0,0,0.999756,0,0,0.000491505
1651655603.310786485,0,0,0.999756,0,0,0.000491505
1651655603.310786485,0,0,0.999756,0,0,0.000491505
1651655603.310786485,0,0,0.999756,0,0,0.000491505
1651655603.310786485,0,0,0.999756,0,0,0.000491505
1651655603.310786485,0,0,0.999756,0,0,0.000491505
1651655603.310786485,0,0,0.999756,0,0,0.000491505
1651655603.310786485,0,0,0.999756,0,0,0.000491505
1651655603.310786485,0,0,0.999756,0,0,0.000491505
1651655603.310786485,0,0,0.999756,0,0,0.000491505
1651655603.310786485,0,0,0.999756,0,0,0.000491505
1651655603.310786485,0,0,0.999756,0,0,0.000491505
1651655603.310786485,0,0,0.999756,0,0,0.000491505
1651655603.310786485,0,0,0.999756,0,0,0.000491505
1651655603.310786485,0,0,0.999756,0,0,0.000491505
1651655603.310786485,0,0,0.999756,0,0,0.000491505
1651655603.310786485,0,0,0.999756,0,0,0.000491505
1651655603.310786485,0,0,0.999756,0,0,0.000491505
1651655603.310786485,0,0,0.999756,0,0,0.000491505
1651655603.310786485,0,0,0.999756,0,0,0.000491505
1651655603.310786485,0,0,0.999756,0,0,0.000491505
1651655603.310786485,0,0,0.999756,0,0,0.000491505
1651655603.310786485,0,0,0.999756,0,0,0.000491505
1651655603.310786485,0,0,0.999756,0,0,0.000491505
1651655603.310786485,0,0,0.999756,0,0,0.000491505
1651655603.310786485,0,0,0.999756,0,0,0.000491505
1651655603.310786485,0,0,0.999756,0,0,0.000491505
1651655603.310786485,0,0,0.999756,0,0,0.000491505
1651655603.310786485,0,0,0.999756,0,0,0.000491505
1651655603.310786485,0,0,0.999756,0,0,0.000491505
1651655603.310786485,0,0,0.999756,0,0,0.000491505
1651655603.310786485,0,0,0.999756,0,0,0.000491505
1651655603.310786485,0,0,0.999756,0,0,0.000491505
1651655603.310786485,0,0,0.999756,0,0,0.000491505
1651655603.310786485,0,0,0.999756,0,0,0.000491505
1651655603.310786485,0,0,0.999756,0,0,0.000491505
1651655603.310786485,0,0,0.999756,0,0,0.000491505
1651655603.310786485,0,0,0.999756,0,0,0.000491505
1651655603.310786485,0,0,0.999756,0,0,0.000491505
1651655603.310786485,0,0,0.999756,0,0,0.000491505
1651655603.310786485,0,0,0.999756,0,0,0.000491505
1651655603.310786485,0,0,0.999756,0,0,0.000491505
1651655603.310786485,0,0,0.999756,0,0,0.000491505
1651655603.310786485,0,0,0.999756,0,0,0.000491505
1651655603.310786485,0,0,0.999756,0,0,0.000491505
1651655603.310786485,0,0,0.999756,0,0,0.000491505
1651655603.310786485,0,0,0.999756,0,0,0.000491505
1651655603.310786485,0,0,0.999756,0,0,0.000491505
1651655603.310786485,0,0,0.999756,0,0,0.000491505
1651655603.310786485,0,0,0.999756,0,0,0.000491505
1651655603.310786485,0,0,0.999756,0,0,0.000491505
1651655603.310786485,0,0,0.999756,0,0,0.000491505
1651655603.310786485,0,0,0.999756,0,0,0.000491505
1651655603.310786485,0,0,0.999756,0,0,0.000491505
1651655603.310786485,0,0,0.999756,0,0,0.000491505
1651655603.310786485,0,0,0.999756,0,0,0.000491505
1651655603.310786485,0,0,0.999756,0,0,0.000491505
1651655603.310786485,0,0,0.999756,0,0,0.000491505
1651655603.310786485,0,0,0.999756,0,0,0.000491505
1651655603.310786485,0,0,0.999756,0,0,0.000491505
1651655603.310786485,0,0,0.999756,0,0,0.000491505
1651655603.310786485,0,0,0.999756,0,0,0.000491505
1651655603.310786485,0,0,0.999756,0,0,0.000491505
1651655603.310786485,0,0,0.999756,0,0,0.000491505
1651655603.310786485,0,0,0.999756,0,0,0.000491505
1651655603.310786485,0,0,0.999756,0,0,0.000491505
1651655603.310786485,0,0,0.999756,0,0,0.000491505
1651655603.310786485,0,0,0.999756,0,0,0.000491505
1651655603.310786485,0,0,0.999756,0,0,0.000491505
1651655603.310786485,0,0,0.999756,0,0,0.000491505
1651655603.310786485,0,0,0.999756,0,0,0.000491505
1651655603.310786485,0,0,0.999756,0,0,0.000491505
1651655603.310786485,0,0,0.999756,0,0,0.000491505
1651655603.310786485,0,0,0.999756,0,0,0.000491505
1651655603.310786485,0,0,0.999756,0,0,0.000491505
1651655603.310786485,0,0,0.999756,0,0,0.000491505
1651655603.310786485,0,0,0.999756,0,0,0.000491505
1651655603.310786485,0,0,0.999756,0,0,0.000491505
1651655603.310786485,0,0,0.999756,0,0,0.000491505
1651655603.310786485,0,0,0.999756,0,0,0.000491505
1651655603.310786485,0,0,0.999756,0,0,0.000491505
1651655603.310786485,0,0,0.999756,0,0,0.000491505
1651655603.310786485,0,0,0.999756,0,0,0.000491505
1651655603.310786485,0,0,0.999756,0,0,0.000491505
1651655603.310786485,0,0,0.999756,0,0,0.000491505
1651655603.310786485,0,0,0.999756,0,0,0.000491505
1651655603.310786485,0,0,0.999756,0,0,0.000491505
1651655603.310786485,0,0,0.999756,0,0,0.000491505
1651655603.310786485,0,0,0.999756,0,0,0.000491505
1651655603.310786485,0,0,0.999756,0,0,0.000491505
1651655603.310786485,0,0,0.999756,0,0,0.000491505
1651655603.310786485,0,0,0.999756,0,0,0.000491505
1651655603.310786485,0,0,0.999756,0,0,0.000491505
1651655603.310786485,0,0,0.999756,0,0,0.000491505
1651655603.310786485,0,0,0.999756,0,0,0.000491505
1651655603.310786485,0,0,0.999756,0,0,0.000491505
1651655603.310786485,0,0,0.999756,0,0,0.000491505
1651655603.310786485,0,0,0.999756,0,0,0.000491505
1651655603.310786485,0,0,0.999756,0,0,0.000491505
1651655603.310786485,0,0,0.999756,0,0,0.000491505
1651655603.310786485,0,0,0.999756,0,0,0.000491505
1651655603.310786485,0,0,0.999756,0,0,0.000491505
1651655603.310786485,0,0,0.999756,0,0,0.000491505
1651655603.310786485,0,0,0.999756,0,0,0.000491505
1651655603.310786485,0,0,0.999756,0,0,0.000491505
1651655603.310786485,0,0,0.999756,0,0,0.000491505
1651655603.310786485,0,0,0.999756,0,0,0.000491505
1651655603.310786485,0,0,0.999756,0,0,0.000491505
1651655603.310786485,0,0,0.999756,0,0,0.000491505
1651655603.310786485,0,0,0.999756,0,0,0.000491505
1651655603.310786485,0,0,0.999756,0,0,0.000491505
1651655603.310786485,0,0,0.999756,0,0,0.000491505
1651655603.310786485,0,0,0.999756,0,0,0.000491505
1651655603.310786485,0,0,0.999756,0,0,0.000491505
1651655603.310786485,0,0,0.999756,0,0,0.000491505
1651655603.310786485,0,0,0.999756,0,0,0.000491505
1651655603.310786485,0,0,0.999756,0,0,0.000491505
1651655603.310786485,0,0,0.999756,0,0,0.000491505
1651655603.310786485,0,0,0.999756,0,0,0.000491505
1651655603.310786485,0,0,0.999756,0,0,0.000491505
1651655603.310786485,0,0,0.999756,0,0,0.000491505
1651655603.310786485,0,0,0.999756,0,0,0.000491505
1651655603.310786485,0,0,0.999756,0,0,0.000491505
1651655603.310786485,0,0,0.999756,0,0,0.000491505
1651655603.310786485,0,0,0.999756,0,0,0.000491505
1651655603.310786485,0,0,0.999756,0,0,0.000491505
1651655603.310786485,0,0,0.999756,0,0,0.000491505
1651655603.310786485,0,0,0.999756,0,0,0.000491505
1651655603.310786485,0,0,0.999756,0,0,0.000491505
1651655603.310786485,0,0,0.999756,0,0,0.000491505
1651655603.310786485,0,0,0.999756,0,0,0.000491505
1651655603.310786485,0,0,0.999756,0,0,0.000491505
1651655603.310786485,0,0,0.999756,0,0,0.000491505
1651655603.310786485,0,0,0.999756,0,0,0.000491505
1651655603.310786485,0,0,0.999756,0,0,0.000491505
1651655603.310786485,0,0,0.999756,0,0,0.000491505
1651655603.310786485,0,0,0.999756,0,0,0.000491505
1651655603.310786485,0,0,0.999756,0,0,0.000491505
1651655603.310786485,0,0,0.999756,0,0,0.000491505
1651655603.310786485,0,0,0.999756,0,0,0.000491505
1651655603.310786485,0,0,0.999756,0,0,0.000491505
1651655603.310786485,0,0,0.999756,0,0,0.000491505
1651655603.310786485,0,0,0.999756,0,0,0.000491505
1651655603.310786485,0,0,0.999756,0,0,0.000491505
1651655603.310786485,0,0,0.999756,0,0,0.000491505
1651655603.310786485,0,0,0.999756,0,0,0.000491505
1651655603.310786485,0,0,0.999756,0,0,0.000491505
1651655603.310786485,0,0,0.999756,0,0,0.000491505
1651655603.310786485,0,0,0.999756,0,0,0.000491505
1651655603.310786485,0,0,0.999756,0,0,0.000491505
1651655603.310786485,0,0,0.999756,0,0,0.000491505
1651655603.310786485,0,0,0.999756,0,0,0.000491505
1651655603.310786485,0,0,0.999756,0,0,0.000491505
1651655603.310786485,0,0,0.999756,0,0,0.000491505
1651655603.310786485,0,0,0.999756,0,0,0.000491505
1651655603.310786485,0,0,0.999756,0,0,0.000491505
1651655603.310786485,0,0,0.999756,0,0,0.000491505
1651655603.310786485,0,0,0.999756,0,0,0.000491505
1651655603.310786485,0,0,0.999756,0,0,0.000491505
1651655603.310786485,0,0,0.999756,0,0,0.000491505
1651655603.310786485,0,0,0.999756,0,0,0.000491505
1651655603.310786485,0,0,0.999756,0,0,0.000491505
1651655603.310786485,0,0,0.999756,0,0,0.000491505
1651655603.310786485,0,0,0.999756,0,0,0.000491505
1651655603.310786485,0,0,0.999756,0,0,0.000491505
1651655603.310786485,0,0,0.999756,0,0,0.000491505
1651655603.310786485,0,0,0.999756,0,0,0.000491505
1651655603.310786485,0,0,0.999756,0,0,0.000491505
1651655603.310786485,0,0,0.999756,0,0,0.000491505
1651655603.310786485,0,0,0.999756,0,0,0.000491505
1651655603.310786485,0,0,0.999756,0,0,0.000491505
1651655603.310786485,0,0,0.999756,0,0,0.000491505
1651655603.310786485,0,0,0.999756,0,0,0.000491505
1651655603.310786485,0,0,0.999756,0,0,0.000491505
1651655603.310786485,0,0,0.999756,0,0,0.000491505
1651655603.310786485,0,0,0.999756,0,0,0.000491505
1651655603.310786485,0,0,0.999756,0,0,0.000491505
1651655603.310786485,0,0,0.999756,0,0,0.000491505
1651655603.310786485,0,0,0.999756,0,0,0.000491505
1651655603.310786485,0,0,0.999756,0,0,0.000491505
1651655603.310786485,0,0,0.999756,0,0,0.000491505
1651655603.310786485,0,0,0.999756,0,0,0.000491505
1651655603.310786485,0,0,0.999756,0,0,0.000491505
1651655603.310786485,0,0,0.999756,0,0,0.000491505
1651655603.310786485,0,0,0.999756,0,0,0.000491505
1651655603.310786485,0,0,0.999756,0,0,0.000491505
1651655603.310786485,0,0,0.999756,0,0,0.000491505
1651655603.310786485,0,0,0.999756,0,0,0.000491505
1651655603.310786485,0,0,0.999756,0,0,0.000491505
1651655603.310786485,0,0,0.999756,0,0,0.000491505
1651655603.310786485,0,0,0.999756,0,0,0.000491505
1651655603.310786485,0,0,0.999756,0,0,0.000491505
1651655603.310786485,0,0,0.999756,0,0,0.000491505
1651655603.310786485,0,0,0.999756,0,0,0.000491505
