1654012998.4391782, 0.0, 0.0, 0.0, 0.0, 0.0, 0.0
1654012998.4639184, 0.0, 0.0, 0.0, 0.0, 0.0, 0.0
1654012998.4812996, 0.0, 0.0, 0.0, 0.0, 0.0, 0.0
1654012998.490185, 0.0, 0.0, 0.0, 0.0, 0.0, 0.0
1654012998.4988875, 0.0, 0.0, 0.0, 0.0, 0.0, 0.0
1654012998.507618, 0.0, 0.0, 0.0, 0.0, 0.0, 0.0
1654012998.5164137, 0.0, 0.0, 0.0, 0.0, 0.0, 0.0
1654012998.5250597, 0.0, 0.0, 0.0, 0.0, 0.0, 0.0
1654012998.534755, 0.0, 0.0, 0.0, 0.0, 0.0, 0.0
1654012998.5439878, 0.0, 0.0, 0.0, 0.0, 0.0, 0.0
1654012998.5540311, 0.0, 0.0, 0.0, 0.0, 0.0, 0.0
1654012998.564133, 0.0, 0.0, 0.0, 0.0, 0.0, 0.0
1654012998.5739484, 0.0, 0.0, 0.0, 0.0, 0.0, 0.0
1654012998.5847008, 0.0, 0.0, 0.0, 0.0, 0.0, 0.0
1654012998.6010306, 0.0, 0.0, 0.0, 0.0, 0.0, 0.0
1654012998.6130757, 0.0, 0.0, 0.0, 0.0, 0.0, 0.0
1654012998.6409357, 0.0, 0.0, 0.0, 0.0, 0.0, 0.0
1654012998.671392, 0.0, 0.0, 0.0, 0.0, 0.0, 0.0
1654012998.714373, 0.0, 0.0, 0.003080402282691028, 0.0, 0.0, 0.07305831377348844
1654012998.745858, 0.0, 0.0, 0.019604945411445654, 0.0, 0.0, 0.5357586795843425
1654012998.7631333, 0.0, 0.0, 0.026083576590593134, 0.0, 0.0, 0.34674921099996153
1654012998.794036, 0.0, 0.0, 0.06477021225662663, 0.0, 0.0, 1.2689724776772262
1654012998.8168, 0.0, 0.0, 0.08224044464318118, 0.0, 0.0, 0.7619447595363925
1654012998.8455782, 0.0, 0.0, 0.1355914276836952, 0.0, 0.0, 1.858371603916222
1654012998.863153, 0.0, 0.0, 0.15981360105632267, 0.0, 0.0, 1.3866238830799922
1654012998.889555, 0.0, 0.0, 0.21201218697730262, 0.0, 0.0, 2.0866419919627717
1654012998.9053302, 0.0, 0.0, 0.2412782054395581, 0.0, 0.0, 1.7339366646463923
1654012998.9319918, 0.0, 0.0, 0.30471735685604157, 0.0, 0.0, 2.3877659512434244
1654012998.9459178, 0.0, 0.0, 0.332778500836171, 0.0, 0.0, 2.012395589379216
1654012998.9695563, 0.0, 0.0, 0.3672823172665943, 0.0, 0.0, 1.4692185385873269
1654012998.9876885, 0.0, 0.0, 0.4007650849909493, 0.0, 0.0, 1.861052816651422
1654012999.0130658, 0.0, 0.0, 0.4434347407474127, 0.0, 0.0, 1.675462073975896
1654012999.0270455, 0.0, 0.0, 0.4634391406826462, 0.0, 0.0, 1.44029756528967
1654012999.0474193, 0.0, 0.0, 0.4995889766208716, 0.0, 0.0, 1.7886656852746001
1654012999.072621, 0.0, 0.0, 0.5372811105315927, 0.0, 0.0, 1.5101855873894103
1654012999.1018703, 0.0, 0.0, 0.5919072870419988, 0.0, 0.0, 1.8650440023305217
1654012999.125288, 0.0, 0.0, 0.6221625720127097, 0.0, 0.0, 1.3141120959933823
1654012999.161551, 0.0, 0.0, 0.6809804402214685, 0.0, 0.0, 1.6103975396852952
1654012999.1857376, 0.0, 0.0, 0.7141058210455287, 0.0, 0.0, 1.373243561076141
1654012999.207659, 0.0, 0.0, 0.7375334090317771, 0.0, 0.0, 1.077698852805216
1654012999.2325351, 0.0, 0.0, 0.7657634416912186, 0.0, 0.0, 1.1361531713328643
1654012999.2593408, 0.0, 0.0, 0.7881038971246965, 0.0, 0.0, 0.8340913966090606
1654012999.281805, 0.0, 0.0, 0.8079302132332669, 0.0, 0.0, 0.886938682133164
1654012999.3055663, 0.0, 0.0, 0.824637226043862, 0.0, 0.0, 0.7049089183024729
1654012999.3294184, 0.0, 0.0, 0.8373838593164818, 0.0, 0.0, 0.536720391541921
1654012999.3628976, 0.0, 0.0, 0.8585686332324112, 0.0, 0.0, 0.6338437206168838
1654012999.3871217, 0.0, 0.0, 0.87236353905457, 0.0, 0.0, 0.5749036561857661
1654012999.4116273, 0.0, 0.0, 0.8830454406746578, 0.0, 0.0, 0.4378898969148622
1654012999.4348536, 0.0, 0.0, 0.8938550922850256, 0.0, 0.0, 0.4842147616033915
1654012999.4617674, 0.0, 0.0, 0.9040568729031989, 0.0, 0.0, 0.3716096890376308
1654012999.4912276, 0.0, 0.0, 0.9161909603497986, 0.0, 0.0, 0.4385716878247489
1654012999.5223105, 0.0, 0.0, 0.9249480267810104, 0.0, 0.0, 0.2769176160730519
1654012999.5488653, 0.0, 0.0, 0.9348598180694547, 0.0, 0.0, 0.37852539719279443
1654012999.56924, 0.0, 0.0, 0.9408805122391924, 0.0, 0.0, 0.2933895069117436
1654012999.6007802, 0.0, 0.0, 0.9527625170583832, 0.0, 0.0, 0.3794020854863973
1654012999.623443, 0.0, 0.0, 0.9585785429104883, 0.0, 0.0, 0.25533217320243495
1654012999.643272, 0.0, 0.0, 0.9647264127579442, 0.0, 0.0, 0.31151207572953804
1654012999.6631534, 0.0, 0.0, 0.9701729684853609, 0.0, 0.0, 0.27462955740628414
1654012999.6866968, 0.0, 0.0, 0.9780563309485297, 0.0, 0.0, 0.3359057531057607
1654012999.7121065, 0.0, 0.0, 0.9844865674411849, 0.0, 0.0, 0.2626079983066494
1654012999.7317414, 0.0, 0.0, 0.9904956675247647, 0.0, 0.0, 0.30137141152155533
1654012999.750087, 0.0, 0.0, 0.995500275617868, 0.0, 0.0, 0.26314213041664214
1654012999.7571852, 0.0, 0.0, 0.9972127641565574, 0.0, 0.0, 0.24584808077008086
1654012999.7654228, 0.0, 0.0, 0.9990821593106627, 0.0, 0.0, 0.22530420311038576
1654012999.7726645, 0.0, 0.0, 1.000584330460682, 0.0, 0.0, 0.20795308149748132
1654012999.7814226, 0.0, 0.0, 1.0024441961414996, 0.0, 0.0, 0.21953177420261777
1654012999.7912488, 0.0, 0.0, 1.004630517312581, 0.0, 0.0, 0.22111001454321816
1654012999.8010197, 0.0, 0.0, 1.0067063143285102, 0.0, 0.0, 0.21354697522996166
1654012999.8108633, 0.0, 0.0, 1.0086845830947258, 0.0, 0.0, 0.200673807662103
1654012999.821026, 0.0, 0.0, 1.0105333793166444, 0.0, 0.0, 0.18484894848102265
1654012999.8310635, 0.0, 0.0, 1.0124832123657024, 0.0, 0.0, 0.19497419375362474
1654012999.8410914, 0.0, 0.0, 1.014409495533522, 0.0, 0.0, 0.19325512942615838
1654012999.8542206, 0.0, 0.0, 1.0167073838136707, 0.0, 0.0, 0.18223150380949646
1654012999.8726177, 0.0, 0.0, 1.019593552787201, 0.0, 0.0, 0.1574388096027378
1654012999.8997679, 0.0, 0.0, 1.024016775155361, 0.0, 0.0, 0.16368459416335362
1654012999.9330063, 0.0, 0.0, 1.0285137497299053, 0.0, 0.0, 0.135359564002363
1654012999.9559515, 0.0, 0.0, 1.030811263591282, 0.0, 0.0, 0.100726158449126
1654012999.9811065, 0.0, 0.0, 1.032831470364812, 0.0, 0.0, 0.08025688449339749
1654013000.010098, 0.0, 0.0, 1.0344828801735897, 0.0, 0.0, 0.05701163660947614
1654013000.0362978, 0.0, 0.0, 1.03546177193247, 0.0, 0.0, 0.0377236775743631
1654013000.062706, 0.0, 0.0, 1.036202504639095, 0.0, 0.0, 0.02816938811816694
1654013000.0895755, 0.0, 0.0, 1.036443830010169, 0.0, 0.0, 0.009048253885870855
1654013000.1126537, 0.0, 0.0, 1.0366273576998872, 0.0, 0.0, 0.007922062027578395
1654013000.1387122, 0.0, 0.0, 1.0364510285501307, 0.0, 0.0, -0.006992455734626046
1654013000.1625664, 0.0, 0.0, 1.0363246939195978, 0.0, 0.0, -0.005128490023256721
1654013000.190742, 0.0, 0.0, 1.0358532852991214, 0.0, 0.0, -0.01676855870429108
1654013000.212739, 0.0, 0.0, 1.0356023732086606, 0.0, 0.0, -0.011554187175226417
1654013000.244832, 0.0, 0.0, 1.0349947177028038, 0.0, 0.0, -0.018972798538248827
1654013000.2664917, 0.0, 0.0, 1.034728273729974, 0.0, 0.0, -0.01229357044184835
1654013000.2944558, 0.0, 0.0, 1.0343100889939267, 0.0, 0.0, -0.015005765443342808
1654013000.3186567, 0.0, 0.0, 1.0340511584450076, 0.0, 0.0, -0.010679319898263182
1654013000.3443599, 0.0, 0.0, 1.0337539014375345, 0.0, 0.0, -0.011754482982510637
1654013000.3707242, 0.0, 0.0, 1.0335256352423097, 0.0, 0.0, -0.008576937619896474
1654013000.4000244, 0.0, 0.0, 1.0332632591631776, 0.0, 0.0, -0.009111257695271298
1654013000.4225893, 0.0, 0.0, 1.0331110103900472, 0.0, 0.0, -0.006640368094087192
1654013000.44618, 0.0, 0.0, 1.0329344083784322, 0.0, 0.0, -0.007513313219907921
1654013000.4697778, 0.0, 0.0, 1.032796060743298, 0.0, 0.0, -0.005912274847255288
1654013000.4911213, 0.0, 0.0, 1.032622061690735, 0.0, 0.0, -0.008166654605449563
1654013000.5199816, 0.0, 0.0, 1.0324327629958958, 0.0, 0.0, -0.006624584056790441
1654013000.5437233, 0.0, 0.0, 1.0321616549946846, 0.0, 0.0, -0.011378034340066952
1654013000.5626802, 0.0, 0.0, 1.0319819977784852, 0.0, 0.0, -0.009505234630081912
1654013000.5905988, 0.0, 0.0, 1.0314958309952769, 0.0, 0.0, -0.01760938257550434
1654013000.6122298, 0.0, 0.0, 1.0312200935895643, 0.0, 0.0, -0.01273609417478646
1654013000.6389096, 0.0, 0.0, 1.0306125998793745, 0.0, 0.0, -0.02266996422136358
1654013000.6579738, 0.0, 0.0, 1.0302802841101586, 0.0, 0.0, -0.01756984482843865
1654013000.6892552, 0.0, 0.0, 1.0293300876120761, 0.0, 0.0, -0.030398634473843257
1654013000.7118325, 0.0, 0.0, 1.0288917942326452, 0.0, 0.0, -0.019604522448528186
1654013000.7498991, 0.0, 0.0, 1.0274714545439505, 0.0, 0.0, -0.03725127991377628
1654013000.78007, 0.0, 0.0, 1.0264708166948218, 0.0, 0.0, -0.03355623782232569
1654013000.8013718, 0.0, 0.0, 1.0259260738800506, 0.0, 0.0, -0.025523547967619797
1654013000.822431, 0.0, 0.0, 1.0255090757012042, 0.0, 0.0, -0.01976469205722743
1654013000.8470714, 0.0, 0.0, 1.024781576598191, 0.0, 0.0, -0.031163278330850322
1654013000.8759575, 0.0, 0.0, 1.0240802106622595, 0.0, 0.0, -0.02341517384259913
1654013000.9073658, 0.0, 0.0, 1.0229253122467599, 0.0, 0.0, -0.036706108676593956
1654013000.9353523, 0.0, 0.0, 1.0223916963778579, 0.0, 0.0, -0.024014196987145284
1654013000.9596057, 0.0, 0.0, 1.0213832797771725, 0.0, 0.0, -0.03395473710258697
1654013000.9811056, 0.0, 0.0, 1.0208685493583138, 0.0, 0.0, -0.02392172692233351
1654013001.0139093, 0.0, 0.0, 1.0197718634748048, 0.0, 0.0, -0.03350963427974198
1654013001.030726, 0.0, 0.0, 1.0193585461624055, 0.0, 0.0, -0.024627842432494045
1654013001.0543547, 0.0, 0.0, 1.018681873728727, 0.0, 0.0, -0.028803088132041688
1654013001.0733578, 0.0, 0.0, 1.0182290676300254, 0.0, 0.0, -0.023872273099896615
1654013001.0944252, 0.0, 0.0, 1.0176340955424077, 0.0, 0.0, -0.02848314527505593
1654013001.1103625, 0.0, 0.0, 1.0172325463888463, 0.0, 0.0, -0.025279467173680455
1654013001.1368701, 0.0, 0.0, 1.0164212761107991, 0.0, 0.0, -0.03053569083308976
1654013001.1540756, 0.0, 0.0, 1.0159979535832386, 0.0, 0.0, -0.0247800950516036
1654013001.1693463, 0.0, 0.0, 1.0156839184214763, 0.0, 0.0, -0.020565184472903404
1654013001.204545, 0.0, 0.0, 1.014785713708352, 0.0, 0.0, -0.026352800270541522
1654013001.223795, 0.0, 0.0, 1.014426566086782, 0.0, 0.0, -0.01791170399216941
1654013001.2513545, 0.0, 0.0, 1.0138150469433578, 0.0, 0.0, -0.02216679073659355
1654013001.274148, 0.0, 0.0, 1.0134464669054455, 0.0, 0.0, -0.01626035222390561
1654013001.2998626, 0.0, 0.0, 1.0129084700301614, 0.0, 0.0, -0.021081114032057306
1654013001.3237197, 0.0, 0.0, 1.012532479706197, 0.0, 0.0, -0.0158989587636381
1654013001.355235, 0.0, 0.0, 1.0118436823117847, 0.0, 0.0, -0.021778818922849406
1654013001.3845522, 0.0, 0.0, 1.0114872097957763, 0.0, 0.0, -0.012561786696663337
1654013001.4126437, 0.0, 0.0, 1.0109264826377935, 0.0, 0.0, -0.019432042978072286
1654013001.4346128, 0.0, 0.0, 1.0104690262691798, 0.0, 0.0, -0.020841962597241446
1654013001.4591537, 0.0, 0.0, 1.0100632804698924, 0.0, 0.0, -0.01654743768714929
1654013001.4810932, 0.0, 0.0, 1.009781817190871, 0.0, 0.0, -0.012945681167785474
1654013001.508131, 0.0, 0.0, 1.009306425921657, 0.0, 0.0, -0.017771419549450433
1654013001.533071, 0.0, 0.0, 1.0088051440937873, 0.0, 0.0, -0.019899000338461113
1654013001.5597386, 0.0, 0.0, 1.0084182274288767, 0.0, 0.0, -0.014549584587468618
1654013001.580985, 0.0, 0.0, 1.0080585597461333, 0.0, 0.0, -0.017219381796195456
1654013001.602555, 0.0, 0.0, 1.0077430932652154, 0.0, 0.0, -0.014557362203691958
1654013001.6293042, 0.0, 0.0, 1.007282176090675, 0.0, 0.0, -0.01733804549553724
1654013001.655264, 0.0, 0.0, 1.0069612588185357, 0.0, 0.0, -0.012391708921704134
1654013001.6777198, 0.0, 0.0, 1.0067445191091713, 0.0, 0.0, -0.009667587229438186
1654013001.7022974, 0.0, 0.0, 1.0064487387050511, 0.0, 0.0, -0.012534786930878018
1654013001.736063, 0.0, 0.0, 1.00593051439101, 0.0, 0.0, -0.015127152673016208
1654013001.7565641, 0.0, 0.0, 1.0057181369826365, 0.0, 0.0, -0.010252939841749402
1654013001.7897003, 0.0, 0.0, 1.005325082978734, 0.0, 0.0, -0.01186623561901124
1654013001.8134892, 0.0, 0.0, 1.0051410640550182, 0.0, 0.0, -0.007765527485269177
1654013001.8364685, 0.0, 0.0, 1.004928746381107, 0.0, 0.0, -0.009342280574862307
1654013001.8642519, 0.0, 0.0, 1.0047306047090157, 0.0, 0.0, -0.0071695573330609105
1654013001.8947713, 0.0, 0.0, 1.0044491654666439, 0.0, 0.0, -0.009200206849541629
1654013001.920588, 0.0, 0.0, 1.004296716999864, 0.0, 0.0, -0.005917661996158445
1654013001.944721, 0.0, 0.0, 1.0041173439026958, 0.0, 0.0, -0.0075707703038482635
1654013001.9706547, 0.0, 0.0, 1.0039655766203475, 0.0, 0.0, -0.0057837897802357355
1654013001.9980526, 0.0, 0.0, 1.003760906635494, 0.0, 0.0, -0.007492652097816221
1654013002.022207, 0.0, 0.0, 1.0036313531380778, 0.0, 0.0, -0.005382731574314401
1654013002.0520444, 0.0, 0.0, 1.0034186258551148, 0.0, 0.0, -0.007179122597950903
1654013002.071991, 0.0, 0.0, 1.0033140940288812, 0.0, 0.0, -0.005267727852592843
1654013002.095059, 0.0, 0.0, 1.0031654761321502, 0.0, 0.0, -0.006424089111234595
1654013002.1186986, 0.0, 0.0, 1.003045053408974, 0.0, 0.0, -0.005111414239686005
1654013002.142757, 0.0, 0.0, 1.0028896331631758, 0.0, 0.0, -0.006472262022386449
1654013002.1701307, 0.0, 0.0, 1.0027581389401528, 0.0, 0.0, -0.004846073206886088
1654013002.1913927, 0.0, 0.0, 1.0026298680549421, 0.0, 0.0, -0.006019120939355895
1654013002.2194638, 0.0, 0.0, 1.0024984553433822, 0.0, 0.0, -0.004848692890792531
1654013002.2405117, 0.0, 0.0, 1.0023711722994686, 0.0, 0.0, -0.005865990333142435
1654013002.2703705, 0.0, 0.0, 1.0022353171241511, 0.0, 0.0, -0.004522579688357524
1654013002.2997873, 0.0, 0.0, 1.002069420742139, 0.0, 0.0, -0.005746208326388346
1654013002.320012, 0.0, 0.0, 1.0019823710726872, 0.0, 0.0, -0.0042540549801388956
1654013002.3488076, 0.0, 0.0, 1.0018354419140956, 0.0, 0.0, -0.005128665353964829
1654013002.3744848, 0.0, 0.0, 1.001745452015656, 0.0, 0.0, -0.0035056050579524408
1654013002.4015985, 0.0, 0.0, 1.001625165819688, 0.0, 0.0, -0.0044464929219270085
1654013002.4224455, 0.0, 0.0, 1.0015546489002258, 0.0, 0.0, -0.0033845539132097914
1654013002.4484835, 0.0, 0.0, 1.001452359831677, 0.0, 0.0, -0.003973874840183712
1654013002.468706, 0.0, 0.0, 1.001389001471693, 0.0, 0.0, -0.0031326310277374637
1654013002.4947984, 2.1913756366144974e-06, 0.0, 1.0014161315200887, 8.422027597407529e-05, 0.0, 0.0010426784549823521
1654013002.5224884, 3.747210873914489e-06, 0.0, 1.0014316565230228, 5.639704741332397e-05, 0.0, 0.0005627615994159962
1654013002.5530179, 0.00015476122405407432, 0.0, 1.0023905758617826, 0.004927562038381207, 0.0, 0.03128937793279963
1654013002.5768492, 0.0002174272384679242, 0.0, 1.002789339716311, 0.002650989580425911, 0.0, 0.016869092973171528
1654013002.5993369, 0.0006589695452616923, 0.0, 1.0038714654726812, 0.01974458040379471, 0.0, 0.04838974357591293
1654013002.6175425, 0.0009486654932605007, 0.0, 1.0045690766652107, 0.01821835030324903, 0.0, 0.04387125594528437
1654013002.6453555, 0.0027582068227945474, 0.0, 1.00676040141641, 0.0674783861289861, 0.0, 0.08171521439275532
1654013002.666448, 0.003885950372128, 0.0, 1.0081603427159191, 0.04683591219137462, 0.0, 0.05814045916346778
1654013002.6881282, 0.006329930303282905, 0.0, 1.0098310289656163, 0.11380162086640995, 0.0, 0.07779392979095501
1654013002.7139604, 0.008922224522966763, 0.0, 1.0114874777306178, 0.09983078250343745, 0.0, 0.06379082093818447
1654013002.73996, 0.01452920554576912, 0.0, 1.0133317634575636, 0.2169400205882018, 0.0, 0.07135736360566616
1654013002.7684681, 0.01875503214278022, 0.0, 1.014754353493652, 0.14897083854419718, 0.0, 0.05014981701582866
1654013002.8032248, 0.03150453209634261, 0.0, 1.0162051159630539, 0.3659632269831138, 0.0, 0.041642865745482684
1654013002.8270903, 0.035933331043183483, 0.0, 1.0169141855237898, 0.1893666191401152, 0.0, 0.03031840168483767
1654013002.8502157, 0.044373223156652916, 0.0, 1.0172276123584527, 0.36035132997163244, 0.0, 0.013382135126979083
1654013002.8725145, 0.05073710348110729, 0.0, 1.0174353358976642, 0.29812858754836585, 0.0, 0.009731220919993124
1654013002.8936512, 0.06122448571865148, 0.0, 1.017213508803768, 0.47770709457494076, 0.0, -0.010104368671124965
1654013002.93222, 0.09268084194132359, 0.0, 1.0155532228556738, 0.8234258299330868, 0.0, -0.043460924878203806
1654013002.9557166, 0.10244373919882303, 0.0, 1.0151536739299882, 0.4147235486060842, 0.0, -0.016972661284002922
1654013002.9810674, 0.11792848800650364, 0.0, 1.0144347367580866, 0.6106751402208662, 0.0, -0.028352869246622524
1654013003.002439, 0.12808031771687783, 0.0, 1.0139639837517138, 0.47631142638336943, 0.0, -0.022087154959912036
1654013003.0300453, 0.14661835744259102, 0.0, 1.0133461567837145, 0.6716146751694512, 0.0, -0.02238325435500062
1654013003.0501478, 0.15680231001320558, 0.0, 1.0129973458354653, 0.5082892213187071, 0.0, -0.01740943352236526
1654013003.0769756, 0.16627314842063964, 0.0, 1.0126686452226858, 0.3574835800544851, 0.0, -0.012407040091639971
1654013003.095877, 0.17569921227674987, 0.0, 1.0125154535714533, 0.5001932836874352, 0.0, -0.008129102055021426
1654013003.1214802, 0.18723317781291351, 0.0, 1.0123842517228006, 0.45150502850496826, 0.0, -0.005135986771431766
1654013003.1384583, 0.19619403357212506, 0.0, 1.0123882521253402, 0.5316061266518257, 0.0, 0.00023732538011314325
1654013003.1633706, 0.20821836855741338, 0.0, 1.012458171941623, 0.48066443961052896, 0.0, 0.002794996093533418
1654013003.1834319, 0.21809198659284015, 0.0, 1.0125477299809569, 0.5274729419765467, 0.0, 0.004784410569215429
1654013003.196067, 0.2249569892488942, 0.0, 1.0126142954550565, 0.47997046390788917, 0.0, 0.004653961998941994
1654013003.2029572, 0.2280607503658178, 0.0, 1.0126448577359493, 0.4513127983275143, 0.0, 0.004444010989676572
1654013003.2100563, 0.23104363539213194, 0.0, 1.0126746117910672, 0.4211224409239434, 0.0, 0.00420066486242858
1654013003.218092, 0.2341097854910781, 0.0, 1.012705562543099, 0.38751214706391973, 0.0, 0.003911678158608972
1654013003.2263598, 0.23704682198448068, 0.0, 1.0127355104108817, 0.3531671658617688, 0.0, 0.003601114120374307
1654013003.2345264, 0.23976522612168244, 0.0, 1.0127547549864837, 0.3626069630543796, 0.0, 0.002567027109318712
1654013003.24398, 0.24330096198130108, 0.0, 1.0127699005240371, 0.3605891764276974, 0.0, 0.0015446054597245643
1654013003.2528553, 0.24644690542876965, 0.0, 1.0127782000045222, 0.3466177152855743, 0.0, 0.0009144306030439788
1654013003.2629192, 0.24968134566854858, 0.0, 1.0127825907269028, 0.3242870783445449, 0.0, 0.00044021667647520127
1654013003.2729156, 0.25264543928526634, 0.0, 1.0127839686191509, 0.298036863234734, 0.0, 0.0001385457872021107
1654013003.282851, 0.255638627893923, 0.0, 1.0127512058358838, 0.3014248008173626, 0.0, -0.0032993294815799354
1654013003.293605, 0.25862896829222, 0.0, 1.0126967109958076, 0.29124339240540464, 0.0, -0.005307510175570672
1654013003.3095472, 0.26277525848237215, 0.0, 1.0125899026168828, 0.2631939210865668, 0.0, -0.006779871828777321
1654013003.3259625, 0.2664601176565217, 0.0, 1.0124811962832223, 0.2252976614223362, 0.0, -0.006646463704044946
1654013003.3573806, 0.27258958007575235, 0.0, 1.0118501335645145, 0.19687730212071078, 0.0, -0.020269628399768595
1654013003.3813684, 0.27600749477114495, 0.0, 1.0112617008348257, 0.1436651762626424, 0.0, -0.024733587395671205
1654013003.4018104, 0.27833104513070156, 0.0, 1.0108500560265155, 0.11344846069204917, 0.0, -0.02009875519271607
1654013003.4289987, 0.2798079498721096, 0.0, 1.0100446251739803, 0.05426945958655022, 0.0, -0.02959588108556703
1654013003.4523106, 0.2808467986320706, 0.0, 1.009550226130769, 0.04509767858266117, 0.0, -0.021462459216065682
1654013003.4765298, 0.28167751658436924, 0.0, 1.0091624346013723, 0.034264789306379204, 0.0, -0.01599531467064843
1654013003.505136, 0.2811119707534594, 0.0, 1.008447412767031, -0.020409653345452625, 0.0, -0.02580400557432804
1654013003.5352457, 0.2789693580999906, 0.0, 1.0075292410782022, -0.06945811555443251, 0.0, -0.029764817807005062
1654013003.5608034, 0.2779973430494809, 0.0, 1.0070286374072834, -0.038126704271100716, 0.0, -0.019635877148336568
1654013003.5837686, 0.27616865574225424, 0.0, 1.0064795298663562, -0.07996653829861654, 0.0, -0.024011884934115407
1654013003.603782, 0.27480685031840724, 0.0, 1.0060826702609875, -0.06853149445040217, 0.0, -0.019971562285368748
1654013003.6288788, 0.2735097637016054, 0.0, 1.005709218620228, -0.05199881085016482, 0.0, -0.014971275609494449
1654013003.6546113, 0.2710698037571961, 0.0, 1.0052207889773932, -0.09490275747130672, 0.0, -0.018997574137218802
1654013003.6846335, 0.26738258804419696, 0.0, 1.0046247669824622, -0.12401311565425376, 0.0, -0.020046167716547172
1654013003.7133648, 0.2652393910721921, 0.0, 1.0042611652742313, -0.07893658736437842, 0.0, -0.013391899289946751
1654013003.7377584, 0.26255150799211435, 0.0, 1.0038746629571276, -0.10389736108804153, 0.0, -0.014939850285573012
1654013003.761715, 0.260695407919804, 0.0, 1.0036061805575787, -0.07726097831239256, 0.0, -0.011175697452017587
1654013003.7827435, 0.2588716605358321, 0.0, 1.003358762998373, -0.08663402171791053, 0.0, -0.01175315089469314
1654013003.809286, 0.25704811399047656, 0.0, 1.0031149805612436, -0.06928498957687942, 0.0, -0.009262425277026594
1654013003.837292, 0.2551237765341378, 0.0, 1.0028387856928065, -0.06939613514639202, 0.0, -0.009960236627763339
1654013003.860183, 0.2539352972791448, 0.0, 1.00266962608799, -0.05168693729077517, 0.0, -0.007356747582723968
1654013003.8884642, 0.2528203995994242, 0.0, 1.0024353148571377, -0.03972020315846518, 0.0, -0.008347752319379077
1654013003.9117553, 0.25214491349440527, 0.0, 1.0023005400557288, -0.031197424128451615, 0.0, -0.006224593829744702
1654013003.943065, 0.2519874131528561, 0.0, 1.0020437419309802, -0.004766161717719167, 0.0, -0.007771039601056579
1654013003.975837, 0.2516262488205943, 0.0, 1.0019155821249304, -0.011094670334510268, 0.0, -0.003936963512851585
1654013003.9998198, 0.2520717250187246, 0.0, 1.0017609059553723, 0.018573740764859542, 0.0, -0.006449087713175196
1654013004.022247, 0.25242351881282665, 0.0, 1.0016453757662767, 0.015708826975165513, 0.0, -0.0051588282151002855
1654013004.0601783, 0.2549476904916292, 0.0, 1.0013508318122877, 0.0669398729701634, 0.0, -0.007811170305777625
1654013004.0953598, 0.2575105373621918, 0.0, 1.0011201032161834, 0.07310698659231923, 0.0, -0.006581693418992682
1654013004.1153502, 0.2584936572008729, 0.0, 1.001024451653918, 0.052639349867357424, 0.0, -0.005121487588130903
1654013004.1400301, 0.26084584860007826, 0.0, 1.0008573782995611, 0.09033379842011184, 0.0, -0.006416302142311418
1654013004.163414, 0.2624051078177938, 0.0, 1.0007454329689078, 0.06705705148110998, 0.0, -0.004814288551509331
1654013004.1873047, 0.26485496884269866, 0.0, 1.0006086848770592, 0.10271250683422431, 0.0, -0.005733280041512547
1654013004.2160182, 0.2670459503714488, 0.0, 1.0004880717975206, 0.07667172205180145, 0.0, -0.004220762424897626
1654013004.2424328, 0.27003704794361694, 0.0, 1.0003577628383573, 0.11359318844413036, 0.0, -0.004948755363892465
1654013004.271641, 0.27226214816782307, 0.0, 1.0002593272439682, 0.07673315549955292, 0.0, -0.0033945768773829847
1654013004.2975817, 0.2751147166154672, 0.0, 1.000157525911624, 0.1094911804292652, 0.0, -0.003907477858014846
1654013004.3202548, 0.27697552922607716, 0.0, 1.0000905794872899, 0.08258974800194382, 0.0, -0.002971329989848811
1654013004.3474567, 0.2797809303485292, 0.0, 1.0000044595861484, 0.10399392962761139, 0.0, -0.0031923944377008216
1654013004.3717988, 0.2816074791346451, 0.0, 0.9999476349599745, 0.07522240323430651, 0.0, -0.0023401975223320158
1654013004.3969567, 0.28382229987283103, 0.0, 0.9998826228138494, 0.0883641191436816, 0.0, -0.0025937724561367758
1654013004.4307518, 0.28567450647939835, 0.0, 0.9998282422838942, 0.06174960320126941, 0.0, -0.001812959814906314
1654013004.452494, 0.2874103425294985, 0.0, 0.9997739807783008, 0.07005652237940083, 0.0, -0.0021899374544751844
1654013004.4743261, 0.288620154537278, 0.0, 0.9997361420339895, 0.05479116468144114, 0.0, -0.001713678536471491
1654013004.500078, 0.2900083570172435, 0.0, 0.9996831534400787, 0.05339382492759179, 0.0, -0.0020380771157385443
1654013004.5293953, 0.29124658329519487, 0.0, 0.9996178335820836, 0.04218274539686439, 0.0, -0.0022252563915288
1654013004.5567083, 0.2920722531559845, 0.0, 0.9995776357312304, 0.03062125115866684, 0.0, -0.0014907998286837329
1654013004.576743, 0.29256957558398045, 0.0, 0.9995532197673783, 0.024633570101244055, 0.0, -0.0012093811243604688
1654013004.6064932, 0.2929852073587362, 0.0, 0.9995079444605639, 0.014077376654486835, 0.0, -0.0015334668470623441
1654013004.6368222, 0.2930539622563179, 0.0, 0.999464834167194, 0.002279459197125704, 0.0, -0.0014292531611439232
1654013004.6567783, 0.293120996478313, 0.0, 0.9994428377562654, 0.0033465679396640527, 0.0, -0.0010981328851213058
1654013004.6817095, 0.2929537977740989, 0.0, 0.9994170813395057, -0.00670647037219764, 0.0, -0.0010331099556345454
1654013004.7078912, 0.2928239114520266, 0.0, 0.9993971935476367, -0.004997043874238628, 0.0, -0.0007651319010762386
1654013004.7301962, 0.29273671051982686, 0.0, 0.9993838368270415, -0.0038913004301359255, 0.0, -0.0005960373505912472
1654013004.759659, 0.2923102694282778, 0.0, 0.999369003568476, -0.014542128004557476, 0.0, -0.0005058310492549844
1654013004.7900288, 0.2917686283812334, 0.0, 0.9993601738785202, -0.017849595051521873, 0.0, -0.00029097940601445775
1654013004.8128717, 0.2914864078205607, 0.0, 0.999354588965691, -0.012378888422487765, 0.0, -0.0002449680228709116
1654013004.8449228, 0.29100199605341986, 0.0, 0.9993532800902237, -0.015290033357156878, 0.0, -4.13135082849676e-05
1654013004.8621747, 0.29080888889197465, 0.0, 0.9993522706278928, -0.011680681554612863, 0.0, -6.106043888403075e-05
1654013004.895652, 0.29050367119337195, 0.0, 0.9993554481761717, -0.008955347035838819, 0.0, 9.323197079063794e-05
1654013004.9187026, 0.29034806876198277, 0.0, 0.9993560600001852, -0.006838335485339287, 0.0, 2.6888126518980843e-05
1654013004.953878, 0.290317059311152, 0.0, 0.9993611452723125, -0.0008735220367201754, 0.0, 0.00014324978827143152
1654013004.977794, 0.2904094398184821, 0.0, 0.9993643524765319, 0.0038851704226036503, 0.0, 0.00013488272940417016
1654013005.0041203, 0.2904926148254111, 0.0, 0.9993669948520711, 0.0031730237049315746, 0.0, 0.00010080336068561929
1654013005.0317445, 0.29083656248345463, 0.0, 0.9993711214450464, 0.012890212640932736, 0.0, 0.00015465335986417582
1654013005.050205, 0.2910159781817913, 0.0, 0.9993733252316532, 0.009974603430310936, 0.0, 0.00012251936509760772
1654013005.0701191, 0.2911749781944583, 0.0, 0.9993753041458121, 0.007483861578584225, 0.0, 9.314414126537422e-05
1654013005.0878413, 0.2914288279751156, 0.0, 0.999377803094496, 0.01461287297095721, 0.0, 0.00014385208285001578
1654013005.1083603, 0.29173388651856996, 0.0, 0.9993806664044493, 0.01509156634047958, 0.0, 0.00014165094878321614
1654013005.128787, 0.2919953505103352, 0.0, 0.9993830935155252, 0.01266628320898221, 0.0, 0.00011757824111590981
1654013005.1566062, 0.2926681868633749, 0.0, 0.9993898591633331, 0.024298532889910077, 0.0, 0.00024433179782624564
1654013005.1827364, 0.2934617108965876, 0.0, 0.9993994189643782, 0.030302002299772073, 0.0, 0.00036505650885043406
1654013005.212715, 0.29406768600496874, 0.0, 0.9994066439819196, 0.020683950366075853, 0.0, 0.00024661393207902927
1654013005.237443, 0.2947890914196614, 0.0, 0.999417616926563, 0.028668823289722038, 0.0, 0.00043606743800772015
1654013005.2590196, 0.295272934731284, 0.0, 0.9994249681799006, 0.0223875423320095, 0.0, 0.00034014419820844343
1654013005.290893, 0.2961783815011947, 0.0, 0.9994432680670052, 0.028488305344191354, 0.0, 0.0005757740696937245
1654013005.316256, 0.29663258779796403, 0.0, 0.9994518429946281, 0.01808299118540571, 0.0, 0.00034138747463926156
1654013005.3421128, 0.29718088877910676, 0.0, 0.9994655008188799, 0.021829737334108115, 0.0, 0.0005437646953518373
1654013005.36901, 0.2975828475161618, 0.0, 0.9994755012115535, 0.0164552309153684, 0.0, 0.0004093921975523981
1654013005.3953807, 0.2981116837637952, 0.0, 0.9994936904300818, 0.017960614656056213, 0.0, 0.0006177518018959263
1654013005.4210296, 0.2984253828433081, 0.0, 0.9995038712984632, 0.012362114587418666, 0.0, 0.0004012031585312097
1654013005.4523492, 0.29875517760150355, 0.0, 0.9995200367013312, 0.011948134898577288, 0.0, 0.0005856564101050744
1654013005.4768424, 0.29898748075012405, 0.0, 0.9995308184976632, 0.008299403964835014, 0.0, 0.0003851970313686492
1654013005.5063562, 0.29917146118567156, 0.0, 0.9995479367970725, 0.006207225636984807, 0.0, 0.0005775459039373883
1654013005.528187, 0.2992776289939533, 0.0, 0.9995566752769033, 0.004895290089018331, 0.0, 0.0004029224526816464
1654013005.5549035, 0.2993200364158372, 0.0, 0.9995709412692417, 0.001590251401315594, 0.0, 0.0005349656569432436
1654013005.575901, 0.29934940853293834, 0.0, 0.9995794703032613, 0.0014089156935708637, 0.0, 0.0004091189559054997
1654013005.607272, 0.29926295896091704, 0.0, 0.9995961747352449, -0.002907768191623168, 0.0, 0.0005618606876242546
1654013005.6332998, 0.2991177018708318, 0.0, 0.9996124487684442, -0.005303242376789639, 0.0, 0.0005941544227107712
1654013005.6576967, 0.29902820186443957, 0.0, 0.9996229602635935, -0.003692060337456525, 0.0, 0.0004336209112419347
1654013005.6802268, 0.2989691409722616, 0.0, 0.9996299113814386, -0.0029296828845784386, 0.0, 0.00034480635541539895
1654013005.7082512, 0.29876935162549156, 0.0, 0.9996450998858558, -0.006630406193149021, 0.0, 0.0005040606788120241
1654013005.7369418, 0.29855804537162334, 0.0, 0.9996606698476705, -0.007375915793444543, 0.0, 0.0005434894857603488
1654013005.762027, 0.2984288048188517, 0.0, 0.9996702422661279, -0.0051666460231053896, 0.0, 0.0003826763093577991
1654013005.785862, 0.2982842169513947, 0.0, 0.9996817708472092, -0.006061121091664762, 0.0, 0.0004832779345747317
1654013005.803153, 0.2981963884446629, 0.0, 0.9996887904888152, -0.005093460775111731, 0.0, 0.0004070918487143322
1654013005.8322287, 0.2980625951860447, 0.0, 0.9997032014431572, -0.004666303008441922, 0.0, 0.0005026103728593476
1654013005.8557098, 0.29798126153404836, 0.0, 0.9997115611987281, -0.003459572463446409, 0.0, 0.0003555868876469815
1654013005.8788078, 0.2979202476871047, 0.0, 0.9997178011718166, -0.0026355910759360067, 0.0, 0.0002695456557833758
1654013005.9037962, 0.2978833080943055, 0.0, 0.9997271574946501, -0.00148542607988008, 0.0, 0.00037623928407296513
1654013005.930758, 0.2979038730230744, 0.0, 0.999739072357499, 0.0007635600672341125, 0.0, 0.0004423897393572759
1654013005.9478009, 0.2979125422163629, 0.0, 0.9997450908013995, 0.0005176934106897121, 0.0, 0.0003594000786714353
1654013005.9698362, 0.29791995540800925, 0.0, 0.9997510991281221, 0.0003320501855522015, 0.0, 0.00026912375913795434
1654013005.986277, 0.29795387037927173, 0.0, 0.9997563330859462, 0.0020869661481816297, 0.0, 0.00032207288974242114
1654013006.0079904, 0.2980098214006942, 0.0, 0.9997628064267048, 0.0026069272712333537, 0.0, 0.0003016125198475863
1654013006.0274322, 0.2980533224570543, 0.0, 0.999767638650653, 0.0022386495551743662, 0.0, 0.000248675708068985
1654013006.0512574, 0.298173097814831, 0.0, 0.9997754256923066, 0.005062929698105371, 0.0, 0.00032915989716105767
1654013006.0737169, 0.29826603117544775, 0.0, 0.9997813490200991, 0.004128877043496489, 0.0, 0.00026316375498735905
1654013006.0973485, 0.2984238482246897, 0.0, 0.9997892752295837, 0.006742649875254348, 0.0, 0.0003386431038310063
1654013006.1158588, 0.2985288308999913, 0.0, 0.9997944965626466, 0.005713590187088869, 0.0, 0.00028416648048091626
1654013006.1329417, 0.2986540249931597, 0.0, 0.9998002510443382, 0.007313603244553964, 0.0, 0.00033616598759143325
1654013006.1503136, 0.2987749307929886, 0.0, 0.9998056885134989, 0.006955365242706815, 0.0, 0.00031280206625565693
1654013006.1705463, 0.298892427011458, 0.0, 0.9998109215327218, 0.005859728176631092, 0.0, 0.0002609792092771652
1654013006.199594, 0.29912606751329035, 0.0, 0.9998211294436526, 0.008059405975700264, 0.0, 0.0003521208767748945
1654013006.2349207, 0.299414764492176, 0.0, 0.9998346292768575, 0.008191548516977055, 0.0, 0.0003830470935138455
1654013006.2596226, 0.2995458033785974, 0.0, 0.9998405807187769, 0.005296542565434129, 0.0, 0.00024055504676950972
1654013006.2829309, 0.29968256499859175, 0.0, 0.9998475767355095, 0.005882133838420595, 0.0, 0.0003008995269187626
1654013006.3060617, 0.29978950376255914, 0.0, 0.9998530951403433, 0.004669745088166377, 0.0, 0.00024097476827944568
1654013006.3299608, 0.2999013729790969, 0.0, 0.9998600616165436, 0.0046738136744077854, 0.0, 0.0002910542572443999
1654013006.3557463, 0.29999164626875063, 0.0, 0.9998657412360947, 0.0035294948580565067, 0.0, 0.00022206112215625203
1654013006.38497, 0.3000771564611539, 0.0, 0.9998734762581136, 0.003013052926373064, 0.0, 0.00027255266389345325
1654013006.408587, 0.30013143743418075, 0.0, 0.9998781158453496, 0.0022458067224037236, 0.0, 0.00019195706382466417
1654013006.438153, 0.30016930896481775, 0.0, 0.9998847134994219, 0.0013554806628452995, 0.0, 0.0002361402447894631
1654013006.4604244, 0.3001952047614171, 0.0, 0.9998887451498696, 0.0010828025726483887, 0.0, 0.00016857876760253921
1654013006.4892173, 0.3001935327288636, 0.0, 0.9998947772579778, -5.80211204371699e-05, 0.0, 0.00020931989051586067
1654013006.517852, 0.30019729830301606, 0.0, 0.9998986013513258, 0.00013261873267044562, 0.0, 0.00013467970431422035
1654013006.5471637, 0.3001645367661394, 0.0, 0.9999039283517565, -0.001129270107064097, 0.0, 0.0001836184416302714
1654013006.5700905, 0.30014914239129203, 0.0, 0.9999068976140058, -0.0006628071897083738, 0.0, 0.0001278420453223302
1654013006.597242, 0.30010524989351944, 0.0, 0.9999111476530043, -0.0016649797774958247, 0.0, 0.00016121727732803089
1654013006.6216543, 0.30007595334821624, 0.0, 0.9999140660527107, -0.0011759957234862678, 0.0, 0.00011714779127441944
1654013006.6351156, 0.30005330851661327, 0.0, 0.9999159575909103, -0.0016201990340093762, 0.0, 0.00013533632828408493
1654013006.6446114, 0.30003771567313625, 0.0, 0.9999172078307612, -0.0016665679424895598, 0.0, 0.00013362602265985294
1654013006.6540236, 0.30002218081548665, 0.0, 0.999918420719345, -0.001636804551323194, 0.0, 0.00012779399714929324
1654013006.6631398, 0.3000078779149157, 0.0, 0.9999195181979457, -0.0015620954347585507, 0.0, 0.00011986144372298668
1654013006.6723497, 0.29999443069214865, 0.0, 0.9999205371351361, -0.0014619045706616733, 0.0, 0.00011077297979479696
1654013006.6820755, 0.2999781225792834, 0.0, 0.9999217319960891, -0.0016880428178731185, 0.0, 0.00012367932861657825
1654013006.6893947, 0.2999655812017401, 0.0, 0.9999226388538472, -0.0017443989386615537, 0.0, 0.00012613620036616005
1654013006.698718, 0.2999492974730227, 0.0, 0.9999238024297198, -0.0017496838348791378, 0.0, 0.0001250260263026688
1654013006.7073634, 0.29993468284182967, 0.0, 0.9999248392919979, -0.0016966482900526332, 0.0, 0.0001203718785625745
1654013006.7159188, 0.299920835972746, 0.0, 0.9999258166773963, -0.0016117549643432651, 0.0, 0.0001137662065254827
1654013006.7244837, 0.29990845586585646, 0.0, 0.9999266873946875, -0.0015133902202557692, 0.0, 0.00010643971371034171
1654013006.738544, 0.29988551467086566, 0.0, 0.9999284096784772, -0.001670991002963054, 0.0, 0.0001254477248562842
1654013006.7655783, 0.2998432305686518, 0.0, 0.9999317566392923, -0.0015627274806536303, 0.0, 0.00012369631537004265
1654013006.7968438, 0.2997989573793405, 0.0, 0.9999365041240078, -0.0014282709171425673, 0.0, 0.0001531557688570688
1654013006.8200867, 0.29977481100857734, 0.0, 0.9999389110223922, -0.0010420110241090514, 0.0, 0.00010386714736471269
1654013006.847882, 0.2997532940640705, 0.0, 0.9999426315994216, -0.0007754715748791799, 0.0, 0.0001340897508758704
1654013006.872854, 0.2997387057352866, 0.0, 0.9999449682285415, -0.0005881810434740819, 0.0, 9.420962293208476e-05
1654013006.8981218, 0.29973230032055065, 0.0, 0.999948073493853, -0.00025214930828607496, 0.0, 0.00012223884519473196
1654013006.9230263, 0.2997274743471976, 0.0, 0.9999503377301011, -0.0001935994733681066, 0.0, 9.083244211414017e-05
1654013006.9550095, 0.2997358741485074, 0.0, 0.9999539799334176, 0.0002754017543817694, 0.0, 0.0001194158226103168
1654013006.979942, 0.29974977721756507, 0.0, 0.999957028593636, 0.0005410738968676236, 0.0, 0.00011864649868014126
1654013007.002807, 0.29975917121018036, 0.0, 0.9999591227742063, 0.0004056173195350508, 0.0, 9.042331033359371e-05
1654013007.0248775, 0.2997660482483884, 0.0, 0.9999606588682652, 0.00031384663530176107, 0.0, 7.010255539229422e-05
1654013007.0462995, 0.29977975688802716, 0.0, 0.9999624725496375, 0.0006419861111352872, 0.0, 8.493609006518848e-05
1654013007.0702472, 0.29979326556708946, 0.0, 0.9999641479347183, 0.0005643883079733622, 0.0, 6.999705497429595e-05
1654013007.096377, 0.29981662347628824, 0.0, 0.9999663088883965, 0.0009056553393003231, 0.0, 8.37865761029086e-05
1654013007.119863, 0.2998325273775485, 0.0, 0.999967792313341, 0.0006759877650917614, 0.0, 6.30522722971174e-05
1654013007.1467328, 0.2998572498038058, 0.0, 0.9999697404027725, 0.000925197599334895, 0.0, 7.290415781230308e-05
1654013007.171924, 0.29987381475496167, 0.0, 0.9999710615074779, 0.0006614726464536991, 0.0, 5.275443419773501e-05
1654013007.1998441, 0.29989641807782985, 0.0, 0.9999727135898617, 0.0008591786369844352, 0.0, 6.279757622392155e-05
1654013007.226687, 0.2999132132223185, 0.0, 0.9999739482269303, 0.0005911214375213046, 0.0, 4.345425187115652e-05
1654013007.2516587, 0.29993142416719754, 0.0, 0.9999752777350785, 0.0007360228080389403, 0.0, 5.3734077340678496e-05
1654013007.2840922, 0.2999467447955951, 0.0, 0.9999763961269392, 0.0005253511202075657, 0.0, 3.835015128570682e-05
1654013007.308422, 0.29996294509224225, 0.0, 0.9999776822625193, 0.0006115083113151114, 0.0, 4.854741945931465e-05
1654013007.3377414, 0.29998022395176144, 0.0, 0.999979311401162, 0.0005684987535146209, 0.0, 5.36009501473946e-05
1654013007.3649986, 0.29999078721866707, 0.0, 0.9999802597293516, 0.0003891982697812723, 0.0, 3.4940676386894886e-05
1654013007.3943253, 0.3000013218841701, 0.0, 0.999981590193428, 0.00035939606372088306, 0.0, 4.538953342755352e-05
1654013007.4130704, 0.3000066259214421, 0.0, 0.9999822308818581, 0.00028396232954866127, 0.0, 3.430054688334432e-05
1654013007.4479182, 0.30001327324000354, 0.0, 0.9999837001444549, 0.00019216527094918247, 0.0, 4.247445678934924e-05
1654013007.4713564, 0.30001687698879664, 0.0, 0.9999843231122174, 0.0001536927204491836, 0.0, 2.6568336379614058e-05
1654013007.4983213, 0.30001906114846133, 0.0, 0.9999852632043846, 8.105240934063349e-05, 0.0, 3.488606459835767e-05
1654013007.5237236, 0.30002068302076235, 0.0, 0.999985888516259, 6.431648021726233e-05, 0.0, 2.4797179638112938e-05
1654013007.5479767, 0.3000205277720975, 0.0, 0.9999866719517966, -6.423027412179083e-06, 0.0, 3.241269699656974e-05
1654013007.5667791, 0.30002039468301955, 0.0, 0.9999871741610248, -7.080725199324264e-06, 0.0, 2.6718988467923314e-05
1654013007.5910325, 0.3000185591402919, 0.0, 0.9999879617143097, -7.583927700144198e-05, 0.0, 3.25394069146342e-05
1654013007.6092837, 0.30001739636456504, 0.0, 0.9999884503732972, -6.417742268733062e-05, 0.0, 2.6970699223372353e-05
1654013007.628295, 0.3000153133319329, 0.0, 0.9999890311214337, -0.00011019438616048587, 0.0, 3.072212284177096e-05
1654013007.6525724, 0.30001278734522896, 0.0, 0.9999896668017624, -0.00010439829072818633, 0.0, 2.6272481822764895e-05
1654013007.6744766, 0.3000109920436687, 0.0, 0.9999901167010528, -8.214828629905406e-05, 0.0, 2.0586210432901433e-05
1654013007.6961546, 0.3000082915079924, 0.0, 0.9999906590176403, -0.00012546653214930143, 0.0, 2.519595728924007e-05
1654013007.7118573, 0.3000065350317492, 0.0, 0.9999910053704631, -0.00011302846475693888, 0.0, 2.2287650048845778e-05
1654013007.7363997, 0.30000293711366277, 0.0, 0.9999916499500319, -0.00014687873842053853, 0.0, 2.6313838054280178e-05
1654013007.7567863, 0.3000006469452488, 0.0, 0.999992059629795, -0.00011992836680604346, 0.0, 2.1453542279986973e-05
1654013007.7859101, 0.29999654489732674, 0.0, 0.9999928068367595, -0.00013442325758235074, 0.0, 2.4485816881045263e-05
1654013007.8071122, 0.2999945046422906, 0.0, 0.9999931772535391, -9.812914087519448e-05, 0.0, 1.781575327806451e-05
1654013007.8305275, 0.2999928068392457, 0.0, 0.9999934851326479, -7.193032426734775e-05, 0.0, 1.3043824013853262e-05
1654013007.8581355, 0.2999906341440488, 0.0, 0.9999939480253215, -7.937758943511128e-05, 0.0, 1.6911394038975752e-05
1654013007.8789382, 0.29998923078040685, 0.0, 0.9999943123700108, -6.760231695045329e-05, 0.0, 1.7551078303727795e-05
1654013007.9030921, 0.2999879808685089, 0.0, 0.9999946545273384, -5.17068959456214e-05, 0.0, 1.4154512301855086e-05
1654013007.9269848, 0.2999870450382842, 0.0, 0.9999949114480574, -3.927591561661547e-05, 0.0, 1.0782721284610699e-05
1654013007.947401, 0.2999865210801138, 0.0, 0.9999951659472618, -2.592412412055625e-05, 0.0, 1.259197649088746e-05
1654013007.973418, 0.29998607332467025, 0.0, 0.999995437036264, -1.7146975100362737e-05, 0.0, 1.0381462557290208e-05
1654013007.995025, 0.2999860954063553, 0.0, 0.999995685560089, 1.0506545495499727e-06, 0.0, 1.182485335938332e-05
1654013008.0175953, 0.29998618643064334, 0.0, 0.9999959091233712, 3.9935098538364e-06, 0.0, 9.808394982576321e-06
1654013008.0533643, 0.2999875439778886, 0.0, 0.9999963361846319, 3.806305001642078e-05, 0.0, 1.1973987779773478e-05
1654013008.0723836, 0.2999879239288148, 0.0, 0.9999964924521852, 2.0048682687654192e-05, 0.0, 8.245692735878195e-06
1654013008.0999682, 0.2999889997936057, 0.0, 0.9999967450787235, 3.9170021579757606e-05, 0.0, 9.19761204113293e-06
1654013008.1287336, 0.299990575457493, 0.0, 0.9999970339142241, 5.494204149343159e-05, 0.0, 1.0071444925427046e-05
1654013008.1578267, 0.2999915721793858, 0.0, 0.9999972253954583, 3.4238496179003585e-05, 0.0, 6.57759155532728e-06
1654013008.1806433, 0.29999220356395667, 0.0, 0.9999973452876939, 2.785165414456098e-05, 0.0, 5.2886897056304925e-06
1654013008.2050402, 0.29999323719416066, 0.0, 0.9999975139283481, 4.291712582148807e-05, 0.0, 7.002090445898097e-06
1654013008.2334628, 0.2999947017033857, 0.0, 0.999997752936938, 5.1469243795733755e-05, 0.0, 8.399804639501593e-06
1654013008.262976, 0.29999567418146317, 0.0, 0.9999979116373415, 3.296002238445087e-05, 0.0, 5.378803876047761e-06
1654013008.2869418, 0.29999654849720575, 0.0, 0.9999980733190241, 3.682095323358516e-05, 0.0, 6.809066090813088e-06
1654013008.307737, 0.2999971657921697, 0.0, 0.9999981881243571, 2.9728594318793266e-05, 0.0, 5.528963254093221e-06
1654013008.3369343, 0.299997921853404, 0.0, 0.9999983768312832, 2.656350024673637e-05, 0.0, 6.63004033168589e-06
1654013008.3624566, 0.29999842014140843, 0.0, 0.9999984949107589, 1.905969112052679e-05, 0.0, 4.516581400535445e-06
1654013008.3934824, 0.29999879753163766, 0.0, 0.9999986621216116, 1.2854596859047628e-05, 0.0, 5.695505436859933e-06
1654013008.4129658, 0.29999901743197166, 0.0, 0.999998749232614, 1.0454398468981801e-05, 0.0, 4.141390393544816e-06
1654013008.4417162, 0.2999990697034305, 0.0, 0.9999988879172615, 1.8303603150619948e-06, 0.0, 4.856242408830512e-06
1654013008.4688005, 0.2999991344337775, 0.0, 0.9999989755639173, 2.420551632793786e-06, 0.0, 3.277492944901155e-06
1654013008.495033, 0.29999896628606815, 0.0, 0.9999990822571149, -6.376292729012533e-06, 0.0, 4.045889549927621e-06
1654013008.5180945, 0.2999988645932732, 0.0, 0.9999991521333603, -4.3983098571098944e-06, 0.0, 3.0222139085582105e-06
1654013008.5534427, 0.29999832053719916, 0.0, 0.9999992831131795, -1.5461008093318292e-05, 0.0, 3.722189938995944e-06
1654013008.5821767, 0.29999789047359243, 0.0, 0.9999993732779098, -1.5077673807413966e-05, 0.0, 3.1611007542831234e-06
1654013008.6020234, 0.29999765774154336, 0.0, 0.9999994230124816, -1.1690826789283113e-05, 0.0, 2.498316268644292e-06
1654013008.6312895, 0.29999719058389196, 0.0, 0.999999502728167, -1.604041788227259e-05, 0.0, 2.7371336019522122e-06
1654013008.6563308, 0.29999692194462724, 0.0, 0.9999995503458656, -1.0760101059075705e-05, 0.0, 1.907283547185413e-06
1654013008.687038, 0.2999965294634316, 0.0, 0.9999996178893934, -1.2793855979785172e-05, 0.0, 2.201741575603904e-06
1654013008.7119477, 0.2999963190223834, 0.0, 0.9999996543529646, -8.56828906875176e-06, 0.0, 1.4846457979937096e-06
1654013008.7373598, 0.2999961224546564, 0.0, 0.9999996983028678, -7.68566930728797e-06, 0.0, 1.7184124173173781e-06
1654013008.7697034, 0.29999595479983276, 0.0, 0.9999997353773361, -5.153728250429602e-06, 0.0, 1.1396733492062035e-06
1654013008.7968204, 0.2999958998980188, 0.0, 0.9999997732516166, -2.0833701080453872e-06, 0.0, 1.4372228906412804e-06
1654013008.8172314, 0.2999958633974221, 0.0, 0.9999997962948585, -1.758333698959523e-06, 0.0, 1.1100560654301385e-06
1654013008.8447807, 0.2999959697380841, 0.0, 0.999999831743048, 3.8848296687468706e-06, 0.0, 1.2949907920239777e-06
1654013008.868643, 0.29999602631327676, 0.0, 0.9999998537348549, 2.451582329430025e-06, 0.0, 9.529746645601747e-07
1654013008.894818, 0.29999627575067883, 0.0, 0.9999998846904379, 9.249874395158668e-06, 0.0, 1.1479242959303964e-06
1654013008.9196267, 0.2999964300367872, 0.0, 0.9999999049587835, 6.3385623076361255e-06, 0.0, 8.326878749775137e-07
1654013008.9470818, 0.29999681511401993, 0.0, 0.9999999337345474, 1.3921862683641375e-05, 0.0, 1.0403425570177895e-06
1654013008.9722283, 0.29999704839558144, 0.0, 0.9999999520263458, 9.352007519162455e-06, 0.0, 7.332985731821909e-07
1654013008.995132, 0.29999740380011075, 0.0, 0.999999972669179, 1.5456054567681515e-05, 0.0, 8.97728445078578e-07
1654013009.022402, 0.29999773393430496, 0.0, 0.9999999913570028, 1.2179998867062108e-05, 0.0, 6.894701536934222e-07
1654013009.0477104, 0.29999818323547905, 0.0, 1.000000012656156, 1.7811458198269964e-05, 0.0, 8.443534008413539e-07
1654013009.0687418, 0.29999847565393395, 0.0, 1.0000000265356956, 1.4021376826294821e-05, 0.0, 6.655197543432644e-07
1654013009.093381, 0.29999891163481046, 0.0, 1.0000000454351459, 1.7694825332390867e-05, 0.0, 7.670576605097503e-07
1654013009.1090348, 0.29999914516090137, 0.0, 1.0000000555501487, 1.5016241753443232e-05, 0.0, 6.504169518029745e-07
1654013009.1320455, 0.2999993990185014, 0.0, 1.0000000665384856, 1.1524829493774192e-05, 0.0, 4.988572707984241e-07
1654013009.15866, 0.2999997476917532, 0.0, 1.0000000811950711, 1.4156953540410088e-05, 0.0, 5.950918192320444e-07
1654013009.18225, 0.30000002411392634, 0.0, 1.000000092808593, 1.0541233296191813e-05, 0.0, 4.428763522790408e-07
1654013009.2020578, 0.30000024854285395, 0.0, 1.0000001025697596, 1.136808787822863e-05, 0.0, 4.944362550258639e-07
1654013009.2272277, 0.3000004832208052, 0.0, 1.0000001128817713, 9.332081891957887e-06, 0.0, 4.100621135314181e-07
1654013009.2465255, 0.30000064899804013, 0.0, 1.0000001209089744, 8.601827443220727e-06, 0.0, 4.1651446258360856e-07
1654013009.2711682, 0.3000008110095901, 0.0, 1.0000001290342964, 6.820492744346437e-06, 0.0, 3.420663502041305e-07
1654013009.306072, 0.30000094233924013, 0.0, 1.000000140203241, 3.6863742773087424e-06, 0.0, 3.1350810834001154e-07
1654013009.33013, 0.30000097460519504, 0.0, 1.0000001458733658, 1.3425781857236995e-06, 0.0, 2.3593245375562075e-07
1654013009.3559275, 0.30000099802860364, 0.0, 1.0000001503413773, 9.161217492580778e-07, 0.0, 1.7475007602759057e-07
1654013009.381754, 0.30000093238415426, 0.0, 1.0000001533362615, -2.5455592223831057e-06, 0.0, 1.1613555706082603e-07
1654013009.406699, 0.3000008879261759, 0.0, 1.0000001555283264, -1.787106596227364e-06, 0.0, 8.811587400729193e-08
1654013009.425601, 0.30000086060241427, 0.0, 1.0000001568762231, -1.4489248857177327e-06, 0.0, 7.14762868404996e-08
1654013009.449735, 0.3000007482522443, 0.0, 1.0000001572751605, -4.660298738338503e-06, 0.0, 1.6547964606220314e-08
1654013009.480563, 0.3000005038358325, 0.0, 1.0000001556369904, -8.026218105722848e-06, 0.0, -5.379471306722562e-08
1654013009.5073826, 0.3000003757811303, 0.0, 1.0000001550306752, -4.719313495638439e-06, 0.0, -2.234507029554673e-08
1654013009.535962, 0.3000001662320927, 0.0, 1.0000001526489302, -7.416230987156639e-06, 0.0, -8.429326100160449e-08
1654013009.560111, 0.30000004327403135, 0.0, 1.0000001513354744, -5.092157117636899e-06, 0.0, -5.439515731169454e-08
1654013009.5963676, 0.2999997877480693, 0.0, 1.0000001470811235, -7.083351386329769e-06, 0.0, -1.1793346534001757e-07
1654013009.6174204, 0.2999996952339434, 0.0, 1.0000001457020677, -4.450269728749342e-06, 0.0, -6.633765777993292e-08
1654013009.6465273, 0.29999955304675663, 0.0, 1.000000142679687, -4.8437832898675895e-06, 0.0, -1.0296115585124558e-07
1654013009.6719842, 0.2999994732224728, 0.0, 1.0000001410706745, -3.4892117456858046e-06, 0.0, -7.033179242172088e-08
1654013009.6977835, 0.2999993850913862, 0.0, 1.000000138343206, -3.2484012252304554e-06, 0.0, -1.0053106137628681e-07
1654013009.7184758, 0.29999933159449144, 0.0, 1.0000001367411282, -2.5144811458457776e-06, 0.0, -7.530146482313154e-08
1654013009.750612, 0.2999992894376561, 0.0, 1.0000001333592539, -1.3077620473688545e-06, 0.0, -1.0491031759750434e-07
1654013009.7696712, 0.29999926667857896, 0.0, 1.000000131946751, -1.1927390979158733e-06, 0.0, -7.4025291291874e-08
1654013009.7963336, 0.29999927457237047, 0.0, 1.0000001295225398, 2.9998152870821314e-07, 0.0, -9.212538776477187e-08
1654013009.8210657, 0.29999927823574635, 0.0, 1.0000001278561803, 1.476766461876996e-07, 0.0, -6.717366346690556e-08
1654013009.8506885, 0.29999934512444454, 0.0, 1.000000125018829, 2.260088246835158e-06, 0.0, -9.587066617635428e-08
1654013009.8727868, 0.29999937544640193, 0.0, 1.0000001235527218, 1.390578266802371e-06, 0.0, -6.723632192273557e-08
1654013009.8987932, 0.2999994631522365, 0.0, 1.0000001210768221, 3.3566462545549968e-06, 0.0, -9.475674650378802e-08
1654013009.9302573, 0.29999953062195805, 0.0, 1.0000001191244614, 2.1479041740786583e-06, 0.0, -6.21535621829082e-08
1654013009.9489114, 0.2999995940871864, 0.0, 1.000000117548903, 3.453098551125074e-06, 0.0, -8.572502975499343e-08
1654013009.9804728, 0.29999978021206836, 0.0, 1.0000001131268104, 5.929801799848067e-06, 0.0, -1.4088462190591509e-07
1654013010.0047843, 0.2999998684271066, 0.0, 1.000000111013237, 3.631552120072168e-06, 0.0, -8.700956413670153e-08
1654013010.0271618, 0.29999993091755167, 0.0, 1.0000001095153048, 2.7772306932703514e-06, 0.0, -6.65718283173318e-08
1654013010.0596101, 0.30000004627424237, 0.0, 1.000000106306836, 3.995648177749089e-06, 0.0, -1.1113280423256271e-07
1654013010.0786157, 0.3000001363289724, 0.0, 1.0000001033452213, 3.933076287230003e-06, 0.0, -1.293464129103046e-07
1654013010.0885344, 0.30000017176197463, 0.0, 1.0000001021726197, 3.5736355855528074e-06, 0.0, -1.1826405464876672e-07
1654013010.0982966, 0.3000002029901622, 0.0, 1.000000101134531, 3.224532551519727e-06, 0.0, -1.0719004664341142e-07
1654013010.1084266, 0.30000023199215653, 0.0, 1.0000001001670302, 2.875861284956758e-06, 0.0, -9.593816910902762e-08
1654013010.1183147, 0.30000025722674645, 0.0, 1.000000099323023, 2.557918249370698e-06, 0.0, -8.555327529977141e-08
1654013010.128455, 0.3000002825241561, 0.0, 1.0000000983249657, 2.522946225708705e-06, 0.0, -9.953763761201572e-08
1654013010.1384072, 0.3000003063452844, 0.0, 1.000000097294884, 2.401871575097084e-06, 0.0, -1.0386259073421494e-07
1654013010.1484094, 0.3000003285619042, 0.0, 1.0000000962766622, 2.23386050429108e-06, 0.0, -1.0238124322398167e-07
1654013010.1583345, 0.3000003487835927, 0.0, 1.0000000953130683, 2.0454326237872597e-06, 0.0, -9.746793846939503e-08
1654013010.168361, 0.3000003672503775, 0.0, 1.0000000944083165, 1.8496348540874372e-06, 0.0, -9.062001874972836e-08
1654013010.1859007, 0.300000392709753, 0.0, 1.0000000925329708, 1.5757110254442964e-06, 0.0, -1.160673768914978e-07
1654013010.210335, 0.30000042214718153, 0.0, 1.0000000897300296, 1.1678697361240537e-06, 0.0, -1.112009538565005e-07
1654013010.2356203, 0.3000004328064759, 0.0, 1.0000000861733707, 4.265939062731656e-07, 0.0, -1.4234047232288786e-07
1654013010.2564454, 0.30000043981467533, 0.0, 1.0000000838324656, 3.378214357387384e-07, 0.0, -1.1284038308672988e-07
1654013010.2870085, 0.3000004167132286, 0.0, 1.0000000793064727, -7.595100171959877e-07, 0.0, -1.4880180695843318e-07
1654013010.317205, 0.30000040934088484, 0.0, 1.0000000766966823, -2.438651006613586e-07, 0.0, -8.63276083770437e-08
1654013010.3429067, 0.30000037450084455, 0.0, 1.0000000733375163, -1.3598269194070925e-06, 0.0, -1.311101899186749e-07
1654013010.367341, 0.30000035024268207, 0.0, 1.0000000709622754, -9.929258801591695e-07, 0.0, -9.722246091916145e-08
1654013010.398474, 0.30000028700917386, 0.0, 1.0000000669056424, -2.038856394262698e-06, 0.0, -1.3079919695145657e-07
1654013010.416672, 0.3000002610659531, 0.0, 1.0000000651562926, -1.4348372770433518e-06, 0.0, -9.675099385878221e-08
1654013010.443296, 0.3000002052416103, 0.0, 1.0000000620444591, -2.096038460092846e-06, 0.0, -1.1684011576188012e-07
1654013010.4714136, 0.30000016534331553, 0.0, 1.000000059788187, -1.4257951557732033e-06, 0.0, -8.062955272317065e-08
1654013010.497901, 0.3000001089040991, 0.0, 1.0000000569205714, -2.1352964150199086e-06, 0.0, -1.0849210440845797e-07
1654013010.515459, 0.3000000788976579, 0.0, 1.0000000553905337, -1.712887697894548e-06, 0.0, -8.73406637504244e-08
1654013010.5443423, 0.3000000182851445, 0.0, 1.0000000523440489, -2.1170084211857393e-06, 0.0, -1.064043351264041e-07
1654013010.5701168, 0.2999999810601503, 0.0, 1.0000000504687974, -1.4347948624998253e-06, 0.0, -7.227942934330664e-08
1654013010.5958323, 0.29999993725361745, 0.0, 1.0000000481193578, -1.7197644666078907e-06, 0.0, -9.223470564603006e-08
1654013010.6224303, 0.29999990406177346, 0.0, 1.0000000463416578, -1.2481771266663536e-06, 0.0, -6.685029381785451e-08
1654013010.64339, 0.2999998759283464, 0.0, 1.0000000446324064, -1.340271069845197e-06, 0.0, -8.142841163154312e-08
1654013010.6705604, 0.29999984743241437, 0.0, 1.000000042851104, -1.055434788728e-06, 0.0, -6.597603121264578e-08
1654013010.6951048, 0.2999998234079375, 0.0, 1.0000000409385006, -9.952488396609534e-07, 0.0, -7.923237391254886e-08
1654013010.7176938, 0.2999998057795596, 0.0, 1.0000000395217605, -7.745930133540387e-07, 0.0, -6.225172253115257e-08
1654013010.7461977, 0.29999978980238445, 0.0, 1.0000000373417157, -5.607417886053719e-07, 0.0, -7.651178796903673e-08
1654013010.7723746, 0.2999997788440279, 0.0, 1.0000000359900953, -4.2202441157052336e-07, 0.0, -5.2053133135578663e-08
1654013010.7931523, 0.2999997745487199, 0.0, 1.0000000346523048, -2.0632196249140773e-07, 0.0, -6.42597870030581e-08
1654013010.8207748, 0.2999997714855022, 0.0, 1.0000000332174062, -1.1156418365169032e-07, 0.0, -5.225985067692433e-08
1654013010.8436759, 0.2999997747861096, 0.0, 1.0000000317940743, 1.4392388754610962e-07, 0.0, -6.206477259459628e-08
1654013010.8696883, 0.2999997782632779, 0.0, 1.000000030539981, 1.3353018947521916e-07, 0.0, -4.815967826854277e-08
1654013010.8925998, 0.29999978736310884, 0.0, 1.0000000292278617, 4.054932468108579e-07, 0.0, -5.8468720526142545e-08
1654013010.913967, 0.29999979500586, 0.0, 1.0000000281874148, 3.5363186922856906e-07, 0.0, -4.8141712574235104e-08
1654013010.9412518, 0.2999998129500418, 0.0, 1.000000026586796, 6.631716762814538e-07, 0.0, -5.915483265443613e-08
1654013010.9576821, 0.2999998209564447, 0.0, 1.0000000258616704, 5.435800388364755e-07, 0.0, -4.923107752314985e-08
1654013010.9885278, 0.2999998463560308, 0.0, 1.0000000240330975, 7.995675862321513e-07, 0.0, -5.756265190622978e-08
1654013011.0055432, 0.29999985663531187, 0.0, 1.0000000232661719, 5.813625722179799e-07, 0.0, -4.3374811931572426e-08
1654013011.0339735, 0.2999998764053428, 0.0, 1.0000000219314773, 7.321923862454088e-07, 0.0, -4.943103722743485e-08
1654013011.0482996, 0.2999998856985469, 0.0, 1.0000000213011835, 6.035415360663194e-07, 0.0, -4.093405013918822e-08
1654013011.0766168, 0.29999989722013215, 0.0, 1.0000000205152062, 4.078956652394594e-07, 0.0, -2.7825748084864006e-08
1654013011.1016681, 0.29999991205527277, 0.0, 1.0000000195452265, 5.91800513185089e-07, 0.0, -3.8694239947486934e-08
1654013011.132355, 0.2999999290952102, 0.0, 1.0000000183792408, 6.529685974391661e-07, 0.0, -4.46804485138881e-08
1654013011.1572068, 0.2999999422704822, 0.0, 1.0000000174802863, 4.507246519098662e-07, 0.0, -3.075313781289533e-08
1654013011.1799643, 0.2999999503968545, 0.0, 1.0000000169254373, 3.575644723883905e-07, 0.0, -2.44136395558198e-08
1654013011.208972, 0.29999996202948226, 0.0, 1.0000000159655373, 4.060180001930609e-07, 0.0, -3.350375056428406e-08
1654013011.238949, 0.29999997214048235, 0.0, 1.0000000148813704, 3.352538653922286e-07, 0.0, -3.5948093680463725e-08
1654013011.2588472, 0.2999999773731673, 0.0, 1.000000014347066, 2.6493809061338113e-07, 0.0, -2.7052572267887332e-08
