1654012998.4612217, 0, 0, 0, 0, 0.0, 0.0, 1.0
1654012998.4786303, 0, 0, 0, 0, 0.0, 0.0, 1.0
1654012998.4877563, 0, 0, 0, 0, 0.0, 0.0, 1.0
1654012998.496423, 0, 0, 0, 0, 0.0, 0.0, 1.0
1654012998.5051548, 0, 0, 0, 0, 0.0, 0.0, 1.0
1654012998.5138137, 0, 0, 0, 0, 0.0, 0.0, 1.0
1654012998.5224133, 0, 0, 0, 0, 0.0, 0.0, 1.0
1654012998.532182, 0, 0, 0, 0, 0.0, 0.0, 1.0
1654012998.541177, 0, 0, 0, 0, 0.0, 0.0, 1.0
1654012998.550228, 0, 0, 0, 0, 0.0, 0.0, 1.0
1654012998.5603597, 0, 0, 0, 0, 0.0, 0.0, 1.0
1654012998.570206, 0, 0, 0, 0, 0.0, 0.0, 1.0
1654012998.5817475, 0, 0, 0, 0, 0.0, 0.0, 1.0
1654012998.5980756, 0, 0, 0, 0, 0.0, 0.0, 1.0
1654012998.6094077, 0, 0, 0, 0, 0.0, 0.0, 1.0
1654012998.6372683, 8, 0.0, -0.0, 0, 0.0, 0.0, 1.0
1654012998.6664758, 8, 0.0, -0.0, 0, 0.0, 0.0, 1.0
1654012998.7069502, 8, 0.0, -0.0, 0, 0.0, 0.0, 1.0
1654012998.7333317, 6.765034609801418, 0.0, -0.0, 0, 0.0, 0.0, 1.0
1654012998.7591631, 4.14138452381506, 0.0, -0.0, 0, 0.0, 0.0, 1.0
1654012998.7857275, 3.0801310544574787, 0.0, -0.0, 0, 0.0, 0.0, 1.0
1654012998.808766, 2.4059891639396436, 0.0, -0.0, 0, 0.0, 0.0, 1.0
1654012998.8407247, 2.647464342318204, 0.0, -0.0, 0, 0.0, 0.0, 1.0
1654012998.8571873, 2.5621586964771628, 0.0, -0.0, 0, 0.0, 0.0, 1.0
1654012998.8832953, 2.813191459082505, 0.0, -0.0, 0, 0.0, 0.0, 1.0
1654012998.901188, 2.458593768269333, 0.0, -0.0, 0, 0.0, 0.0, 1.0
1654012998.9231687, 2.4431640408982367, 0.0, -0.0, 0, 0.0, 0.0, 1.0
1654012998.9420412, 1.9185340059286389, 0.0, -0.0, 0, 0.0, 0.0, 1.0
1654012998.959021, 1.8466944254907038, 0.0, -0.0, 0, 0.0, 0.0, 1.0
1654012998.9824984, 1.9685911755293417, 0.0, -0.0, 0, 0.0, 0.0, 1.0
1654012999.0022619, 1.8304301549443627, 0.0, -0.0, 0, 0.0, 0.0, 1.0
1654012999.022989, 1.7874958585643528, 0.0, -0.0, 0, 0.0, 0.0, 1.0
1654012999.0414596, 2.0767928036080923, 0.0, -0.0, 0, 0.0, 0.0, 1.0
1654012999.0649245, 1.9643048454767649, 0.0, -0.0, 0, 0.0, 0.0, 1.0
1654012999.0900693, 2.1872872715744602, 0.0, -0.0, 0, 0.0, 0.0, 1.0
1654012999.1183448, 2.2118736903701723, 0.0, -0.0, 0, 0.0, 0.0, 1.0
1654012999.1465867, 2.627381340181299, 0.0, -0.0, 0, 0.0, 0.0, 1.0
1654012999.178095, 2.665238301761627, 0.0, -0.0, 0, 0.0, 0.0, 1.0
1654012999.2018578, 2.9046807036208784, 0.0, -0.0, 0, 0.0, 0.0, 1.0
1654012999.2268853, 3.153726597510464, 0.0, -0.0, 0, 0.0, 0.0, 1.0
1654012999.2493386, 3.25239476021707, 0.0, -0.0, 0, 0.0, 0.0, 1.0
1654012999.2778687, 3.511727359915774, 0.0, -0.0, 0, 0.0, 0.0, 1.0
1654012999.3001323, 3.6429520576639347, 0.0, -0.0, 0, 0.0, 0.0, 1.0
1654012999.324491, 3.8169933178643, 0.0, -0.0, 0, 0.0, 0.0, 1.0
1654012999.3578496, 4.020564791007357, 0.0, -0.0, 0, 0.0, 0.0, 1.0
1654012999.3764362, 4.070651291316357, 0.0, -0.0, 0, 0.0, 0.0, 1.0
1654012999.406269, 4.099353279340408, 0.0, -0.0, 0, 0.0, 0.0, 1.0
1654012999.4282496, 4.170913645283378, 0.0, -0.0, 0, 0.0, 0.0, 1.0
1654012999.4543467, 4.153986462132507, 0.0, -0.0, 0, 0.0, 0.0, 1.0
1654012999.480563, 4.1836824399855885, 0.0, -0.0, 0, 0.0, 0.0, 1.0
1654012999.5129933, 4.127726788616432, 0.0, -0.0, 0, 0.0, 0.0, 1.0
1654012999.5426002, 4.156742974863975, 0.0, -0.0, 0, 0.0, 0.0, 1.0
1654012999.5632048, 4.085769950875231, 0.0, -0.0, 0, 0.0, 0.0, 1.0
1654012999.5933626, 4.071108398602717, 0.0, -0.0, 0, 0.0, 0.0, 1.0
1654012999.6140237, 3.9805051107100065, 0.0, -0.0, 0, 0.0, 0.0, 1.0
1654012999.6393461, 3.9863487333199155, 0.0, -0.0, 0, 0.0, 0.0, 1.0
1654012999.6592758, 3.926713573775648, 0.0, -0.0, 0, 0.0, 0.0, 1.0
1654012999.6827207, 3.8959133108045005, 0.0, -0.0, 0, 0.0, 0.0, 1.0
1654012999.7072563, 3.8236615422017453, 0.0, -0.0, 0, 0.0, 0.0, 1.0
1654012999.7274306, 3.8202765740237776, 0.0, -0.0, 0, 0.0, 0.0, 1.0
1654012999.7468255, 3.7904455259958194, 0.0, -0.0, 0, 0.0, 0.0, 1.0
1654012999.7546144, 3.7843325716097507, 0.0, -0.0, 0, 0.0, 0.0, 1.0
1654012999.7631752, 3.7942179451721603, 0.0, -0.0, 0, 0.0, 0.0, 1.0
1654012999.770291, 3.7817931214391654, 0.0, -0.0, 0, 0.0, 0.0, 1.0
1654012999.7788155, 3.7879981654412287, 0.0, -0.0, 0, 0.0, 0.0, 1.0
1654012999.7861178, 3.7749858164912142, 0.0, -0.0, 0, 0.0, 0.0, 1.0
1654012999.795998, 3.7727579031597407, 0.0, -0.0, 0, 0.0, 0.0, 1.0
1654012999.8058493, 3.7838789081002018, 0.0, -0.0, 0, 0.0, 0.0, 1.0
1654012999.8159618, 3.8036267258601537, 0.0, -0.0, 0, 0.0, 0.0, 1.0
1654012999.826187, 3.831555081122528, 0.0, -0.0, 0, 0.0, 0.0, 1.0
1654012999.8386047, 3.8437819076430957, 0.0, -0.0, 0, 0.0, 0.0, 1.0
1654012999.850025, 3.8578424765780297, 0.0, -0.0, 0, 0.0, 0.0, 1.0
1654012999.8686817, 3.8773061462787237, 0.0, -0.0, 0, 0.0, 0.0, 1.0
1654012999.8941417, 3.913587260662351, 0.0, -0.0, 0, 0.0, 0.0, 1.0
1654012999.9186478, 3.948178952947422, 0.0, -0.0, 0, 0.0, 0.0, 1.0
1654012999.946522, 4.005396331881874, 0.0, -0.0, 0, 0.0, 0.0, 1.0
1654012999.9736125, 4.075719675174505, 0.0, -0.0, 0, 0.0, 0.0, 1.0
1654013000.0010138, 4.115894872014891, 0.0, -0.0, 0, 0.0, 0.0, 1.0
1654013000.0258396, 4.156809709771399, 0.0, -0.0, 0, 0.0, 0.0, 1.0
1654013000.0570726, 4.196042950163589, 0.0, -0.0, 0, 0.0, 0.0, 1.0
1654013000.0830214, 4.221347406067717, 0.0, -0.0, 0, 0.0, 0.0, 1.0
1654013000.1063023, 4.245494105553072, 0.0, -0.0, 0, 0.0, 0.0, 1.0
1654013000.130143, 4.257043518318974, 0.0, -0.0, 0, 0.0, 0.0, 1.0
1654013000.1585596, 4.268173507829206, 0.0, -0.0, 0, 0.0, 0.0, 1.0
1654013000.1827261, 4.269067940190341, 0.0, -0.0, 0, 0.0, 0.0, 1.0
1654013000.2070608, 4.271345154409421, 0.0, -0.0, 0, 0.0, 0.0, 1.0
1654013000.2359905, 4.264259338105018, 0.0, -0.0, 0, 0.0, 0.0, 1.0
1654013000.260974, 4.259019068684189, 0.0, -0.0, 0, 0.0, 0.0, 1.0
1654013000.2890885, 4.246659524686544, 0.0, -0.0, 0, 0.0, 0.0, 1.0
1654013000.3106534, 4.234953694107199, 0.0, -0.0, 0, 0.0, 0.0, 1.0
1654013000.3390672, 4.221175203007004, 0.0, -0.0, 0, 0.0, 0.0, 1.0
1654013000.363356, 4.208435564429256, 0.0, -0.0, 0, 0.0, 0.0, 1.0
1654013000.3947983, 4.195515028321648, 0.0, -0.0, 0, 0.0, 0.0, 1.0
1654013000.41839, 4.186018237910129, 0.0, -0.0, 0, 0.0, 0.0, 1.0
1654013000.4420888, 4.178413747015059, 0.0, -0.0, 0, 0.0, 0.0, 1.0
1654013000.4657853, 4.170727716376515, 0.0, -0.0, 0, 0.0, 0.0, 1.0
1654013000.4852133, 4.16504112812826, 0.0, -0.0, 0, 0.0, 0.0, 1.0
1654013000.513506, 4.163392819181854, 0.0, -0.0, 0, 0.0, 0.0, 1.0
1654013000.5347865, 4.160865199310473, 0.0, -0.0, 0, 0.0, 0.0, 1.0
1654013000.5554605, 4.168350953392172, 0.0, -0.0, 0, 0.0, 0.0, 1.0
1654013000.5803733, 4.1707152186916, 0.0, -0.0, 0, 0.0, 0.0, 1.0
1654013000.6078491, 4.17589352709484, 0.0, -0.0, 0, 0.0, 0.0, 1.0
1654013000.6303124, 4.183032414758789, 0.0, -0.0, 0, 0.0, 0.0, 1.0
1654013000.6538157, 4.192418219003972, 0.0, -0.0, 0, 0.0, 0.0, 1.0
1654013000.6819518, 4.19932147977, 0.0, -0.0, 0, 0.0, 0.0, 1.0
1654013000.7037559, 4.20982063907863, 0.0, -0.0, 0, 0.0, 0.0, 1.0
1654013000.743104, 4.21579478699054, 0.0, -0.0, 0, 0.0, 0.0, 1.0
1654013000.7717483, 4.228262888924825, 0.0, -0.0, 0, 0.0, 0.0, 1.0
1654013000.7972276, 4.2395598280842774, 0.0, -0.0, 0, 0.0, 0.0, 1.0
1654013000.8170521, 4.2397168056689996, 0.0, -0.0, 0, 0.0, 0.0, 1.0
1654013000.8408382, 4.23489641102336, 0.0, -0.0, 0, 0.0, 0.0, 1.0
1654013000.869292, 4.238661867086958, 0.0, -0.0, 0, 0.0, 0.0, 1.0
1654013000.89443, 4.236203300207488, 0.0, -0.0, 0, 0.0, 0.0, 1.0
1654013000.9226382, 4.242587568217104, 0.0, -0.0, 0, 0.0, 0.0, 1.0
1654013000.951208, 4.238450716977428, 0.0, -0.0, 0, 0.0, 0.0, 1.0
1654013000.976101, 4.24101991281139, 0.0, -0.0, 0, 0.0, 0.0, 1.0
1654013001.0064733, 4.236311387497135, 0.0, -0.0, 0, 0.0, 0.0, 1.0
1654013001.0240657, 4.238350168403879, 0.0, -0.0, 0, 0.0, 0.0, 1.0
1654013001.0467944, 4.234089157308549, 0.0, -0.0, 0, 0.0, 0.0, 1.0
1654013001.0641527, 4.233498458615626, 0.0, -0.0, 0, 0.0, 0.0, 1.0
1654013001.0892372, 4.22993194131744, 0.0, -0.0, 0, 0.0, 0.0, 1.0
1654013001.1059725, 4.230341092846039, 0.0, -0.0, 0, 0.0, 0.0, 1.0
1654013001.1291566, 4.228442335196155, 0.0, -0.0, 0, 0.0, 0.0, 1.0
1654013001.1483064, 4.230384231047745, 0.0, -0.0, 0, 0.0, 0.0, 1.0
1654013001.164364, 4.2289679789705215, 0.0, -0.0, 0, 0.0, 0.0, 1.0
1654013001.1940124, 4.225107019228416, 0.0, -0.0, 0, 0.0, 0.0, 1.0
1654013001.2199862, 4.226265529961706, 0.0, -0.0, 0, 0.0, 0.0, 1.0
1654013001.2474008, 4.223753836923508, 0.0, -0.0, 0, 0.0, 0.0, 1.0
1654013001.2695804, 4.224296933247383, 0.0, -0.0, 0, 0.0, 0.0, 1.0
1654013001.2959802, 4.221956125017045, 0.0, -0.0, 0, 0.0, 0.0, 1.0
1654013001.3190422, 4.22356080957523, 0.0, -0.0, 0, 0.0, 0.0, 1.0
1654013001.3455532, 4.222048875953061, 0.0, -0.0, 0, 0.0, 0.0, 1.0
1654013001.3742285, 4.224962988335663, 0.0, -0.0, 0, 0.0, 0.0, 1.0
1654013001.407082, 4.222416942002945, 0.0, -0.0, 0, 0.0, 0.0, 1.0
1654013001.4305003, 4.2250483799202625, 0.0, -0.0, 0, 0.0, 0.0, 1.0
1654013001.4543467, 4.228431097822847, 0.0, -0.0, 0, 0.0, 0.0, 1.0
1654013001.476321, 4.228022963242846, 0.0, -0.0, 0, 0.0, 0.0, 1.0
1654013001.5026593, 4.225632407107225, 0.0, -0.0, 0, 0.0, 0.0, 1.0
1654013001.5229096, 4.227249107519549, 0.0, -0.0, 0, 0.0, 0.0, 1.0
1654013001.5529926, 4.23028180140153, 0.0, -0.0, 0, 0.0, 0.0, 1.0
1654013001.5733736, 4.229244995285603, 0.0, -0.0, 0, 0.0, 0.0, 1.0
1654013001.5972705, 4.230487595497402, 0.0, -0.0, 0, 0.0, 0.0, 1.0
1654013001.621011, 4.22968618260202, 0.0, -0.0, 0, 0.0, 0.0, 1.0
1654013001.6486037, 4.231102829447044, 0.0, -0.0, 0, 0.0, 0.0, 1.0
1654013001.6699243, 4.229055180521332, 0.0, -0.0, 0, 0.0, 0.0, 1.0
1654013001.6953323, 4.225915595600954, 0.0, -0.0, 0, 0.0, 0.0, 1.0
1654013001.7245142, 4.225738074992126, 0.0, -0.0, 0, 0.0, 0.0, 1.0
1654013001.7524836, 4.227354210291909, 0.0, -0.0, 0, 0.0, 0.0, 1.0
1654013001.7818317, 4.225445812053291, 0.0, -0.0, 0, 0.0, 0.0, 1.0
1654013001.8059819, 4.225506805874632, 0.0, -0.0, 0, 0.0, 0.0, 1.0
1654013001.8323777, 4.22306465401973, 0.0, -0.0, 0, 0.0, 0.0, 1.0
1654013001.8568583, 4.222612964830309, 0.0, -0.0, 0, 0.0, 0.0, 1.0
1654013001.887469, 4.221071575094681, 0.0, -0.0, 0, 0.0, 0.0, 1.0
1654013001.9137115, 4.221511557260689, 0.0, -0.0, 0, 0.0, 0.0, 1.0
1654013001.9391224, 4.2200251297774845, 0.0, -0.0, 0, 0.0, 0.0, 1.0
1654013001.9645221, 4.220191509929933, 0.0, -0.0, 0, 0.0, 0.0, 1.0
1654013001.9924276, 4.21933328487, 0.0, -0.0, 0, 0.0, 0.0, 1.0
1654013002.0163412, 4.220091544919852, 0.0, -0.0, 0, 0.0, 0.0, 1.0
1654013002.0445902, 4.219537767868431, 0.0, -0.0, 0, 0.0, 0.0, 1.0
1654013002.0677972, 4.220435787150029, 0.0, -0.0, 0, 0.0, 0.0, 1.0
1654013002.0896907, 4.2201507162544445, 0.0, -0.0, 0, 0.0, 0.0, 1.0
1654013002.1132457, 4.220824536504977, 0.0, -0.0, 0, 0.0, 0.0, 1.0
1654013002.1386833, 4.220629632682388, 0.0, -0.0, 0, 0.0, 0.0, 1.0
1654013002.1636734, 4.221533818209483, 0.0, -0.0, 0, 0.0, 0.0, 1.0
1654013002.1872709, 4.221300204507722, 0.0, -0.0, 0, 0.0, 0.0, 1.0
1654013002.208768, 4.222042574930755, 0.0, -0.0, 0, 0.0, 0.0, 1.0
1654013002.2363126, 4.221906691797252, 0.0, -0.0, 0, 0.0, 0.0, 1.0
1654013002.2620618, 4.222554458491341, 0.0, -0.0, 0, 0.0, 0.0, 1.0
1654013002.2929797, 4.222259816887412, 0.0, -0.0, 0, 0.0, 0.0, 1.0
1654013002.3162663, 4.22278818994882, 0.0, -0.0, 0, 0.0, 0.0, 1.0
1654013002.3437493, 4.222237921968737, 0.0, -0.0, 0, 0.0, 0.0, 1.0
1654013002.367748, 4.222585163767886, 0.0, -0.0, 0, 0.0, 0.0, 1.0
1654013002.3976326, 4.221761986401747, 0.0, -0.0, 0, 0.0, 0.0, 1.0
1654013002.4184036, 4.22184790058994, 0.0, -0.0, 0, 0.0, 0.0, 1.0
1654013002.441838, 4.698820709288342, 0.0, 0.3, 0, 0.3, 0.0, 1.0
1654013002.463941, 4.62310882672112, 0.0, 0.3, 0, 0.3, 0.0, 1.0
1654013002.4887893, 4.534170937629352, 0.0, 0.3, 0, 0.3, 0.0, 1.0
1654013002.5158203, 4.465747357495626, 0.0, 0.3, 0, 0.3, 0.0, 1.0
1654013002.5440009, 4.372074572699093, 0.0, 0.3, 0, 0.3, 0.0, 1.0
1654013002.5680213, 4.264453399048982, 0.0, 0.3, 0, 0.3, 0.0, 1.0
1654013002.5943515, 4.1854419120193915, 0.0, 0.3, 0, 0.3, 0.0, 1.0
1654013002.6105602, 4.1206134885320225, 0.0, 0.3, 0, 0.3, 0.0, 1.0
1654013002.6352007, 4.0851901862767175, 0.0, 0.27654542855961645, 0, 0.3, 0.0, 1.0
1654013002.6580718, 4.0322600130209425, 0.0, 0.23505757351223017, 0, 0.3, 0.0, 1.0
1654013002.6837852, 4.020552516703533, 0.0, 0.17738292393938968, 0, 0.3, 0.0, 1.0
1654013002.706516, 4.005272469851378, 0.0, 0.11226369994142466, 0, 0.3, 0.0, 1.0
1654013002.735807, 4.018355051835118, 0.0, 0.06281520367211645, 0, 0.3, 0.0, 1.0
1654013002.758104, 4.042918833008155, 0.0, -0.014942914813478142, 0, 0.3, 0.0, 1.0
1654013002.7953544, 4.086896322813349, 0.0, -0.06411971129771298, 0, 0.3, 0.0, 1.0
1654013002.819998, 4.154500595567469, 0.0, -0.1479026116445086, 0, 0.3, 0.0, 1.0
1654013002.8443696, 4.1979100638355344, 0.0, -0.18413765189437908, 0, 0.3, 0.0, 1.0
1654013002.865627, 4.249609817590232, 0.0, -0.2277118498221555, 0, 0.3, 0.0, 1.0
1654013002.8866072, 4.2666065650675264, 0.0, -0.24140624231504038, 0, 0.3, 0.0, 1.0
1654013002.9215934, 4.326713225428393, 0.0, -0.281018509322396, 0, 0.3, 0.0, 1.0
1654013002.949982, 4.466060761388422, 0.0, -0.3, 0, 0.3, 0.0, 1.0
1654013002.9712615, 4.4015639335491334, 0.0, -0.3, 0, 0.3, 0.0, 1.0
1654013002.9969518, 4.421534686823091, 0.0, -0.3, 0, 0.3, 0.0, 1.0
1654013003.021089, 4.368574342703366, 0.0, -0.3, 0, 0.3, 0.0, 1.0
1654013003.0462232, 4.386596588195885, 0.0, -0.3, 0, 0.3, 0.0, 1.0
1654013003.0704849, 4.327335619578486, 0.0, -0.3, 0, 0.3, 0.0, 1.0
1654013003.0902476, 4.252384536899784, 0.0, -0.2560801445960645, 0, 0.3, 0.0, 1.0
1654013003.1151175, 4.23473043847847, 0.0, -0.21981374617198646, 0, 0.3, 0.0, 1.0
1654013003.1341677, 4.217408191111949, 0.0, -0.17731078206555587, 0, 0.3, 0.0, 1.0
1654013003.1570797, 4.219422187713949, 0.0, -0.1497423286858783, 0, 0.3, 0.0, 1.0
1654013003.1757927, 4.215148191312838, 0.0, -0.12211786514958035, 0, 0.3, 0.0, 1.0
1654013003.1912346, 4.22049226745895, 0.0, -0.09877279162054256, 0, 0.3, 0.0, 1.0
1654013003.2008, 4.2197401898661955, 0.0, -0.07766813064007375, 0, 0.3, 0.0, 1.0
1654013003.207754, 4.217778068117971, 0.0, -0.05867798495153859, 0, 0.3, 0.0, 1.0
1654013003.215845, 4.213412398512837, 0.0, -0.04712322257744641, 0, 0.3, 0.0, 1.0
1654013003.223017, 4.2102647673825535, 0.0, -0.03177935436282484, 0, 0.3, 0.0, 1.0
1654013003.2317727, 4.209578689260264, 0.0, -0.013018922435750372, 0, 0.3, 0.0, 1.0
1654013003.2416072, 4.2132546428727995, 0.0, -0.004931134300209385, 0, 0.3, 0.0, 1.0
1654013003.250002, 4.215285651104685, 0.0, -0.002096397733366318, 0, 0.3, 0.0, 1.0
1654013003.2570634, 4.219665165764679, 0.0, 0.004111010389345408, 0, 0.3, 0.0, 1.0
1654013003.2671647, 4.223036319699127, 0.0, 0.009804175401634264, 0, 0.3, 0.0, 1.0
1654013003.2776556, 4.226699531838906, 0.0, 0.01713031231878228, 0, 0.3, 0.0, 1.0
1654013003.28707, 4.2301427251502846, 0.0, 0.01454473116291995, 0, 0.3, 0.0, 1.0
1654013003.3021605, 4.232356162659229, 0.0, 0.011294014533938378, 0, 0.3, 0.0, 1.0
1654013003.3203208, 4.233481211970706, 0.0, 0.010110146668555054, 0, 0.3, 0.0, 1.0
1654013003.351243, 4.233408439239643, 0.0, 0.014510372200939859, 0, 0.3, 0.0, 1.0
1654013003.3744602, 4.238846469936437, 0.0, 0.014645995076642175, 0, 0.3, 0.0, 1.0
1654013003.3951974, 4.246428773261545, 0.0, 0.024984729767423268, 0, 0.3, 0.0, 1.0
1654013003.4228435, 4.246840932915184, 0.0, 0.02979657526276618, 0, 0.3, 0.0, 1.0
1654013003.4469392, 4.253460540630801, 0.0, 0.03873092382653659, 0, 0.3, 0.0, 1.0
1654013003.4679961, 4.2513816488308604, 0.0, 0.04431634643562283, 0, 0.3, 0.0, 1.0
1654013003.4960506, 4.245842665665487, 0.0, 0.04623663458014467, 0, 0.3, 0.0, 1.0
1654013003.5253856, 4.249011639802232, 0.0, 0.054545595310675446, 0, 0.3, 0.0, 1.0
1654013003.5529082, 4.255150303118862, 0.0, 0.0676006708665772, 0, 0.3, 0.0, 1.0
1654013003.5760634, 4.249209707144249, 0.0, 0.06800641707911141, 0, 0.3, 0.0, 1.0
1654013003.5993066, 4.250996193640551, 0.0, 0.07542840057172531, 0, 0.3, 0.0, 1.0
1654013003.6216362, 4.248099396466231, 0.0, 0.07644846300803594, 0, 0.3, 0.0, 1.0
1654013003.6472342, 4.24184772652483, 0.0, 0.07249291627708437, 0, 0.3, 0.0, 1.0
1654013003.6798425, 4.241356014745954, 0.0, 0.07466092851280214, 0, 0.3, 0.0, 1.0
1654013003.7015352, 4.24332404572574, 0.0, 0.08044406755292333, 0, 0.3, 0.0, 1.0
1654013003.7311687, 4.236324766091973, 0.0, 0.07234552538566333, 0, 0.3, 0.0, 1.0
1654013003.755304, 4.2347114839327835, 0.0, 0.06986970755061588, 0, 0.3, 0.0, 1.0
1654013003.7788827, 4.229974092075994, 0.0, 0.061152404728183715, 0, 0.3, 0.0, 1.0
1654013003.804716, 4.228404083651331, 0.0, 0.05598296044784616, 0, 0.3, 0.0, 1.0
1654013003.82917, 4.225722582655002, 0.0, 0.048286252700526694, 0, 0.3, 0.0, 1.0
1654013003.8515983, 4.224621878199083, 0.0, 0.03909140838598595, 0, 0.3, 0.0, 1.0
1654013003.8841467, 4.222574802947356, 0.0, 0.026963199232456034, 0, 0.3, 0.0, 1.0
1654013003.9059503, 4.222611840886375, 0.0, 0.017281598762866324, 0, 0.3, 0.0, 1.0
1654013003.9368026, 4.221921591601033, 0.0, 0.0056899364825427545, 0, 0.3, 0.0, 1.0
1654013003.9668021, 4.222932346815624, 0.0, -0.005002749352191854, 0, 0.3, 0.0, 1.0
1654013003.994615, 4.222007386817833, 0.0, -0.015261099339664477, 0, 0.3, 0.0, 1.0
1654013004.0165899, 4.223711411988668, 0.0, -0.027591443103295307, 0, 0.3, 0.0, 1.0
1654013004.051049, 4.223653048989089, 0.0, -0.032116027291997064, 0, 0.3, 0.0, 1.0
1654013004.080435, 4.226617524079913, 0.0, -0.04288500102577023, 0, 0.3, 0.0, 1.0
1654013004.1099179, 4.228145092829314, 0.0, -0.053741112114793106, 0, 0.3, 0.0, 1.0
1654013004.1318345, 4.226352081520239, 0.0, -0.05456707905598192, 0, 0.3, 0.0, 1.0
1654013004.1594489, 4.228099571628661, 0.0, -0.059016937040860425, 0, 0.3, 0.0, 1.0
1654013004.18232, 4.226201057118236, 0.0, -0.055714759102004, 0, 0.3, 0.0, 1.0
1654013004.2116208, 4.22735969466224, 0.0, -0.058826120149271806, 0, 0.3, 0.0, 1.0
1654013004.2362266, 4.225304430149638, 0.0, -0.05290017291536015, 0, 0.3, 0.0, 1.0
1654013004.2612007, 4.225773530429461, 0.0, -0.05363544394474332, 0, 0.3, 0.0, 1.0
1654013004.2869456, 4.2234006178693235, 0.0, -0.04403454310407988, 0, 0.3, 0.0, 1.0
1654013004.3129473, 4.2234759755409135, 0.0, -0.04100667395679322, 0, 0.3, 0.0, 1.0
1654013004.3394654, 4.222281211611031, 0.0, -0.03181986310368984, 0, 0.3, 0.0, 1.0
1654013004.364193, 4.222672670455043, 0.0, -0.028911812507806993, 0, 0.3, 0.0, 1.0
1654013004.390108, 4.221854876605299, 0.0, -0.019161684206457558, 0, 0.3, 0.0, 1.0
1654013004.4174035, 4.22207606045726, 0.0, -0.01458914004644307, 0, 0.3, 0.0, 1.0
1654013004.4458015, 4.221702573715367, 0.0, -0.005465813884571641, 0, 0.3, 0.0, 1.0
1654013004.4674656, 4.221844059091055, 0.0, 0.0006477062998425122, 0, 0.3, 0.0, 1.0
1654013004.4950898, 4.2218036043565546, 0.0, 0.0070600827098455865, 0, 0.3, 0.0, 1.0
1654013004.521444, 4.22201354191379, 0.0, 0.010739457243737531, 0, 0.3, 0.0, 1.0
1654013004.5492353, 4.22226241156251, 0.0, 0.014978184868046413, 0, 0.3, 0.0, 1.0
1654013004.5718637, 4.2219067617929165, 0.0, 0.019331182852286074, 0, 0.3, 0.0, 1.0
1654013004.5991368, 4.221480006071683, 0.0, 0.022339541224964194, 0, 0.3, 0.0, 1.0
1654013004.6272237, 4.221481502307638, 0.0, 0.024279138910947778, 0, 0.3, 0.0, 1.0
1654013004.651596, 4.221294307189125, 0.0, 0.02679547622145888, 0, 0.3, 0.0, 1.0
1654013004.6696544, 4.220713050483062, 0.0, 0.026953816259945848, 0, 0.3, 0.0, 1.0
1654013004.701086, 4.220611788951042, 0.0, 0.027334525767027367, 0, 0.3, 0.0, 1.0
1654013004.7260103, 4.2200508512138475, 0.0, 0.025461215049840346, 0, 0.3, 0.0, 1.0
1654013004.7548923, 4.219447212195517, 0.0, 0.022155188847348534, 0, 0.3, 0.0, 1.0
1654013004.7825427, 4.219239885059806, 0.0, 0.02030466631027912, 0, 0.3, 0.0, 1.0
1654013004.8076935, 4.218926740668756, 0.0, 0.01781778760480014, 0, 0.3, 0.0, 1.0
1654013004.8353665, 4.218650198171351, 0.0, 0.013449976706045507, 0, 0.3, 0.0, 1.0
1654013004.8566167, 4.218573288177424, 0.0, 0.010589735865114061, 0, 0.3, 0.0, 1.0
1654013004.8867292, 4.21851224259791, 0.0, 0.005940898573812065, 0, 0.3, 0.0, 1.0
1654013004.9112604, 4.218575402895262, 0.0, 0.003261119139756566, 0, 0.3, 0.0, 1.0
1654013004.945379, 4.218639485439084, 0.0, -0.001467635241868732, 0, 0.3, 0.0, 1.0
1654013004.969264, 4.218746396148186, 0.0, -0.0048495736112551405, 0, 0.3, 0.0, 1.0
1654013004.993149, 4.218860091510681, 0.0, -0.009723846422366336, 0, 0.3, 0.0, 1.0
1654013005.02159, 4.219009432223898, 0.0, -0.011827035482655858, 0, 0.3, 0.0, 1.0
1654013005.04387, 4.219148766595422, 0.0, -0.015029387752230968, 0, 0.3, 0.0, 1.0
1654013005.065112, 4.219181453087346, 0.0, -0.01637117873891523, 0, 0.3, 0.0, 1.0
1654013005.0818467, 4.219190899016841, 0.0, -0.015660072736056508, 0, 0.3, 0.0, 1.0
1654013005.0991206, 4.2192198196055015, 0.0, -0.016396640082990747, 0, 0.3, 0.0, 1.0
1654013005.1246727, 4.219226510083826, 0.0, -0.016033697179058122, 0, 0.3, 0.0, 1.0
1654013005.150792, 4.219143675217141, 0.0, -0.014581202613697655, 0, 0.3, 0.0, 1.0
1654013005.1726193, 4.2191194486889545, 0.0, -0.015037288472961105, 0, 0.3, 0.0, 1.0
1654013005.205706, 4.218990401852309, 0.0, -0.01598616212821342, 0, 0.3, 0.0, 1.0
1654013005.2311852, 4.218817721446596, 0.0, -0.013944009532075842, 0, 0.3, 0.0, 1.0
1654013005.2550392, 4.218636852952253, 0.0, -0.013205847627524562, 0, 0.3, 0.0, 1.0
1654013005.2810233, 4.2185373527970045, 0.0, -0.01090228656330985, 0, 0.3, 0.0, 1.0
1654013005.3105733, 4.218417958127083, 0.0, -0.010067168707029752, 0, 0.3, 0.0, 1.0
1654013005.3356812, 4.218342913606774, 0.0, -0.006446603147792199, 0, 0.3, 0.0, 1.0
1654013005.3612044, 4.218258434852441, 0.0, -0.00455072856771163, 0, 0.3, 0.0, 1.0
1654013005.388711, 4.218291095742548, 0.0, -0.0018222692119743546, 0, 0.3, 0.0, 1.0
1654013005.4114158, 4.218204073912559, 0.0, -0.00011365042353913073, 0, 0.3, 0.0, 1.0
1654013005.4415157, 4.218274520028053, 0.0, 0.002477561113372791, 0, 0.3, 0.0, 1.0
1654013005.4714048, 4.21821402304155, 0.0, 0.003981173073801376, 0, 0.3, 0.0, 1.0
1654013005.5001037, 4.218298782434734, 0.0, 0.005710339338276232, 0, 0.3, 0.0, 1.0
1654013005.5242724, 4.218225748581461, 0.0, 0.006936331047208505, 0, 0.3, 0.0, 1.0
1654013005.5501883, 4.218265903045799, 0.0, 0.007695474595499529, 0, 0.3, 0.0, 1.0
1654013005.5713856, 4.218226006877638, 0.0, 0.008218847784367352, 0, 0.3, 0.0, 1.0
1654013005.5994027, 4.218251265929559, 0.0, 0.0083912113882835, 0, 0.3, 0.0, 1.0
1654013005.6269395, 4.218192862169254, 0.0, 0.008650561293820832, 0, 0.3, 0.0, 1.0
1654013005.6518111, 4.21810043206913, 0.0, 0.008970736869528567, 0, 0.3, 0.0, 1.0
1654013005.6733608, 4.218116013076725, 0.0, 0.008379417839629614, 0, 0.3, 0.0, 1.0
1654013005.7014005, 4.218176112698866, 0.0, 0.007194108845067279, 0, 0.3, 0.0, 1.0
1654013005.7305999, 4.218148105100431, 0.0, 0.00663850101472217, 0, 0.3, 0.0, 1.0
1654013005.7546773, 4.218068810640339, 0.0, 0.005759832963658529, 0, 0.3, 0.0, 1.0
1654013005.7761889, 4.218110595078042, 0.0, 0.004299790254012996, 0, 0.3, 0.0, 1.0
1654013005.799267, 4.218087032536759, 0.0, 0.0032027368624134795, 0, 0.3, 0.0, 1.0
1654013005.8252, 4.218126152598838, 0.0, 0.001993016982938928, 0, 0.3, 0.0, 1.0
1654013005.849801, 4.218098815307945, 0.0, 0.0011085443429570173, 0, 0.3, 0.0, 1.0
1654013005.8741822, 4.218159010587091, 0.0, -0.0003366215593938798, 0, 0.3, 0.0, 1.0
1654013005.894857, 4.218261118632036, 0.0, -0.0014216544779530476, 0, 0.3, 0.0, 1.0
1654013005.9239001, 4.218262967230193, 0.0, -0.0024326560538424904, 0, 0.3, 0.0, 1.0
1654013005.9411094, 4.218216094832721, 0.0, -0.0035953347195837285, 0, 0.3, 0.0, 1.0
1654013005.963831, 4.218228864743087, 0.0, -0.004397214992735428, 0, 0.3, 0.0, 1.0
1654013005.981518, 4.218289399673875, 0.0, -0.004487769455497422, 0, 0.3, 0.0, 1.0
1654013006.000478, 4.218285013997454, 0.0, -0.004946175439775874, 0, 0.3, 0.0, 1.0
1654013006.0223043, 4.218299522699134, 0.0, -0.005035363373171623, 0, 0.3, 0.0, 1.0
1654013006.0424857, 4.218321162410771, 0.0, -0.004837454266751573, 0, 0.3, 0.0, 1.0
1654013006.0690725, 4.218287530757669, 0.0, -0.004995309478230576, 0, 0.3, 0.0, 1.0
1654013006.0879862, 4.218282218283355, 0.0, -0.004651649208345467, 0, 0.3, 0.0, 1.0
1654013006.109882, 4.218232168595764, 0.0, -0.004673546471751764, 0, 0.3, 0.0, 1.0
1654013006.1254485, 4.218218725152661, 0.0, -0.004214152212940626, 0, 0.3, 0.0, 1.0
1654013006.1460278, 4.218177137012831, 0.0, -0.0040863245894284285, 0, 0.3, 0.0, 1.0
1654013006.16585, 4.2181604538878235, 0.0, -0.003768429965416968, 0, 0.3, 0.0, 1.0
1654013006.1951141, 4.218173592841625, 0.0, -0.0031261465914022507, 0, 0.3, 0.0, 1.0
1654013006.2224696, 4.2181255958999655, 0.0, -0.002922345918318859, 0, 0.3, 0.0, 1.0
1654013006.2512574, 4.218059378831313, 0.0, -0.0025735553820200453, 0, 0.3, 0.0, 1.0
1654013006.2753808, 4.218098354531435, 0.0, -0.0015279099375497746, 0, 0.3, 0.0, 1.0
1654013006.3020961, 4.218086169003786, 0.0, -0.001011945083037473, 0, 0.3, 0.0, 1.0
1654013006.321519, 4.218115705981676, 0.0, -0.00037787847557573234, 0, 0.3, 0.0, 1.0
1654013006.3517773, 4.218101509709325, 0.0, 6.602313032566305e-05, 0, 0.3, 0.0, 1.0
1654013006.3760219, 4.218134683540028, 0.0, 0.0006059053879340078, 0, 0.3, 0.0, 1.0
1654013006.4012163, 4.21812457243787, 0.0, 0.0010541095627605223, 0, 0.3, 0.0, 1.0
1654013006.425888, 4.218166986991024, 0.0, 0.0014878894616996783, 0, 0.3, 0.0, 1.0
1654013006.4563456, 4.218165510818845, 0.0, 0.001797500641071188, 0, 0.3, 0.0, 1.0
1654013006.4812257, 4.218204193242432, 0.0, 0.0020101476569678403, 0, 0.3, 0.0, 1.0
1654013006.5085595, 4.218203264992384, 0.0, 0.0022047304311796976, 0, 0.3, 0.0, 1.0
1654013006.5414445, 4.218242095072448, 0.0, 0.0021798070657918374, 0, 0.3, 0.0, 1.0
1654013006.566029, 4.218236953369264, 0.0, 0.0022370766259894098, 0, 0.3, 0.0, 1.0
1654013006.5883002, 4.218262571555026, 0.0, 0.0020465520571319074, 0, 0.3, 0.0, 1.0
1654013006.6120334, 4.218258489481144, 0.0, 0.001991257763539587, 0, 0.3, 0.0, 1.0
1654013006.632816, 4.218277208849142, 0.0, 0.0017316761265911502, 0, 0.3, 0.0, 1.0
1654013006.6420448, 4.218273454989993, 0.0, 0.0015176833445362944, 0, 0.3, 0.0, 1.0
1654013006.651618, 4.218276653058918, 0.0, 0.0013310531994010723, 0, 0.3, 0.0, 1.0
1654013006.6609492, 4.218283386105525, 0.0, 0.0011505214887703873, 0, 0.3, 0.0, 1.0
1654013006.6686223, 4.218291234001856, 0.0, 0.0009488618289386377, 0, 0.3, 0.0, 1.0
1654013006.6785781, 4.218300946692875, 0.0, 0.0007358157616253279, 0, 0.3, 0.0, 1.0
1654013006.6868744, 4.218292946218081, 0.0, 0.0006075627017468939, 0, 0.3, 0.0, 1.0
1654013006.6964161, 4.21828473354271, 0.0, 0.0004805284040676711, 0, 0.3, 0.0, 1.0
1654013006.7044706, 4.218279070931942, 0.0, 0.0003824970050332402, 0, 0.3, 0.0, 1.0
1654013006.7131402, 4.218275230123266, 0.0, 0.0002607131254227393, 0, 0.3, 0.0, 1.0
1654013006.7218854, 4.218274914206526, 0.0, 0.00014669873003354364, 0, 0.3, 0.0, 1.0
1654013006.7341793, 4.218277755667348, 0.0, 3.9155021240348036e-05, 0, 0.3, 0.0, 1.0
1654013006.7607458, 4.218262525794847, 0.0, 1.3443920695103505e-05, 0, 0.3, 0.0, 1.0
1654013006.7897089, 4.218249933863137, 0.0, -5.251227142706233e-05, 0, 0.3, 0.0, 1.0
1654013006.8131728, 4.218216154582716, 0.0, -0.00018052702996443871, 0, 0.3, 0.0, 1.0
1654013006.8437784, 4.2182211524992725, 0.0, -0.0003271479871703151, 0, 0.3, 0.0, 1.0
1654013006.8661675, 4.218203587458872, 0.0, -0.00037788477452414793, 0, 0.3, 0.0, 1.0
1654013006.8905478, 4.218215444815219, 0.0, -0.00042247804366135893, 0, 0.3, 0.0, 1.0
1654013006.9152296, 4.218204428033096, 0.0, -0.000458230646833383, 0, 0.3, 0.0, 1.0
1654013006.9464447, 4.218215936447959, 0.0, -0.0004484196897303599, 0, 0.3, 0.0, 1.0
1654013006.9710073, 4.218205520826718, 0.0, -0.0004860494959648934, 0, 0.3, 0.0, 1.0
1654013006.9971263, 4.218197905375577, 0.0, -0.0005382570450005657, 0, 0.3, 0.0, 1.0
1654013007.0171344, 4.218209474806326, 0.0, -0.0005062538853856387, 0, 0.3, 0.0, 1.0
1654013007.0402322, 4.218229842752538, 0.0, -0.0004254131426917997, 0, 0.3, 0.0, 1.0
1654013007.0661378, 4.218233458250887, 0.0, -0.00041177041118935936, 0, 0.3, 0.0, 1.0
1654013007.0904949, 4.218245462197231, 0.0, -0.0003579502447899815, 0, 0.3, 0.0, 1.0
1654013007.1156776, 4.2182447116274515, 0.0, -0.00036383836967821925, 0, 0.3, 0.0, 1.0
1654013007.1382208, 4.21825678905054, 0.0, -0.0003049209363447892, 0, 0.3, 0.0, 1.0
1654013007.1670814, 4.2182579686580715, 0.0, -0.00030135458469330694, 0, 0.3, 0.0, 1.0
1654013007.1928291, 4.218270627023654, 0.0, -0.0002313205667934691, 0, 0.3, 0.0, 1.0
1654013007.2173207, 4.218271912609198, 0.0, -0.00021478919115499077, 0, 0.3, 0.0, 1.0
1654013007.2444932, 4.218283168633433, 0.0, -0.00014415836621260684, 0, 0.3, 0.0, 1.0
1654013007.2759295, 4.218282868146762, 0.0, -0.00011546426793931167, 0, 0.3, 0.0, 1.0
1654013007.2974727, 4.218290848810781, 0.0, -6.140812300753468e-05, 0, 0.3, 0.0, 1.0
1654013007.332056, 4.218287974379586, 0.0, -3.541127074948288e-05, 0, 0.3, 0.0, 1.0
1654013007.3536017, 4.218281045142589, 0.0, -2.1672864337863992e-05, 0, 0.3, 0.0, 1.0
1654013007.382351, 4.218286044121262, 0.0, 2.1449920471785372e-05, 0, 0.3, 0.0, 1.0
1654013007.4085245, 4.2182816365282125, 0.0, 4.3784474959570744e-05, 0, 0.3, 0.0, 1.0
1654013007.4355886, 4.218284237860451, 0.0, 7.096760796849286e-05, 0, 0.3, 0.0, 1.0
1654013007.46556, 4.2182794852285355, 0.0, 8.208224021893644e-05, 0, 0.3, 0.0, 1.0
1654013007.49416, 4.218284535370394, 0.0, 0.00010337426240180473, 0, 0.3, 0.0, 1.0
1654013007.5188193, 4.218281587779573, 0.0, 0.00011379350822950785, 0, 0.3, 0.0, 1.0
1654013007.5420172, 4.2182849418901105, 0.0, 0.00011700031755233978, 0, 0.3, 0.0, 1.0
1654013007.561019, 4.218281433190864, 0.0, 0.00012398292332495392, 0, 0.3, 0.0, 1.0
1654013007.5811808, 4.2182822201826085, 0.0, 0.00011909079238876203, 0, 0.3, 0.0, 1.0
1654013007.6024249, 4.2182779988013825, 0.0, 0.00011997715269105334, 0, 0.3, 0.0, 1.0
1654013007.621017, 4.218278462007315, 0.0, 0.00011159436463687685, 0, 0.3, 0.0, 1.0
1654013007.6439974, 4.218275198200673, 0.0, 0.00010829667455617202, 0, 0.3, 0.0, 1.0
1654013007.6656396, 4.218275592937366, 0.0, 9.766062306074546e-05, 0, 0.3, 0.0, 1.0
1654013007.6902823, 4.218279733110358, 0.0, 7.902656474550665e-05, 0, 0.3, 0.0, 1.0
1654013007.7057505, 4.218279199226821, 0.0, 6.850276042951188e-05, 0, 0.3, 0.0, 1.0
1654013007.7304323, 4.218280812167679, 0.0, 5.336610441802031e-05, 0, 0.3, 0.0, 1.0
1654013007.7486515, 4.218278539041685, 0.0, 4.909904101998008e-05, 0, 0.3, 0.0, 1.0
1654013007.776005, 4.21828047084552, 0.0, 3.344389116204619e-05, 0, 0.3, 0.0, 1.0
1654013007.8005776, 4.218279106140678, 0.0, 2.75255000019099e-05, 0, 0.3, 0.0, 1.0
1654013007.8265579, 4.218283021914637, 0.0, 9.54305558493993e-06, 0, 0.3, 0.0, 1.0
1654013007.8511186, 4.21828771695466, 0.0, -4.815621978071244e-06, 0, 0.3, 0.0, 1.0
1654013007.8738034, 4.21828851454319, 0.0, -1.4194698553472816e-05, 0, 0.3, 0.0, 1.0
1654013007.8948355, 4.218288312936022, 0.0, -2.4003962946523755e-05, 0, 0.3, 0.0, 1.0
1654013007.920531, 4.21828991443736, 0.0, -2.9744989179402592e-05, 0, 0.3, 0.0, 1.0
1654013007.9421136, 4.21829304043394, 0.0, -3.4858958554394134e-05, 0, 0.3, 0.0, 1.0
1654013007.9637682, 4.218293686419417, 0.0, -3.9173243949445706e-05, 0, 0.3, 0.0, 1.0
1654013007.9905741, 4.2182952582447655, 0.0, -3.961432188067205e-05, 0, 0.3, 0.0, 1.0
1654013008.0127056, 4.218295041802379, 0.0, -4.2106020199476463e-05, 0, 0.3, 0.0, 1.0
1654013008.046047, 4.218295863475027, 0.0, -4.025883199436545e-05, 0, 0.3, 0.0, 1.0
1654013008.0685287, 4.218294709879153, 0.0, -4.1941696311503516e-05, 0, 0.3, 0.0, 1.0
1654013008.0942, 4.21829596818469, 0.0, -3.7684745387292376e-05, 0, 0.3, 0.0, 1.0
1654013008.1143544, 4.218295675025052, 0.0, -3.542166369103271e-05, 0, 0.3, 0.0, 1.0
1654013008.1502337, 4.2182945538683585, 0.0, -3.458262230609616e-05, 0, 0.3, 0.0, 1.0
1654013008.1719565, 4.2182956121522865, 0.0, -2.723398280149831e-05, 0, 0.3, 0.0, 1.0
1654013008.198454, 4.2182969900937115, 0.0, -1.804890364959746e-05, 0, 0.3, 0.0, 1.0
1654013008.2218432, 4.2182964855777, 0.0, -1.3561197947656953e-05, 0, 0.3, 0.0, 1.0
1654013008.251005, 4.218294968742697, 0.0, -1.082666180496835e-05, 0, 0.3, 0.0, 1.0
1654013008.2808444, 4.218295586391572, 0.0, -3.969504469078788e-06, 0, 0.3, 0.0, 1.0
1654013008.301475, 4.218294974455631, 0.0, 7.769998980098177e-07, 0, 0.3, 0.0, 1.0
1654013008.327332, 4.218295175700422, 0.0, 5.073898080864725e-06, 0, 0.3, 0.0, 1.0
1654013008.3553336, 4.2182943844298135, 0.0, 8.087441163750837e-06, 0, 0.3, 0.0, 1.0
1654013008.3862956, 4.218295194670574, 0.0, 1.2258553270180653e-05, 0, 0.3, 0.0, 1.0
1654013008.407287, 4.218294883290562, 0.0, 1.5385678459859483e-05, 0, 0.3, 0.0, 1.0
1654013008.4331927, 4.21829567799659, 0.0, 1.7658289504860165e-05, 0, 0.3, 0.0, 1.0
1654013008.4616218, 4.218295488310226, 0.0, 1.9256133889768365e-05, 0, 0.3, 0.0, 1.0
1654013008.485934, 4.218296426760827, 0.0, 1.9587236292870664e-05, 0, 0.3, 0.0, 1.0
1654013008.5104952, 4.218296483099447, 0.0, 2.008321281092576e-05, 0, 0.3, 0.0, 1.0
1654013008.547959, 4.218297114960479, 0.0, 1.8842153676616036e-05, 0, 0.3, 0.0, 1.0
1654013008.573247, 4.218297000839251, 0.0, 1.8671963845971346e-05, 0, 0.3, 0.0, 1.0
1654013008.5967832, 4.218297300242046, 0.0, 1.705627207598931e-05, 0, 0.3, 0.0, 1.0
1654013008.6212099, 4.218297798095919, 0.0, 1.42019398521628e-05, 0, 0.3, 0.0, 1.0
1654013008.6481948, 4.2182978190977485, 0.0, 1.2585559827858921e-05, 0, 0.3, 0.0, 1.0
1654013008.6757343, 4.21829840450543, 0.0, 8.967575266886648e-06, 0, 0.3, 0.0, 1.0
1654013008.7055323, 4.218298509481975, 0.0, 6.243359100326093e-06, 0, 0.3, 0.0, 1.0
1654013008.7321966, 4.218299006195026, 0.0, 2.390173471092348e-06, 0, 0.3, 0.0, 1.0
1654013008.7605, 4.2182990796245035, 0.0, -5.245683602748612e-07, 0, 0.3, 0.0, 1.0
1654013008.7878654, 4.218299415850397, 0.0, -3.333860010122257e-06, 0, 0.3, 0.0, 1.0
1654013008.8121922, 4.218299407303498, 0.0, -6.534591218662248e-06, 0, 0.3, 0.0, 1.0
1654013008.8407638, 4.218299528151648, 0.0, -8.446788601435452e-06, 0, 0.3, 0.0, 1.0
1654013008.863209, 4.218299399367904, 0.0, -1.0349875962286097e-05, 0, 0.3, 0.0, 1.0
1654013008.8872213, 4.218299479627897, 0.0, -1.1429814721095967e-05, 0, 0.3, 0.0, 1.0
1654013008.912083, 4.218299330751766, 0.0, -1.285033781857435e-05, 0, 0.3, 0.0, 1.0
1654013008.9406981, 4.218299386849417, 0.0, -1.2914160606791037e-05, 0, 0.3, 0.0, 1.0
1654013008.964464, 4.218299233915677, 0.0, -1.3720865635715878e-05, 0, 0.3, 0.0, 1.0
1654013008.990085, 4.218299293755499, 0.0, -1.2754822707795712e-05, 0, 0.3, 0.0, 1.0
1654013009.0152082, 4.21829917516085, 0.0, -1.2620818273889518e-05, 0, 0.3, 0.0, 1.0
1654013009.042338, 4.218299180948538, 0.0, -1.1181568139142825e-05, 0, 0.3, 0.0, 1.0
1654013009.0646005, 4.218299081534869, 0.0, -1.0590997900904942e-05, 0, 0.3, 0.0, 1.0
1654013009.0871377, 4.218299095593378, 0.0, -8.831664367860633e-06, 0, 0.3, 0.0, 1.0
1654013009.1046548, 4.218298988522266, 0.0, -8.054651649624511e-06, 0, 0.3, 0.0, 1.0
1654013009.1214418, 4.218299008783811, 0.0, -6.3279308871923704e-06, 0, 0.3, 0.0, 1.0
1654013009.1501453, 4.218299039885658, 0.0, -4.400642150476638e-06, 0, 0.3, 0.0, 1.0
1654013009.17659, 4.218299036347138, 0.0, -3.016006124713467e-06, 0, 0.3, 0.0, 1.0
1654013009.197997, 4.218299144814695, 0.0, -1.0396442168079458e-06, 0, 0.3, 0.0, 1.0
1654013009.220455, 4.218299194947154, 0.0, 4.39370700326909e-07, 0, 0.3, 0.0, 1.0
1654013009.2405722, 4.2182992416273075, 0.0, 1.523811397100699e-06, 0, 0.3, 0.0, 1.0
1654013009.2628703, 4.218299300904957, 0.0, 2.7039841563476774e-06, 0, 0.3, 0.0, 1.0
1654013009.2958577, 4.218299352903596, 0.0, 3.4196422889828597e-06, 0, 0.3, 0.0, 1.0
1654013009.3210394, 4.218299425823726, 0.0, 4.3525812145754914e-06, 0, 0.3, 0.0, 1.0
1654013009.350226, 4.218299585703423, 0.0, 5.688964869211052e-06, 0, 0.3, 0.0, 1.0
1654013009.374433, 4.218299667302345, 0.0, 5.9713383738478225e-06, 0, 0.3, 0.0, 1.0
1654013009.400365, 4.218299760844415, 0.0, 6.601242917143534e-06, 0, 0.3, 0.0, 1.0
1654013009.42175, 4.218299835418447, 0.0, 6.4402751959165615e-06, 0, 0.3, 0.0, 1.0
1654013009.445393, 4.218299886341794, 0.0, 5.886178273029286e-06, 0, 0.3, 0.0, 1.0
1654013009.4750526, 4.218299932188095, 0.0, 5.751027865427695e-06, 0, 0.3, 0.0, 1.0
1654013009.5014641, 4.218300009400298, 0.0, 5.9594029549267425e-06, 0, 0.3, 0.0, 1.0
1654013009.5239308, 4.21830004257337, 0.0, 5.085942403580697e-06, 0, 0.3, 0.0, 1.0
1654013009.5559695, 4.2183000855412285, 0.0, 4.653134319017085e-06, 0, 0.3, 0.0, 1.0
1654013009.589525, 4.218300084879331, 0.0, 3.5665127071754854e-06, 0, 0.3, 0.0, 1.0
1654013009.6117907, 4.218300106717667, 0.0, 2.982236666943975e-06, 0, 0.3, 0.0, 1.0
1654013009.6426528, 4.21830008701902, 0.0, 1.5849314903423861e-06, 0, 0.3, 0.0, 1.0
1654013009.6655052, 4.218300077574303, 0.0, 8.802182874487906e-07, 0, 0.3, 0.0, 1.0
1654013009.6896574, 4.218300047641178, 0.0, -2.0980899168833237e-07, 0, 0.3, 0.0, 1.0
1654013009.7118576, 4.218300033085774, 0.0, -9.368578920202405e-07, 0, 0.3, 0.0, 1.0
1654013009.7399697, 4.218300003728786, 0.0, -1.7210522987302126e-06, 0, 0.3, 0.0, 1.0
1654013009.7655277, 4.218299989515936, 0.0, -2.325180293588872e-06, 0, 0.3, 0.0, 1.0
1654013009.7886996, 4.218299969684059, 0.0, -2.9190526283077366e-06, 0, 0.3, 0.0, 1.0
1654013009.8158934, 4.218299949711829, 0.0, -3.3022153767524395e-06, 0, 0.3, 0.0, 1.0
1654013009.8453665, 4.218299928513963, 0.0, -3.466580689023241e-06, 0, 0.3, 0.0, 1.0
1654013009.8670754, 4.218299929151367, 0.0, -3.764667329308925e-06, 0, 0.3, 0.0, 1.0
1654013009.8932836, 4.218299920144418, 0.0, -3.6802001493118605e-06, 0, 0.3, 0.0, 1.0
1654013009.9244308, 4.218299921134587, 0.0, -3.7507627147973526e-06, 0, 0.3, 0.0, 1.0
1654013009.9426856, 4.2182999108496375, 0.0, -3.357728325180735e-06, 0, 0.3, 0.0, 1.0
1654013009.9719489, 4.218299931228712, 0.0, -3.115384227541094e-06, 0, 0.3, 0.0, 1.0
1654013009.9977953, 4.218299960856141, 0.0, -3.326641332305181e-06, 0, 0.3, 0.0, 1.0
1654013010.0220163, 4.218299970522386, 0.0, -2.770318393992025e-06, 0, 0.3, 0.0, 1.0
1654013010.0509336, 4.21829995781362, 0.0, -2.084489564091019e-06, 0, 0.3, 0.0, 1.0
1654013010.0739346, 4.218299977304966, 0.0, -1.698706955983581e-06, 0, 0.3, 0.0, 1.0
1654013010.083763, 4.218300014765027, 0.0, -1.239649485521579e-06, 0, 0.3, 0.0, 1.0
1654013010.093449, 4.218300027214494, 0.0, -8.247973269291381e-07, 0, 0.3, 0.0, 1.0
1654013010.103077, 4.218300020734492, 0.0, -6.003847729331611e-07, 0, 0.3, 0.0, 1.0
1654013010.1133437, 4.218300009391109, 0.0, -3.4622416558161126e-07, 0, 0.3, 0.0, 1.0
1654013010.1231134, 4.218299995067874, 0.0, -7.263605366967912e-08, 0, 0.3, 0.0, 1.0
1654013010.1333466, 4.218299997987704, 0.0, 1.2138209732271553e-07, 0, 0.3, 0.0, 1.0
1654013010.1432757, 4.218300000846343, 0.0, 2.944642878199055e-07, 0, 0.3, 0.0, 1.0
1654013010.1532562, 4.218300000613624, 0.0, 4.441399313513362e-07, 0, 0.3, 0.0, 1.0
1654013010.163124, 4.218299996557188, 0.0, 5.70909279138907e-07, 0, 0.3, 0.0, 1.0
1654013010.1760275, 4.218299988501386, 0.0, 6.724298165160799e-07, 0, 0.3, 0.0, 1.0
1654013010.2048934, 4.21830000104897, 0.0, 7.56116009719484e-07, 0, 0.3, 0.0, 1.0
1654013010.228883, 4.218300010904928, 0.0, 8.835597222476049e-07, 0, 0.3, 0.0, 1.0
1654013010.2512202, 4.2183000454002535, 0.0, 1.1128889744645234e-06, 0, 0.3, 0.0, 1.0
1654013010.2776692, 4.218300051104025, 0.0, 1.2112873100272258e-06, 0, 0.3, 0.0, 1.0
1654013010.30625, 4.218300076849563, 0.0, 1.341978749363195e-06, 0, 0.3, 0.0, 1.0
1654013010.3352864, 4.218300061126859, 0.0, 1.273150599156244e-06, 0, 0.3, 0.0, 1.0
1654013010.3605263, 4.218300077590379, 0.0, 1.3322967890785492e-06, 0, 0.3, 0.0, 1.0
1654013010.3917563, 4.218300067000796, 0.0, 1.2180818035658047e-06, 0, 0.3, 0.0, 1.0
1654013010.412127, 4.218300081320096, 0.0, 1.2537380916379547e-06, 0, 0.3, 0.0, 1.0
1654013010.4367726, 4.218300070214373, 0.0, 1.089224714478393e-06, 0, 0.3, 0.0, 1.0
1654013010.4645658, 4.218300077033736, 0.0, 1.0901551202108373e-06, 0, 0.3, 0.0, 1.0
1654013010.4938262, 4.218300060431467, 0.0, 8.780222110367333e-07, 0, 0.3, 0.0, 1.0
1654013010.5116599, 4.218300066826475, 0.0, 8.184358918026053e-07, 0, 0.3, 0.0, 1.0
1654013010.5369284, 4.2183000571567755, 0.0, 6.63657444322425e-07, 0, 0.3, 0.0, 1.0
1654013010.5618107, 4.218300063582529, 0.0, 6.648344634611581e-07, 0, 0.3, 0.0, 1.0
1654013010.5917842, 4.21830004817722, 0.0, 4.5988529537822134e-07, 0, 0.3, 0.0, 1.0
1654013010.6169827, 4.218300050507778, 0.0, 3.714782313358329e-07, 0, 0.3, 0.0, 1.0
1654013010.6380532, 4.218300036667116, 0.0, 2.117160731122644e-07, 0, 0.3, 0.0, 1.0
1654013010.6625347, 4.218300037628465, 0.0, 1.0514387482872884e-07, 0, 0.3, 0.0, 1.0
1654013010.6900148, 4.218300028435111, 0.0, 9.576628411321447e-09, 0, 0.3, 0.0, 1.0
1654013010.7116888, 4.218300032689992, 0.0, -8.667188764129364e-08, 0, 0.3, 0.0, 1.0
1654013010.7397394, 4.218300025674676, 0.0, -1.696665698810964e-07, 0, 0.3, 0.0, 1.0
1654013010.764715, 4.218300031125509, 0.0, -2.3456321588279475e-07, 0, 0.3, 0.0, 1.0
1654013010.7866032, 4.218300022126964, 0.0, -3.0182585960965203e-07, 0, 0.3, 0.0, 1.0
1654013010.8120172, 4.218300025189797, 0.0, -3.6126825031601424e-07, 0, 0.3, 0.0, 1.0
1654013010.8372798, 4.218300020153103, 0.0, -3.7570430137776324e-07, 0, 0.3, 0.0, 1.0
1654013010.8608415, 4.218300025318558, 0.0, -4.247062258923069e-07, 0, 0.3, 0.0, 1.0
1654013010.887338, 4.218300020840615, 0.0, -4.192625371172751e-07, 0, 0.3, 0.0, 1.0
1654013010.9099452, 4.218300026083508, 0.0, -4.6093523270962696e-07, 0, 0.3, 0.0, 1.0
1654013010.9351733, 4.218300023667086, 0.0, -4.348613782506712e-07, 0, 0.3, 0.0, 1.0
1654013010.9520855, 4.218300030243032, 0.0, -4.509525302441982e-07, 0, 0.3, 0.0, 1.0
1654013010.9812357, 4.218300029246137, 0.0, -4.1763865971540067e-07, 0, 0.3, 0.0, 1.0
1654013011.0000927, 4.218300035259315, 0.0, -4.2622847413151446e-07, 0, 0.3, 0.0, 1.0
1654013011.0258763, 4.218300031028063, 0.0, -3.564984389961286e-07, 0, 0.3, 0.0, 1.0
1654013011.0438623, 4.218300033708551, 0.0, -3.340965066007533e-07, 0, 0.3, 0.0, 1.0
1654013011.0691018, 4.218300030045495, 0.0, -2.6409159266912414e-07, 0, 0.3, 0.0, 1.0
1654013011.0924647, 4.21830002074087, 0.0, -1.8023709245910064e-07, 0, 0.3, 0.0, 1.0
1654013011.1199293, 4.218300021389999, 0.0, -1.2291178992747356e-07, 0, 0.3, 0.0, 1.0
1654013011.1505725, 4.218300026294429, 0.0, -9.655352833422867e-08, 0, 0.3, 0.0, 1.0
1654013011.175807, 4.218300021801462, 0.0, -3.3995442074118245e-08, 0, 0.3, 0.0, 1.0
1654013011.2048287, 4.218300014611839, 0.0, 3.830199002121898e-08, 0, 0.3, 0.0, 1.0
1654013011.2317328, 4.218300015823952, 0.0, 6.668571721703481e-08, 0, 0.3, 0.0, 1.0
1654013011.2547607, 4.218300019320832, 0.0, 1.0101646762482429e-07, 0, 0.3, 0.0, 1.0
